"","OBJECTID","arsenic","DensityWel","Curvature","DistBrown","DisHazSite","DistlnaHaS","DisRUST","Slope","TPI","TRI","TWI","DEM","DisALa","DisDam","DisCoalAsh","Zinc","X","Y","Hardness","Alkalinity","Sodium","pH","Calcium","Sulfate","Nitrite","Nitrate","Copper","Fluoride","Iron","Lead","Magnesium","Manganese","Mercury","Chloride","Barium","mica","new_arsenic","newPH","AutoCov"
"1",232,0.148,57067.25781,-748800000,46399.52734,0.0979656,0.0438817,0.0380378,0,-0.1716058,0.4985453,-4.504712,233,0.073299798,0.043736483,0.32739638,0,-81.2433260005573,35.4118633739636,100,117,24.7,7.8,30,14.5,0,1.52,0,0.839,0.76,0,6,0.037,0,10.9,0,0,1,"1",0.495699776867644
"2",27,0.081,14771.98047,-273724549.419492,56753.93359,0.0109093,0.0253615,0.0032707,1.6420193,0.0768176,0.4979196,-3.181488,292,0.206623444,0.026689241,0.424865833,0,-81.3823318105665,35.3866361355536,44,58,15,7.8,17,5.2,0,0,0,2.6,0,0,0,0,0,0,0,0,1,"1",0.0172373514163772
"3",999,0.07,63936.4095552236,-273724549.419492,36855.21094,0.0866903,0.0546934,0.0269961,1.6420193,0.0672155,0.5215476,-2.790289,279,0.079023185,0.048070591,0.317514531,0.11,-81.2546124479814,35.3843653548189,92,74,14,7.1,26,7.9,0,0,0,0.33,6.1,0,7,0.25,0,39,0,1,1,"1",0.374024421260855
"4",798,0.068,63936.4095552236,-273724549.419492,35801.92188,0.08255,0.0597415,0.0242841,0.3284902,0.0685892,0.4997935,-2.568693,285,0.083217445,0.050819069,0.319140304,0,-81.2569675724897,35.381751626632,54,52,5.3,7.3,14,7.6,0,0,0,0.23,0.25,0,2,0,0,0,0,1,1,"1",0.341825277267206
"5",501,0.05,84133.34375,-273724549.419492,40953.35547,0.0740898,0.0647988,0.0353785,2.5639057,0.0795605,0.4867805,-3.523492,251,0.091084578,0.045020368,0.332751579,0,-81.2649074002804,35.3958350322109,80,97,29,7.9,29,6.7,0,0,0,1,2.4,0,2,0.05,0,17,0,1,1,"1",0.410458390756041
"6",677,0.045,63936.4095552236,-1.76e+08,27159.28516,0.065466,0.0548277,0.0147184,2.3674541,-0.0438956,0.5155708,-3.406256,272,0.115989823,0.016038307,0.322629891,0,-81.2862379100519,35.3487527585719,98,98,9.3,7.7,28,8.8,0,0,0,0.49,0,0,7,0.03,0,0,0,0,1,"1",0.17826456078977
"7",20,0.043,11571.95996,-6.4e+07,11175.77539,0.0152099,0.0025858,0,2.5001462,-0.0164614,0.5060848,-3.948673,268,0.145278488,0.013146723,0.290592886,0,-81.2817101273377,35.2846163879188,75,73,4.1,8,19,0,0.00176547231270358,0.568175895765472,0,0,1.15,0,6,0.04,0,16.8,0,0,1,"1",0.000555223209765517
"8",435,0.042,78513.36719,-273724549.419492,41952.36328,0.0885295,0.0243939,0.0185382,3.487623,0.1152257,0.5012174,-4.265181,253,0.052189547,0.023068573,0.306194286,0,-81.2253780589142,35.4000428922738,72,79,8.4,7.8,22,7.7,0,0,0,0,0,0,4,0.02,0,0,0,0,1,"1",0.289978562273932
"9",774,0.037,63936.4095552236,-273724549.419492,41349.84766,0.084424,0.0543501,0.0394698,1.0386748,0.068586,0.5419466,-3.183633,257,0.081777763,0.053843821,0.32690708,0.15,-81.2566191865132,35.3969281735623,51,61,5.5,7.6,14,0,0,0,0.05,0,0,0.007,4,0,0,0,0,1,1,"1",0.366775854988952
"10",103,0.033,35147.28516,-4.8e+07,51592.48047,0.0134856,0.0180633,0.0109093,3.4254887,-0.01509,0.4983819,-3.377891,269,0.154747192,0.009589651,0.389510355,0,-81.3291682078003,35.4061415435254,31,25,3.3,6.8,6,0,0,1.2,0,0,0,0,4,0,0,0,0,0,1,"1",0.0547101006055215
"11",939,0.026,63936.4095552236,-2.4e+08,40864.27344,0.0867596,0.0520501,0.0385962,3.2976756,-0.0658426,0.4925399,-3.471259,256,0.079121911,0.051250113,0.324542834,0,-81.2538065925348,35.3962548364432,84,103,12,7.7,27,0,0,0,0,0,0.29,0,4,0.14,0,0,0,1,1,"1",0.521971447233596
"12",583,0.024,91049.625,-273724549.419492,36177.03906,0.0662276,0.0580039,0.0188246,5.901052,0.1330566,0.5148563,-3.113462,273,0.100849007,0.038143406,0.331391674,0.6,-81.2762172528588,35.3790594315741,88,71,6.7,7.5,26,5.8,0,0,0,0,14,0,6,0.09,0,8.6,0,1,1,"1",0.290112391611283
"13",1247,0.024,63936.4095552236,-273724549.419492,37039.02734,0.0865127,0.042911,0.0323994,2.3674541,0.1001382,0.4926838,-3.13471,261,0.067089128,0.038223277,0.309745221,0.07,-81.2424202543992,35.3866157395814,20,16,1.7,6.6,4,0,0,1.8,0,0,0,0,2,0,0,0,0,0,1,"1",0.28720019027911
"14",1101,0.021,63936.4095552236,-273724549.419492,37585.08984,0.0886427,0.0519344,0.0297305,2.0766673,0.1083691,0.5515014,-3.459262,275,0.077039212,0.047071892,0.317366005,0,-81.2524629218536,35.3866997574579,20,23,3.6,6.9,4,0,0,0,0,0,0,0,2,0,0,0,0,1,1,"1",0.405046577168387
"15",1254,0.02,63936.4095552236,-273724549.419492,34313.55469,0.0607735,0.0498454,0.0155576,1.8575904,0.2482861,0.509285,-3.160169,281,0.109995731,0.03482084,0.333777396,0.26,-81.2840014617458,35.3713625970539,71,66,4.7,7.5,20,13,0,0,0,0.26,0,0,5,0.07,0,0,0,1,1,"1",0.282485565785603
"16",1279,0.019,63936.4095552236,-4.8e+08,47332.62891,0.0684907,0.0718076,0.0462843,1.0386748,-0.1069965,0.4989273,-3.351827,245,0.101615347,0.041419619,0.349451801,0,-81.2735991204706,35.4122270153999,82,74,8.6,8.1,28,16.4,0,0,0,0.252,0,0,3,0,0,5.5,0,1,1,"1",0.50128945337965
"17",825,0.018,63936.4095552236,-273724549.419492,41985.91406,0.0694216,0.0672892,0.0359224,2.0766673,0.0740741,0.5095515,-3.360196,245,0.095949985,0.04042987,0.337703887,0,-81.2710626884918,35.3967111682551,67,68,5.9,7,23,0,0,0,0,0.2,0,0,3,0,0,0,0,1,1,"1",0.459980956294529
"18",891,0.018,63936.4095552236,-2.24e+08,42742.51172,0.0948869,0.0441854,0.0373639,3.3781307,-0.0576136,0.4918663,-4.075663,238,0.071967291,0.043149656,0.322002365,0,-81.2457195672717,35.402316290369,9,23,6.1,6.7,3,0,0,0,0,0,0.11,0,1,0,0,0,0,1,1,"1",0.433673115375926
"19",1183,0.018,63936.4095552236,-1.6e+07,34161.14844,0.0629353,0.0521528,0.0139247,2.3215306,-0.0013725,0.458564,-2.77255,279,0.108070368,0.035494139,0.331622531,0,-81.2830957958439,35.3706991724455,30,29,3.8,6.8,8,0,0,0,0,0,0,0,2,0,0,21,0,1,1,"1",0.228762134992777
"20",1428,0.017,63936.4095552236,-273724549.419492,44233.74219,0.0648504,0.0651795,0.041694,3.487623,0.0438946,0.5060663,-3.639711,257,0.101584931,0.036335923,0.34496584,0.17,-81.2744813607295,35.4031927393779,61,68,7.1,8,20,6.1,0,0,0,0.37,0.12,0,3,0,0,0,0,1,1,"1",0.428564762833412
"21",379,0.013,73762.92969,-1.28e+08,9369.791016,0.0243116,0.023243,0.0152099,2.8235226,-0.0329215,0.5179917,-1.970852,246,0.098276785,0.008780301,0.264014798,0,-81.2407065259448,35.3104115642406,120,110,4.6,8,34,9.9,0,0,0,0,0,0,8,0,0,0,0,0,1,"1",0.166772128240264
"22",1159,0.013,63936.4095552236,-9.6e+07,30888.95508,0.057413,0.0460526,0.0326461,3.8391652,-0.0260624,0.4807039,-3.262283,237,0.022534473,0.013571892,0.238955523,0,-81.1580440084832,35.3699105385439,55,53,4.1,7.4,17,5.8,0,0,0,0.34,0,0,3,0,0,0,0,0,1,"1",0.0738933231182043
"23",404,0.012,75921.60156,-273724549.419492,45178.58203,0.0998784,0.0406712,0.0347878,1.7684314,0.1673524,0.5347401,-3.293945,256,0.069853409,0.040408539,0.323182251,0,-81.2400595916363,35.4069270441861,25,29,3.3,7.1,5,0,0,0,0,0,0,0,3,0,0,0,0.1,1,1,"1",0.39005159302962
"24",938,0.012,63936.4095552236,-1.12e+08,40829.80469,0.0867596,0.0520501,0.0385962,2.6465178,-0.0260626,0.4963582,-3.579767,256,0.078790858,0.050888662,0.324379064,0,-81.2534642621577,35.3963128254506,14,91,13,7,2,16,0,0,0,0.6,0.72,0,3,0.14,0,7.2,0,1,1,"1",0.505016811096871
"25",736,0.012,63936.4095552236,-1.76e+08,39612.82031,0.085369,0.029117,0.0204912,4.6927934,-0.0438961,0.4730433,-4.086653,249,0.05546594,0.027923176,0.305167267,0,-81.2316363733263,35.392534767354,27,40,6.5,7.4,8,0,0,0,0,0,0,0,2,0,0,0,0,0,1,"1",0.291451191486273
"26",1052,0.012,63936.4095552236,-273724549.419492,27952.77344,0.0717051,0.0689965,0.0016354,1.6420193,0.1783263,0.4852369,-3.127074,287,0.095258801,0.025519588,0.311402111,0,-81.2672632942396,35.3576258582565,51,49,4.6,7,13,9.6,0,0,0,0,2.6,0,4,0.05,0,0,0,0,1,"1",0.177746282321693
"27",956,0.011,63936.4095552236,-1.12e+08,45766.89063,0.0734372,0.0667305,0.047763,2.0766673,-0.0301785,0.4766997,-3.259851,249,0.09434976,0.046312194,0.34216577,0,-81.2668640979495,35.408382224413,130,122,9.9,7.9,40,15,0,3.3,0,0.24,0,0,8,0,0,7.5,0,1,1,"1",0.489489755849621
"28",438,0.011,78714.77344,-273724549.419492,36841.72656,0.0732275,0.03695,0.0406054,3.4254887,0.0013725,0.4951873,-3.61966,237,0.016879437,0.011243867,0.251241504,0,-81.1568969976759,35.3863620799053,80,64,4.7,8.1,23,10.8,0,1.75,0,0.296,0.11,0,5,0,0,0,0,0,1,"1",0.0587965584286813
"29",1268,0.011,63936.4095552236,-1.44e+08,20243.79102,0.0458197,0.0485819,0.020847,1.6745193,-0.0356645,0.496149,-3.236952,270,0.111616673,0.005704365,0.304051123,0,-81.2743458174418,35.3322490345282,88,89,5.7,7.6,29,8.6,0,0,0,0,0.49,0,4,0.38,0,0,0,0,1,"1",0.128611256151716
"30",990,0.01,63936.4095552236,-273724549.419492,41762.41016,0.0671101,0.0651076,0.0358479,6.0082245,0.0150887,0.5112829,-4.0427,247,0.097776148,0.038418256,0.338563693,0,-81.2727877163566,35.3957489138009,37,42,4.4,7.1,11,0,0,0,0,0,0.13,0,2,0.03,0,0,0,1,1,"1",0.448473935516366
"31",377,0.01,73643.65625,-273724549.419492,8963.195313,0.023243,0.0220017,0.0143037,3.487623,0.205761,0.5210113,-2.61458,245,0.099625119,0.008489957,0.26415684,0.12,-81.2413528581759,35.3092862194,138,118,5,7.7,41,12,0,0,0,0.383,2.26,0.009,9,0.01,0,0,0,0,1,"1",0.169034182042471
"32",1191,0.01,63936.4095552236,-273724549.419492,26938.82227,0.0180633,0.0088068,0.0088068,0.7344942,0.057614,0.5539745,-3.011195,256,0.067232897,0.006149424,0.169588035,0,-81.092851172256,35.3305923355725,90,99,9.2,8,29,5.8,0.24,0,0,0.315,0,0,4,0.01,0,0,0,0,1,"1",0.0231517122950075
"33",735,0.009,63936.4095552236,-1.44e+08,43565.87109,0.0938454,0.0456296,0.0393341,5.5763736,-0.037038,0.4886616,-4.438076,242,0.073398598,0.044375695,0.324083857,0,-81.2456556135206,35.4044871157863,30,39,14,6.7,10,0,0,0,0,0.23,0,0,1,0,0,7.1,0,1,1,"1",0.449392971056226
"34",280,0.009,62936.50391,-273724549.419492,9977.671875,0.0263696,0.0264203,0.0171909,4.5657005,0.1001374,0.5112509,-2.752235,247,0.09243016,0.004008507,0.257661708,0,-81.2322705549249,35.3114326441627,250,46,13,7.8,97,220,0,1.8,0,0,0,0,0,0,0,0,0,0,1,"1",0.0646028101897355
"35",897,0.009,63936.4095552236,-273724549.419492,33925.16016,0.0579232,0.0268221,0.0189661,5.5763736,0.0781883,0.4992459,-4.038624,237,0.04403758,0.02478903,0.22455618,0.44,-81.1344950396847,35.3689829744561,73,88,6.5,7.3,24,8.9,0,0,0,0.76,0.74,0.116,3,0.12,0,0,0,0,1,"1",0.0395891218299325
"36",680,0.009,63936.4095552236,-273724549.419492,27774.42578,0.0662276,0.0490748,0.0129288,2.0766673,0.058986,0.4946956,-2.668631,273,0.124198774,0.008960985,0.328000134,0,-81.2954141709616,35.3459527516144,27,27,2.7,7.5,7,0,0.00176547231270358,0.568175895765472,0,0,0,0,3,0,0,0,0,0,1,"1",0.219305586094633
"37",32,0.008,16284.87109,-3.2e+07,9835.543945,0.0011564,0.0305294,0.0025858,0.9853842,-0.0082303,0.476246,-3.578273,239,0.070202624,0.014298466,0.211795128,0,-81.1760211693765,35.3137752014274,23,34,11,6.6,7,0,0,0,0,0.3,0,0,1,0,0,0,0,0,1,"1",0.0512533048243331
"38",1258,0.008,63936.4095552236,-2.24e+08,30391.58594,0.0610588,0.039385,0.0259865,2.6465178,-0.0576127,0.5189908,-3.247701,259,0.054134233,0.017282007,0.285460431,0,-81.2276536440379,35.3677427158227,58,56,3.5,8,17,0,0,0,0,0,0,0,4,0,0,0,0,0,1,"1",0.377608020214999
"39",1266,0.008,63936.4095552236,-6.4e+07,30391.58594,0.0617665,0.0401417,0.0253878,0.7344942,-0.0178309,0.5305863,-3.094067,262,0.054849028,0.018148334,0.286330112,0.53,-81.2278469426435,35.3675792830171,27,32,4.2,7.3,7,0,0,2.1,0,0,0,0,2,0,0,0,0,0,1,"1",0.379946542531175
"40",719,0.008,63936.4095552236,-273724549.419492,33204.62891,0.0810542,0.065924,0.0154281,1.8575904,0.0658441,0.5087102,-3.420971,280,0.087948585,0.041818099,0.31724808,0,-81.2633214868854,35.3729906847014,149,121,13.5,7.3,33,21.7,0.00176547231270358,0.568175895765472,0.09,0,0,0.003,16,0,0,10.2,0,0,1,"1",0.291185779057357
"41",35,0.008,17854.50586,-273724549.419492,19133.22266,0.007034,0.0249629,0.0106613,3.2318566,0.1508917,0.5061903,-2.916056,285,0.163217495,0.01139148,0.317201509,0,-81.3090883774317,35.2892005077065,26,46,5.2,6.9,8,6.5,0,0,0,0.451,3.7,0,1,0.02,0,0,0,0,1,"1",0.074016983815797
"42",606,0.007,93568.1875,-273724549.419492,34257.99219,0.0760141,0.0670802,0.0161066,3.6234941,0.3017846,0.5237774,-3.31588,284,0.092574651,0.043717206,0.322529763,0,-81.2673027312753,35.3747550408752,48,19,2.9,6.5,13,0,0,0,0.27,0,0,0,2,0,0,0,0,1,1,"1",0.259756705671451
"43",842,0.007,63936.4095552236,-273724549.419492,37692.91016,0.0490067,0.039385,0.0173843,7.0403242,0.1591207,0.4853877,-4.355624,266,0.11947372,0.024190959,0.345249974,0.08,-81.2961906226969,35.3775856907242,55,84,15,8,18,6,0,0,0,1.2,0,0,3,0.06,0,0,0,1,1,"1",0.215105428365544
"44",948,0.007,63936.4095552236,-273724549.419492,32623.34961,0.0513518,0.0327075,0.0036568,3.0959876,0.1632374,0.4814287,-2.936178,304,0.139820772,0.007580437,0.345912352,0,-81.3114455039126,35.3506492173577,36,52,9.1,7.5,9,6.3,0,0,0,0.2,0,0,3,0.19,0,0,0,1,1,"1",0.153404532430274
"45",1122,0.007,63936.4095552236,-1.76e+08,38512.39453,0.0455709,0.0016354,0.0047679,0.3284902,-0.048009,0.4966563,-3.678836,296,0.174657835,0.031704392,0.37278787,1.4,-81.3458492192385,35.3434462067966,57,44,4.8,7.4,14,5.6,0,0,0.13,0,6.7,0,5,0.22,0,0,0,1,1,"1",0.0686535905320614
"46",1211,0.007,63936.4095552236,-3.36e+08,38292.41016,0.0904792,0.0458197,0.0337141,1.8575904,-0.0836756,0.4940123,-3.482449,261,0.071494399,0.043449509,0.314974439,0,-81.2472186141944,35.3893972010453,55,54,3.1,7.3,15,6.7,0,0,0,0.205,0,0,4,0,0,0,0,1,1,"1",0.52862537474161
"47",104,0.007,35282.49609,-5.12e+08,4190.297852,0.013083,0.0129288,0.0131848,2.8235226,-0.130315,0.4955755,-4.445105,201,0.207765052,0.026974212,0.206264389,0,-81.2157265474634,35.178976301572,200,57,15,7.7,78,160,0,0,0,0,0.1,0,0,0,0,0,0,0,1,"1",0.0455806138473542
"48",409,0.007,76141.90625,-8.8e+08,41124.89844,0.0834602,0.0074045,0.0058964,3.2318566,-0.223594,0.478965,-3.797139,224,0.026183549,0.00655553,0.287533987,0,-81.1944140455911,35.4011331173243,123,53,11.3,7.8,48,90.49,0,0,0,2.74,0,0,1,0,0,0,0,0,1,"1",0.138666932453817
"49",300,0.006,66148.27344,-273724549.419492,38594.03125,0.0651281,0.0279931,0.0296179,3.0257473,0.0730535,0.505767,-3.22279,300,0.201842681,0.022257035,0.380263679,0,-81.3664805922487,35.3161049056946,46,62,9.2,7.6,12,0,0,0,0,0,0,0,4,0,0,0,0,1,1,"1",0.0679884880478967
"50",310,0.006,67442.70313,-273724549.419492,46852.49219,0.0775726,0.0642288,0.0528532,0.3284902,0.040895,0.4990921,-3.011448,251,0.092718906,0.050026944,0.342479772,0,-81.2642212455303,35.4122008884022,160,140,13,6.9,40,24,0,3.5,0,0,0,0,14,0,0,15,0,1,1,"1",0.503418263697197
"51",1143,0.006,63936.4095552236,-273724549.419492,38363.71875,0.0895209,0.0503791,0.0322546,2.6465178,0.056242,0.5092984,-2.890058,274,0.076131969,0.047229953,0.318147636,0.05,-81.2518722140615,35.3893221523522,32,39,4.2,6.9,7,0,0,0,0,0,0.12,0,4,0,0,0,0,1,1,"1",0.407822335243091
"52",1292,0.006,63936.4095552236,-4.64e+08,33348.98828,0.0610588,0.0490612,0.0131848,5.4896989,-0.1152257,0.5019235,-4.221466,274,0.111448291,0.031167037,0.332291526,0,-81.2863527023532,35.3675975523757,25,26,2.6,6.8,6,0,0,0,0,0,0,0,2,0,0,0,0,1,1,"1",0.23607525114994
"53",1351,0.006,63936.4095552236,-273724549.419492,47897.94141,0.0650973,0.0684615,0.042911,2.3900836,0.0054881,0.4932292,-3.208025,256,0.104893282,0.038416268,0.352080415,0,-81.2767860017788,35.4120707685115,61,64,6.1,7.2,17,5.1,0,0,0,0,0.14,0,5,0.06,0,0,0,1,1,"1",0.47638506938682
"54",1120,0.006,63936.4095552236,-273724549.419492,32039.2793,0.0632638,0.0363112,0.0279453,1.3934064,0.1069956,0.4832729,-3.307984,230,0.034712187,0.021851517,0.230063536,0,-81.1444442717806,35.3704521601335,110,103,6.9,8.3,35,8.6,0,0,0,0.65,0,0,4,0.04,0,0,0,0,1,"1",0.0487543550903287
"55",1073,0.006,63936.4095552236,-4e+08,27290.09961,0.0694216,0.0684615,0.0025858,8.6071491,-0.1028808,0.4943644,-3.4671,282,0.097264047,0.023625991,0.311653278,0,-81.2684959189672,35.3556875449058,56,71,9,7.9,19,0,0,0,0,0.38,0,0,2,0,0,0,0,0,1,"1",0.20590565739638
"56",1303,0.006,63936.4095552236,-273724549.419492,28341.18945,0.0729989,0.0668106,0.0025858,0.6569588,0.0397814,0.4925465,-2.314337,287,0.089274028,0.028471464,0.307950692,0,-81.2615928578208,35.3600145886823,56,67,10,7.7,15,0,0,0,0,0,0.18,0,4,0,0,8.4,0,0,1,"1",0.151581101377841
"57",317,0.006,68255.60156,-273724549.419492,14747.70117,0.0254405,0.03844,0.0067428,4.3985453,0.1550076,0.5341607,-2.624839,234,0.073057121,0.004163351,0.193792328,0.26,-81.1511158740312,35.3151896311213,43,52,6.9,7.2,13,6.1,0,0,0,0,56,0,3,0.22,0,0,0,0,1,"1",0.0325291272273785
"58",1163,0.006,63936.4095552236,-273724549.419492,41124.89844,0.0377555,0.0077573,0.0127727,1.7684314,0.1481481,0.5027747,-3.23645,303,0.175694947,0.025826304,0.379175902,0,-81.3484480821243,35.3528657331326,21,33,8.1,6.9,3,9.2,0,0,0,0.23,15,0,0,0.37,0,0,0,0,1,"1",0.0356248037367389
"59",1097,0.005,63936.4095552236,-273724549.419492,32888.83984,0.0526631,0.020943,0.0025858,1.6745193,0.0877912,0.4884261,-3.133425,304,0.15388371,0.010024504,0.352647299,0,-81.3243865371309,35.3427251522241,88,81,7.3,7.6,22,12.6,0,1.46,0,0,0,0,8,0,0,5.46,0,1,1,"1",0.117258843284863
"60",1483,0.004,63936.4095552236,-9.6e+07,46404.87891,0.0572381,0.0603096,0.0349985,0.7344942,-0.0205753,0.5267943,-3.001484,273,0.110197267,0.030180054,0.353951062,0.17,-81.2834973740508,35.4069697733205,74,75,7,7.8,24,7.1,0,0,0.01,0.144,0.16,0,3,0.122,0,6.2,0,1,1,"1",0.368558758299988
"61",1634,0.004,63936.4095552236,-273724549.419492,33167.19141,0.0485819,0.026622,0.0277532,3.5486591,0.0384081,0.5133927,-3.580432,285,0.186103322,0.011465154,0.36173553,0,-81.3472996579059,35.3115347258954,44,53,7.5,7.4,12,8,0,0,0,0.13,0,0,4,0.04,0,0,0,1,1,"1",0.0446649586939739
"62",249,0.004,59026.32422,-2.08e+08,7002.253418,0.0196245,0.0205888,0.0135351,6.5169425,-0.0562411,0.499144,-3.710382,231,0.097912753,0.012087161,0.246469019,0,-81.2261538267352,35.2998816860834,705,43,19.2,6.8,275,191,0,0,0,0.462,0.35,0,4,0.02,0,0,0,0,1,"1",0.0438743237557527
"63",500,0.004,84045.875,-273724549.419492,27290.09961,0.0468585,0.0462554,0.0219408,11.0351162,0.064472,0.4919845,-4.327227,219,0.026599962,0.012603088,0.234838016,0.55,-81.1624733546699,35.3605752701394,90,79,7.3,7.5,26,10.5,0,1.91,0.01,0.379,0.22,0,6,0.01,0,6.1,0,0,1,"1",0.293359306803807
"64",537,0.004,87074.61719,-273724549.419492,40882.51172,0.084511,0.0129288,0.007034,4.6927934,0.1646084,0.5395643,-1.961105,241,0.041659327,0.012202174,0.298089966,0.28,-81.2144367443601,35.3993689807914,151,99,15.8,7.9,53,55.8,0,0,0.01,1.45,0.21,0,5,0.01,0,12.3,0,0,1,"1",0.219276003412046
"65",646,0.004,98348.52344,-273724549.419492,28165.30078,0.0646438,0.0469583,0.0139247,5.0121641,0.0315491,0.4873555,-2.873199,269,0.128236719,0.006793104,0.33088665,0,-81.2982635335461,35.3463512538752,59,54,4.9,7.1,13,5,0.00176547231270358,0.568175895765472,0,0,0,0,6,0,0,0,0,0,1,"1",0.211543383316822
"66",783,0.004,63936.4095552236,-273724549.419492,33326.62891,0.0852907,0.061201,0.0162306,7.3415356,0.1399178,0.4562613,-3.323996,289,0.08328092,0.04350619,0.31409263,0,-81.2584533120664,35.3744099230355,75,71,5.8,8.1,22,7.2,0,0,0,0.404,0,0,5,0.02,0,0,0,0,1,"1",0.286984325468665
"67",301,0.003,66262.77344,-59815384,34633.08984,0.077719,0.020847,0.0370224,3.1132982,-0.010629,0.4426576,-3.369026,221,0.090268723,0.036453941,0.088818382,0,-81.0935877666766,35.1535103797139,66,83,15,7.8,22,6.4,0,0,0,0.15,0,0,3,0.01,0,0,0,0,1,"1",0.0131701846378001
"68",876,0.003,63936.4095552236,-273724549.419492,11809.94922,0.0371666,0.0305294,0.013083,5.8558011,0.1467766,0.5025671,-3.210584,218,0.036335307,0.027667253,0.035434496,0,-81.0321963816474,35.2103822422471,71,78,7.5,7.8,23,0,0.00176547231270358,0.568175895765472,0,0,0,0,3,0,0,5,0,0,1,"1",0.0138785995532794
"69",503,0.003,84232.46094,-4.8e+07,38741.82422,0.0600986,0.0205888,0.0222134,1.7684314,-0.0109762,0.4924776,-3.832326,294,0.195536718,0.024304392,0.378222807,0.08,-81.3611951015494,35.3220482042572,18,35,7.1,6.7,3,5,0,0,0,0,0.51,0,5,0,0,0,0,1,1,"1",0.0108496611868069
"70",1213,0.003,63936.4095552236,-273724549.419492,31349.39453,0.0486369,0.0213227,0.0186461,2.1024425,0.004115,0.5067087,-3.949212,294,0.166910919,0.014764868,0.352392657,0,-81.3297601657119,35.32541015623,10,22,6.8,5.9,2,0,0,0,0,0.15,0.29,0,1,0.01,0,0,0,1,1,"0",0.0153785792462222
"71",569,0.003,89988.29688,-273724549.419492,40481.44141,0.0837481,0.0139247,0.0080947,1.3934064,0.2016455,0.5217489,-2.175042,244,0.042031916,0.012787934,0.297856672,0,-81.2152725884473,35.3979501412891,104,85,8,7.9,36,16,0,0,0,0.34,0,0,3,0.02,0,10.5,0,0,1,"1",0.255499141357612
"72",226,0.003,55933.875,-2.4e+08,7337.255859,0.0196925,0.0173458,0.0129288,1.9973403,-0.0617286,0.5302777,-3.731202,256,0.113266485,0.00825078,0.270733661,0,-81.2538202835454,35.3019524890895,58,58,4.9,7.2,16,8.1,0.00176547231270358,0.568175895765472,0,0.2,0,0,4,0,0,0,0,0,1,"1",0.0714621847832083
"73",315,0.002,68107.52344,-3.68e+08,46006.94922,0.0943782,0.0468585,0.0409824,5.901052,-0.0932783,0.5057989,-4.009068,239,0.075771948,0.046301456,0.328734787,0,-81.2467037112576,35.4104996126031,35,28,1.6,6.6,10,5.6,0.00176547231270358,0.568175895765472,0,0,1.12,0,2,0,0,0,0,1,1,"1",0.496914387740323
"74",1383,0.002,63936.4095552236,-273724549.419492,21917.49805,0.0333552,0.016065,0.0047679,1.9973403,0.0754451,0.4618857,-2.918287,259,0.05002415,0.006692155,0.257759713,0,-81.2087582996085,35.3464107682845,88,63,5.6,7.1,32,6.9,0,4.19,0,0.47,0,0,2,0.01,0,12.5,0,0,1,"1",0.0178636318869124
"75",62,0.002,24500.50195,-273724549.419492,19847.13867,0.0289096,0.0155145,0.007034,3.9493225,0.0823044,0.4960464,-4.105964,267,0.190428893,0.017480879,0.312094339,0.05,-81.3136866760421,35.2527152628832,101,107,21.5,7.9,32,27,0.00176547231270358,0.568175895765472,0,0.15,0,0,5,0,0,0,0,0,1,"1",0.0319835617028335
"76",1216,0.002,63936.4095552236,-273724549.419492,37870.47656,0.0897595,0.0446819,0.0341672,4.9153128,0.0946491,0.528639,-3.061186,258,0.069802708,0.041592093,0.313156712,0,-81.2455975877338,35.3885006822255,51,51,5.2,7.8,15,8.3,0,0,0,0.197,0.28,0,3,0.04,0,0,0,0,1,"1",0.554174932278054
"77",715,0.002,63936.4095552236,-273724549.419492,41952.36328,0.0303537,0.0238395,0.0193845,2.3215306,0.0041146,0.4916786,-2.776679,273,0.136387985,0.011757497,0.362938268,0.23,-81.312109458373,35.3832787725436,43,43,3.9,7.4,12,0,0,0,0,0,0.27,0,3,0.005,0,0,0,0,1,"1",0.148878755112516
"78",187,0.002,49855.66016,-5.28e+08,27570.9043,0.0498856,0.0254667,0.0259865,4.5539675,-0.1330581,0.4945374,-3.908011,223,0.104750449,0.015621202,0.103248168,0,-81.1119967146131,35.1744917346311,82,83,10.4,7.6,25,7.4,0,0,0.02,0,0.08,0,5,0.02,0,7.3,0,0,1,"1",0.0255365435728981
"79",1469,0.002,63936.4095552236,-3.2e+07,21354.7793,0.0176135,0.0218186,0.0131848,2.2025177,-0.0096031,0.4933734,-2.790523,239,0.06062206,0.012877312,0.14239786,0,-81.0828165445574,35.3051968448621,249,90,9.6,7.1,90,176,0,0,0,0.353,0,0,6,0.06,0,0,0,0,1,"1",0.031102120717775
"80",333,0.002,69464.02344,-1.6e+08,20349.88672,0.0376669,0.035113,0.0135351,6.9267149,-0.0397806,0.5136659,-4.314065,244,0.135980493,0.020705837,0.314323592,0.43,-81.2939122047789,35.3167290355523,49,62,8.7,7,18,0,0,0,0.01,0.944,0,0,1,0,0,0,0,0,1,"1",0.136553897613033
"81",516,0.002,85460.61719,-273724549.419492,14792.56152,0.0308562,0.0090316,0.010343,2.8044105,0.0630994,0.5721864,-1.963795,235,0.146229528,0.025691136,0.144728983,0,-81.1542082559494,35.1803882790563,422,91,13.6,7.6,162,321.4,0,0,0,0.402,0.14,0,4,0.19,0,0,0,0,1,"1",0.0895211123236661
"82",277,0.001,62680.83984,-6.08e+08,29079.69531,0.068783,0.0767494,0.0346915,6.89609,-0.1563792,0.4826894,-4.216091,212,0.089065377,0.023289138,0.184405765,0,-80.9418677182185,35.3548757802054,58,70,6.6,6.7,17,0,0.00176547231270358,0.568175895765472,0,0,10.58,0,4,3.9,0,0,1.16,0,1,"1",0.000348955958582678
"83",303,0.001,66480.49219,-2.08e+08,27917.19531,0.0641455,0.0734463,0.0300882,2.7068136,-0.056242,0.4900294,-4.079049,213,0.084657724,0.02088779,0.18161834,0,-80.9459399619471,35.3536862729381,58,70,6.6,6.7,17,0,0.00176547231270358,0.568175895765472,0,0,10.58,0,4,3.9,0,0,1.16,0,1,"1",0.026868964328163
"84",338,0.001,70202.55469,-273724549.419492,27061.52344,0.0791511,0.0144895,0.0157285,0,0.1234562,0.5118396,-2.285535,212,0.013914413,0.006819564,0.013341926,0,-81.0131590101084,35.1703862541564,0,99,53.9,7.1,0,0,0,1.19,0,0,0,0,0,0,0,0,0,0,1,"1",0.0174573205805676
"85",443,0.001,78988.28125,-273724549.419492,8469.074219,0.0104075,0.0034692,0.0034692,1.6745193,0.0068582,0.5027207,-2.951,211,0.077027713,0.006428181,0.08745293,0,-81.0580350546033,35.2560199632494,112,108,8.8,7.2,31,0,0,2.21,0,0,0,0,8,0.01,0,7.4,0,0,1,"1",0.0078749545024731
"86",874,0.001,63936.4095552236,-273724549.419492,13909.56055,0.0424253,0.0193845,0.0090316,4.7718778,0.0246906,0.5127459,-2.419078,205,0.025729622,0.020119022,0.025343073,0,-81.0166066859203,35.2071331112258,181,154,10.3,7.8,59,6.1,0.00176547231270358,0.568175895765472,0,0,0,0,8,0,0,16.8,0,0,1,"1",0.0148198624478013
"87",914,0.001,63936.4095552236,-273724549.419492,29495.40234,0.0328706,0.0373281,0.0359038,2.5001462,0.2139913,0.5061811,-3.318042,233,0.055512256,0.009758724,0.193144913,0,-81.0600090822198,35.3693259206767,175,181,15.1,7.8,49,12,0,0,0,0.345,0.06,0,13,0.01,0,11.5,0.22,0,1,"1",0.00493818215403868
"88",917,0.001,63936.4095552236,-273724549.419492,10652.14941,0.0129288,0.015033,0.0051715,1.6745193,0.0384086,0.5144447,-2.663018,221,0.032805415,0.018040546,0.124054767,0.32,-81.0474980351164,35.3009904149572,137,60,29.3,7.8,50,128.6,0,0,0.02,0.632,0.1,0,3,0.016,0,0,0,0,1,"1",0.0256166222919045
"89",1417,0.001,63936.4095552236,-273724549.419492,22443.99609,0.0670802,0.0084186,0.0062273,4.374136,0.1700961,0.5218391,-3.061268,200,0.020206883,0.012830678,0.018707202,0.05,-81.028049230393,35.1804774339352,102,103,8.7,7.9,30,6.3,0,2.5,0,0,0,0,6,0,0,5.4,0,0,1,"1",0.00908666918799167
"90",1459,0.001,63936.4095552236,-273724549.419492,21951.48242,0.0673488,0.0277532,0.014068,4.9261703,0.0877921,0.4945466,-3.275058,200,0.03918579,0.002823466,0.037686223,0,-81.0471875952816,35.18272551071,183,173,13.4,7.9,57,6.4,0,0,0,0.15,0.1,0,10,0.02,0,23.2,0,0,1,"1",0.0187215973067243
"91",1501,0.001,63936.4095552236,-1.76e+08,21951.48242,0.065924,0.026622,0.0127727,8.8940029,-0.041152,0.506754,-3.758179,200,0.038551172,0.002979685,0.03705304,0,-81.046550194311,35.1832578113909,170,184,12.4,7.9,53,8.2,0,0,0,0,0,0,9,0.007,0,13.2,0,0,1,"1",0.0213899044914106
"92",1209,0.001,63936.4095552236,-273724549.419492,38277.26563,0.0904792,0.0458197,0.0337141,1.3934064,0.0233196,0.5180828,-3.078446,261,0.070646534,0.042520196,0.3140651,0.05,-81.2464201319375,35.388944069063,45,45,4.4,7,9,0,0,0,0,0,0,0,6,0,0,0,0,1,1,"1",0.616796550196269
"93",1210,0.001,63936.4095552236,-3.68e+08,38277.26563,0.0904792,0.0458197,0.0337141,1.0386748,-0.0932781,0.4976436,-3.244561,260,0.071069788,0.042984708,0.314519724,0,-81.2467996575151,35.389161332638,61,57,1.1,7.6,14,7.4,0,0,0,0.334,0.68,0,5,0.02,0,0,0,1,1,"1",0.603431622350131
"94",1214,0.001,63936.4095552236,-273724549.419492,31609.86523,0.0556268,0.0388724,0.0065415,1.3934064,0.1042518,0.501772,-2.475547,312,0.128674393,0.012270189,0.338699404,0,-81.3008075627457,35.3547836135595,66,75,8.5,7.8,22,0,0,0,0,0,0,0,3,0.023,0,0,0,1,1,"1",0.162058992200011
"95",1217,0.001,63936.4095552236,-273724549.419492,38277.26563,0.0897595,0.0446819,0.0341672,1.0386748,0.0932781,0.5416735,-2.848401,262,0.070223882,0.042056204,0.313611142,0,-81.2459873194577,35.3887072995957,55,64,5.1,8.2,17,5.3,0,0,0,0.59,0,0,3,0.01,0,0,0,1,1,"1",0.605902443099604
"96",1265,0.001,63936.4095552236,-273724549.419492,31852.60938,0.0600986,0.0465579,0.0077573,2.3215306,0.1015097,0.5255957,-3.423154,297,0.115427481,0.025294748,0.332259717,0,-81.2878412815521,35.3614117290948,0,61,35.8,7.6,0,10.3,0.00176547231270358,0.568175895765472,0,0.142,0.19,0,0,0,0,0,0,1,1,"1",0.140911037697163
"97",383,0.001,74189.42188,-273724549.419492,7471.484863,0.0181003,0.016065,0.0163537,3.6676545,0.0329221,0.524744,-3.596076,210,0.196036563,0.008726859,0.216492398,0.07,-81.225537538972,35.1941143611255,48,48,8.5,6.7,14,0,0,3.51,0,0.33,0,0,3,0,0,0,0,0,1,"1",0.0389033596662635
"98",415,0.001,76509.46094,-273724549.419492,43189.72656,0.0891616,0.0192461,0.0176135,2.8235226,0.0850491,0.4974954,-3.781717,257,0.022776411,0.00597045,0.285221144,0,-81.1850365739356,35.4077050941173,76,68,12.9,7.2,24,8.1,0,2.64,0,1.39,0,0,4,0.012,0,13.4,0,0,1,"1",0.124668862278595
"99",578,0.001,90568.60938,-273724549.419492,27290.09961,0.0479725,0.0469583,0.0230408,7.1962452,0.2414268,0.5100753,-4.006427,227,0.025998955,0.012105847,0.235355042,0.2,-81.162429127706,35.3612427668289,82,84,6.1,7.1,26,0,0,0,0.02,0.198,0,0.006,3,0.05,0,0,0,0,1,"1",0.42507385464519
"100",579,0.001,90568.60938,-273724549.419492,27290.09961,0.0479725,0.0469583,0.0230408,7.8948574,0.2030178,0.5023339,-4.094891,223,0.026193353,0.012261247,0.235190337,1.28,-81.1624523354312,35.3610095058635,49,53,5.6,7,14,7.3,0,2.14,0.01,0.196,0,0,4,0.06,0,5.4,0,0,1,"1",0.383132856114988
"101",818,0.001,63936.4095552236,-273724549.419492,10745.04785,0.027218,0.0205888,0.013083,1.4687471,0.1728399,0.5047929,-2.760134,238,0.196858033,0.00803133,0.22679845,0.06,-81.2350860298831,35.1965993533959,94,108,10.3,7.2,30,0,0,2.5,0,0.168,0.08,0,5,0.01,0,0,0,0,1,"1",0.0338910783947438
"102",1412,0.001,63936.4095552236,-273724549.419492,6435.199219,0.020847,0.020847,0.0192461,3.9898379,0.0466393,0.4847506,-3.630557,243,0.178261986,0.010649292,0.176773461,0,-81.1858479738783,35.1951397208221,81,72,10.5,7.1,24,26.2,0,0,0,0.572,0,0,5,0,0,0,0,0,1,"1",0.0335081307924811
"103",468,0.001,81210.07031,-6.08e+08,34728.61719,0.0672892,0.018284,0.0058964,2.3674541,-0.1508921,0.4896609,-4.115427,239,0.035873181,0.015537032,0.283995893,0.05,-81.2112974493035,35.3825774236498,72,72,5.5,7.5,19,0,0,0,0,0,0,0,5,0,0,0,0,0,1,"1",0.0856197694593008
"104",1353,0.001,63936.4095552236,-273724549.419492,33820.01563,0.0742431,0.0388724,0.0264203,5.5763736,0.1920452,0.4959373,-3.51265,276,0.060023313,0.027685995,0.298466988,0,-81.2354408741299,35.3779227360946,83,96,13.7,7.8,23,12.4,0,0,0,0.277,0,0,6,0.03,0,0,0,0,1,"1",0.184222932255013
"105",111,0.001,37370.10156,-273724549.419492,32828.34766,0.0188246,0.0025858,0.0016354,3.5486591,0.0562407,0.5215974,-2.715289,259,0.075302237,0.01802341,0.194564591,0,-81.0936153965521,35.3583415980969,99,111,7.4,8,28,0,0,0,0,0.174,0.3,0,7,0.011,0,0,0,0,1,"1",5.04828856166861e-05
"106",664,0.001,63936.4095552236,-273724549.419492,19671.08789,0.026395,0.0374533,0.007034,4.0564528,0.0164608,0.4814561,-3.243986,232,0.047225756,0.010163188,0.21862553,0,-81.1631097316111,35.3384650565534,277,59,21.5,7.5,104,240,0,0,0,2.53,0,0,4,0.02,0,0,0,0,1,"1",0.0586614481194709
"107",688,0.001,63936.4095552236,-273724549.419492,27561.89063,0.0311151,0.0170738,0.0170738,1.4687471,0.0082309,0.5466783,-3.388616,233,0.074751708,0.010309018,0.163196862,0.25,-81.0992034728587,35.3192943123649,95,98,8.9,7.6,33,13.2,0,0,0.01,0.408,0.17,0,3,0.11,0,0,0,0,1,"1",0.0306759057971994
"108",981,0.001,63936.4095552236,-3.52e+08,40127.99219,0.0382307,0.0093231,0.0154281,0.3284902,-0.0877919,0.4639264,-3.733823,301,0.170191953,0.026453476,0.375277613,0,-81.3438841074035,35.3556913887573,29,34,7.7,7,6,6.4,0,0,0,0.133,2.77,0,4,0.22,0,0,0,0,1,"1",0.0852143145180772
"109",1095,0.001,63936.4095552236,-273724549.419492,32119.31641,0.0627118,0.0131848,0.012073,3.3461831,0.1056242,0.492763,-3.768341,241,0.066692591,0.026085914,0.203064357,0.4,-80.9970321362912,35.3857680343018,471,69,40.5,7.6,180,474,0,0,0,1.77,0.07,0,5,0.05,0,5.3,0,0,1,"1",0
"110",444,0.001,79098.92969,-273724549.419492,22616.77148,0.0470863,0.0243116,0.0155576,0.7344942,0.0342938,0.5468688,-3.407589,217,0.09524775,0.017256714,0.093840511,0,-81.0990069260509,35.2098367676569,42,54,10.8,6.7,9,0,0,0,0,0,1.24,0,5,0.37,0,0,0,0,1,"1",0.0122789692800414
"111",1590,0.001,63936.4095552236,-1.6e+07,17912.52344,0.0036568,0.0115638,0.0069383,3.8251698,-0.004115,0.4929157,-3.450191,220,0.04296454,0.020604701,0.144372077,0,-81.0674697558765,35.3151222277371,87,91,5.3,7.6,20,8.1,0.00176547231270358,0.568175895765472,0,0,0,0,9,0,0,0,0,0,1,"1",0.0521360505958411
"112",1592,0.001,63936.4095552236,-273724549.419492,16284.99512,0.0041694,0.020686,0.015033,2.8044105,0.1193414,0.5119635,-2.392793,226,0.049237286,0.017440778,0.126588907,0,-81.065441625533,35.2966457027681,96,92,5.6,8.1,31,7.7,0,0,0,0,0.06,0,5,0,0,5.3,0,0,1,"1",0.0248919141701735
"113",1594,0.001,63936.4095552236,-273724549.419492,16482.15234,0.0025858,0.0084186,0.0106613,3.9898379,0.1344303,0.5084189,-3.183888,221,0.040257311,0.023184611,0.141501495,0,-81.0643305000908,35.3134305893063,218,207,8.5,7.7,73,9,0,0,0,0,0,0,9,0.027,0,7.9,0.261,0,1,"1",0.0527452187969554
"114",495,0.001,83108.23438,-3.36e+08,23312.83594,0.0479725,0.0468585,0.0220927,0.7344942,-0.0836775,0.4816194,-3.177958,262,0.13313601,0.010175318,0.3218516,0,-81.2966476890195,35.3282778479291,34,46,9.9,7.1,11,0,0,0,0,0.964,0,0,1,0,0,0,0,0,1,"1",0.148738339561163
"115",343,0.001,70543.45313,-3.36e+08,18319.41992,0.0340103,0.0148089,0.0166776,3.8391652,-0.0864192,0.5270585,-3.722096,215,0.10626635,0.015312171,0.10508204,0,-81.0961366228961,35.2429814969614,124,102,12,7.7,39,46.4,0,0,0,0.163,0,0,6,0.03,0,0,0,0,1,"1",0.0198108345337862
"116",559,0.001,88969.85938,-5.76e+08,15514.03613,0.0292773,0.0065415,0.0077573,0.4645502,-0.1454051,0.4942812,-3.59184,230,0.143422889,0.027064051,0.141923061,0,-81.1528596064841,35.1827448338987,55,59,9.4,7.3,15,0,0,1.14,0.01,0,0.08,0,4,0.05,0,0,0,0,1,"1",0.0604129696222889
"117",684,0.001,63936.4095552236,-2.24e+08,25237.14063,0.0329113,0.0141155,0.0218186,1.6420193,-0.0589856,0.4926217,-3.594522,213,0.109430179,0.013642873,0.107963578,0,-81.1163036034151,35.1996183923853,106,114,17.6,7.9,37,26.5,0,0,0,0.369,0.06,0,3,0.03,0,0,0,0,1,"1",0.0328219383706732
"118",1003,0.001,63936.4095552236,-273724549.419492,17838.39063,0.0463131,0.0220927,0.0212284,1.9147184,0.1454042,0.5097122,-3.156641,237,0.142731477,0.016892149,0.141232735,0.15,-81.1497476017944,35.1639416374861,33,35,8.9,6.6,8,0,0.00176547231270358,0.568175895765472,0,0,0.38,0,3,0.04,0,0,0,0,1,"1",0.0281564546224298
"119",767,0.001,63936.4095552236,-2.16e+08,51115.08984,0.0425197,0.0465436,0.02151,0,0.003084,0.5232321,-3.707164,0,0.129059468,0.020190298,0.372670014,0,-81.3009667559627,35.4151270773848,38,35,5.3,7,10,0,0,1.22,0,0.11,0,0,3,0,0,0,0,0,1,"1",0.143089551052583
"120",132,0,41962.50781,-3.52e+08,57720.54297,0.0227781,0.0231277,0.0025858,6.3520432,-0.0864211,0.5117549,-2.988469,256,0.186815009,0.015852913,0.417238577,0.16,-81.3601789600698,35.4079657832725,34,37,3.9,7.4,7,0,0,0,0.03,0.133,0,0,4,0,0,0,0,0,0,"1",0.000189899331789896
"121",133,0,41962.50781,-3.52e+08,57720.54297,0.0227781,0.0231277,0.0025858,6.3520432,-0.0864211,0.5117549,-2.988469,256,0.186815009,0.015852913,0.417238577,0.16,-81.3601767389896,35.4079677411587,34,37,3.9,7.4,7,0,0,0,0.03,0.133,0,0,4,0,0,0,0,0,0,"1",0.000189897062308174
"122",135,0,42541.09766,-273724549.419492,57399.66797,0.0219408,0.0218186,0.0047679,1.7684314,0.0658441,0.5126656,-1.51586,262,0.186598571,0.014507909,0.416319282,0.06,-81.359564205016,35.4066916403294,43,33,7.6,6.7,10,12.5,0.00176547231270358,0.568175895765472,0,0,0,0,4,0,0,0,0,0,0,"1",9.09369307873019e-05
"123",136,0,42541.09766,-273724549.419492,57399.66797,0.0219408,0.0218186,0.0047679,1.7684314,0.0658441,0.5126656,-1.51586,262,0.186598571,0.014507909,0.416319282,0,-81.3595636842372,35.4066929256917,41,37,7.5,7.8,10,12.2,0.00176547231270358,0.568175895765472,0,0,0,0,4,0,0,0,0,0,0,"1",9.09357015946412e-05
"124",138,0,42921.75781,-6.08e+08,58418,0.0252558,0.0258575,0.0057819,4.0564528,-0.1550071,0.4854476,-3.77942,263,0.191766457,0.017371853,0.420643111,0.22,-81.3662489133887,35.4057719725499,43,44,3.2,7.7,14,0,0,1.6,0,0,0.12,0,2,0,0,0,0,0,0,"1",0.0315320299748479
"125",151,0,44324.04688,-7.2e+07,68787.42969,0.0475385,0.0475385,0.035113,1.6420193,-0.0153236,0.503081,-3.760177,299,0.230216171,0.01046908,0.458370668,0,-81.4041479825943,35.4171150907758,41,43,5.8,7.3,13,9,0,0,0,0,1.2,0,2,0,0,0,0,0,0,"1",0.00995633063084706
"126",181,0,49287.17969,-273724549.419492,68496.64063,0.0466727,0.0463853,0.0340103,1.1842326,0.1097382,0.5112256,-2.990521,302,0.230464782,0.009213766,0.457939358,0,-81.404037435904,35.4153788051602,24,23,4.8,7.1,3,9.8,0,0,0,0,1.1,0,4,0.04,0,0,0,0,0,"1",0.0079804766209649
"127",201,0,51695.75781,-273724549.419492,65040.73047,0.0424095,0.0240628,0.021603,4.5657005,0.2043905,0.5241538,-3.242138,296,0.239017527,0.021772797,0.454878509,0.06,-81.414606081896,35.3902960991174,19,27,5,7,5,5,0,0,0,0,0,0,2,0,0,0,0,0,0,"1",0.0153933423668875
"128",213,0,54143.05469,-273724549.419492,68207.03906,0.0458197,0.0452322,0.0329113,1.9973403,0.0397799,0.5223301,-3.078938,301,0.230469373,0.008712295,0.45757489,0,-81.4041704983798,35.4144347805836,29,13,2.8,6.4,7,10,0,0,0,0,0.29,0.007,2,0,0,0,0,0,0,"0",0.00845285234922507
"129",214,0,54149.97656,-273724549.419492,64147.02344,0.0401417,0.0228075,0.0193845,0.7344942,0.0054871,0.499669,-2.682459,301,0.236750782,0.022323338,0.45256364,0,-81.4121204037429,35.3896616072148,11,12,3,6.2,2,0,0,0,0,0,0.69,0,1,0.11,0,0,0,0,0,"0",0.0155380993451357
"130",227,0,56104.95313,-273724549.419492,66704.17969,0.043453,0.0322131,0.0245851,1.1842326,0.0644712,0.5205997,-2.506154,312,0.236952153,0.011966613,0.457157781,0,-81.4117909760745,35.3994248886294,0,45,25.8,7.3,0,9.2,0,0,0,0,0.22,0,0,0,0,0,0,0,0,"1",0.0162458908295234
"131",252,0,59159.70313,-273724549.419492,63329.68359,0.03844,0.0192461,0.0174993,3.2318566,0.212619,0.5124467,-3.142007,297,0.235559308,0.02524886,0.450223501,0.19,-81.4112726846158,35.3860730507619,36,45,4.2,7.4,9,0,0,0,0,0,0.16,0,3,0,0,0,0,0,0,"1",0.0181761932138753
"132",254,0,59476.46875,-273724549.419492,70911.10156,0.0561412,0.046038,0.03844,1.7684314,0.0603581,0.4966387,-2.721612,310,0.245806872,0.007733838,0.469687523,0.05,-81.4187879440369,35.411335443277,52,51,4.3,7.2,14,10,0,0,0,0,0.11,0,4,0,0,0,0,0,0,"1",0.0106785324859675
"133",273,0,62601.30078,-273724549.419492,70640.78125,0.0549374,0.0439578,0.036805,0.9290393,0.1083679,0.5340637,-2.391755,313,0.245382925,0.007702783,0.468678551,0,-81.4184684044241,35.409719239033,33,37,4.8,7,7,12,0,0,0,0,4.4,0.007,4,0.05,0,0,0,0,0,"1",0.0109071691436534
"134",412,0,76162.00781,-273724549.419492,66485.28906,0.040917,0.039385,0.0270703,1.3541625,0.0425242,0.4998857,-2.611832,305,0.228342993,0.009929876,0.45342401,0,-81.4028971883714,35.4089573507483,60,34,3.8,6.5,15,5.3,0.00176547231270358,0.568175895765472,0,0,0,0,6,0,0,9.7,0,0,0,"1",0.0121253758265502
"135",440,0,78775.19531,-273724549.419492,62456.58203,0.0278014,0.0322546,0.0171909,0.3284902,0.0342927,0.4660955,-2.662959,284,0.217548398,0.015386921,0.440795268,0.38,-81.3928167715711,35.4011287523398,49,27,7.5,7,16,15,0,0,0,0,3.1,0,3,0.17,0,16,0,0,0,"1",0.0187053063387254
"136",450,0,79754.09375,-4.8e+07,63262.94922,0.0342454,0.0424568,0.0179519,1.8575904,-0.0109739,0.5111305,-2.888277,255,0.20567741,0.004529439,0.436180445,0,-81.379238357884,35.4153211500037,60,74,13.3,7.9,18,0,0,0,0,0.75,0,0,4,0,0,0,0,0,0,"1",0.0171926773375825
"137",466,0,81156.4375,-273724549.419492,65470.99609,0.0388724,0.0490885,0.0263696,1.6420193,0.1085456,0.5169031,-3.490867,281,0.21490529,0.005811204,0.44505176,0.08,-81.3880559006278,35.4166302275317,48,48,5.8,7.5,12,0,0,0,0,0,0,0,5,0,0,0,0,0,0,"1",0.0152620940747066
"138",481,0,82321.60156,-273724549.419492,65344.36719,0.0368776,0.0358479,0.0230408,4.4589748,0.0507541,0.4913958,-3.124135,304,0.22610961,0.012874031,0.450190494,0,-81.3998217482951,35.4061752127357,11,18,2.9,6.7,4,0,0,0,0,0,0,0,0,0,0,0,0,0,0,"1",0.00781982810673833
"139",493,0,82966.90625,-1.44e+08,66194.39844,0.039385,0.041694,0.028136,0.4645502,-0.035666,0.5076932,-3.576535,290,0.223725167,0.014318592,0.450623848,0,-81.3975912645642,35.4113244117639,13,37,4.6,6.9,3,0,0,0,0,0,0,0,1,0,0,0,0,0,0,"1",0.0127466751021533
"140",506,0,84306.91406,-3.68e+08,65050.91797,0.0360154,0.0358666,0.0227193,1.3137449,-0.0905374,0.4664912,-3.074152,296,0.224624505,0.014054787,0.449122827,0,-81.3995399620534,35.4058619304516,53,56,4.8,7,19,0,0,2.4,0,0,0,0,1,0.1,0,7.7,0,0,0,"1",0.00798001628230702
"141",511,0,84748.64063,-273724549.419492,62741.04688,0.0286307,0.0333753,0.0179891,1.6420193,0.1563773,0.5200922,-3.283471,288,0.216872812,0.013659955,0.440868117,0,-81.3916303575872,35.4022574169221,30,72,22,7.9,11,5.5,0,0,0,2.2,0,0,0,0,0,0,0,0,0,"1",0.0179453839151067
"142",595,0,92372.32813,-6.72e+08,64016.48438,0.0354729,0.0465436,0.0224529,4.262538,-0.1714685,0.4917337,-3.573157,261,0.210556379,0.001139945,0.440285988,1.1,-81.382801785676,35.413948439947,120,130,6.5,8.1,35,7.8,0,0,0,0,0.2,0,9,0,0,0,0.2,0,0,"1",0.0148431188702499
"143",638,0,97581.57813,-273724549.419492,65344.36719,0.0365681,0.0422041,0.0259865,1.3137449,0.013716,0.4852445,-3.749876,289,0.21974228,0.01047948,0.446983464,0,-81.393643826053,35.4116066384927,33,30,5.4,6.8,9,11.8,0.00176547231270358,0.568175895765472,0,0,118.1,0.005,2,0,0,0,0,0,0,"1",0.0141976644466859
"144",2,0,5104.525879,-6.56e+08,2034.988648,0.0073136,0.0127727,0.0016354,3.3781307,-0.1673528,0.4664381,-4.099783,190,0.033343385,0.020986447,0.111202007,0,-81.015272074668,35.2939636979538,69,57,6.2,6.4,18,0,0.00176547231270358,0.568175895765472,0.42,0,0.22,0.021,6,0,0,11.1,0,0,0,"0",0.00829581823837361
"145",4,0,8056.770508,-273724549.419492,2606.056885,0.007034,0.0129288,0.0041694,1.9147184,0.108367,0.5353274,-2.310645,209,0.032380443,0.017661694,0.111476339,0,-81.0187956411916,35.2939863544791,70,55,6.1,6.3,18,0,0.00176547231270358,0.568175895765472,0.31,0,0,0,6,0,0,11.4,0,0,0,"0",0.000165823672916072
"146",5,0,8056.770508,-273724549.419492,2606.056885,0.007034,0.0129288,0.0041694,1.9147184,0.108367,0.5353274,-2.310645,209,0.032380443,0.017661694,0.111476339,0,-81.0187965978065,35.2939883540525,36,37,4.9,6.8,8,0,0,0,0,0,0,0,4,0,0,0,0,0,0,"1",0.000165829817691587
"147",6,0,8315.681641,-273724549.419492,9369.791016,0.0315843,0.007034,0.0148089,1.8575904,0.0713309,0.528555,-2.822329,197,0.068303242,0.023987212,0.067226701,0.18,-81.0601716988755,35.2265988011402,100,82,7.6,7.3,22,0,0,0,0,0,10,0,12,0.21,0,5.8,0,0,0,"1",0.0259903820865352
"148",7,0,8632.521484,-6.4e+07,4190.297852,0.0011564,0.0062273,0.0025858,2.6465178,-0.0137178,0.510311,-3.096331,205,0.038296073,0.016938491,0.105507497,0,-81.018363863207,35.2880353507681,33,46,7.2,6.9,9,0,0,0,0,0,0,0,3,0,0,0,0,0,0,"1",1.9417471977723e-05
"149",8,0,8632.521484,-6.4e+07,4190.297852,0.0011564,0.0062273,0.0025858,2.6465178,-0.0137178,0.510311,-3.096331,205,0.038296073,0.016938491,0.105507497,0,-81.0183642653719,35.2880355326447,15,16,6.9,6.8,4,0,0,0,0,0,0.45,0,1,0,0,0,0,0,0,"1",1.87777818349206e-05
"150",9,0,8632.521484,-6.4e+07,4190.297852,0.0011564,0.0062273,0.0025858,2.6465178,-0.0137178,0.510311,-3.096331,205,0.038296073,0.016938491,0.105507497,0,-81.0183662008488,35.2880357173485,15,16,6.9,6.8,4,0,0,0,0,0,0.45,0,1,0,0,0,0,0,0,"1",5.55977058296701e-05
"151",12,0,9580.462891,-273724549.419492,10304.35938,0.0157285,0.0129288,0.0034692,3.0257473,0.0630998,0.5069045,-3.212652,218,0.055216099,0.005996796,0.0900432,11.503,-81.0303100492346,35.2704502370246,64.75486152033,61.2816735415439,9.90723366686286,0,18.7782352941176,9.90949941107185,0.00176547231270358,0.568175895765472,0.0304176470588235,0.119623820754717,0.653395882352941,0,4.29664508534432,0.0450829411764706,1.2948793407887e-06,5.24281176470588,0.0124105882352941,0,0,"0",0.0260663960592253
"152",13,0,9707.469727,-9.6e+07,7818.170898,0.0274869,0.0065415,0.0114476,0.9853842,-0.0164603,0.4852503,-2.866323,203,0.065404805,0.026716481,0.064416394,0,-81.0547917876321,35.2292921473786,100,106,5.5,6.8,25,0,0,0,0.24,0,0,0,10,0,0,0,0,0,0,"1",0.0138956532793413
"153",14,0,9707.469727,-273724549.419492,7818.170898,0.0274869,0.0065415,0.0114476,0.7344942,0.0205768,0.4873798,-2.837256,203,0.065227718,0.026767339,0.064244087,0,-81.0545997599522,35.2293912102545,94,91,7.5,6.7,23,0,0,0,0.42,0,0,0,9,0,0,7.6,0,0,0,"1",0.0141637734000165
"154",15,0,10445.68555,-273724549.419492,24598.96484,0.0506834,0.0622302,0.0152099,5.8010211,0.2716053,0.4672913,-2.835785,214,0.070396717,0.014368002,0.17549216,0.07,-80.960943237063,35.3517615007394,14,25,5.5,6.9,4,0,0.00176547231270358,0.568175895765472,0,0,0.2,0,1,0,0,0,0,0,0,"1",0.0972877374049434
"155",18,0,11450.01465,-273724549.419492,7902.466309,0.0266972,0.0049061,0.0114476,4.147893,0.1961585,0.4939331,-3.466456,213,0.067065734,0.025113188,0.066081062,0,-81.0554969294647,35.2291798850352,96,87,7.5,7.3,30,0,0,0,0.06,0,3.5,0,7,0,0,0,0,0,0,"1",0.0192875027797328
"156",21,0,13040.30273,-6.4e+07,6930.921387,0.0258575,0.0077573,0.0090316,1.3137449,-0.0123461,0.479254,-2.726528,206,0.06446244,0.026897971,0.063508041,0,-81.0528998441979,35.2293083933037,70,75,7,6.5,17,0,0,2.6,0,0,0,0,7,0,0,0,0,0,0,"1",0.0203130270184287
"157",40,0,19525.49219,-273724549.419492,33029.5625,0.0960426,0.0317532,0.0171909,5.8558011,0.0096027,0.4707024,-3.767052,191,0.036113704,0.028929458,0.035315199,0.06,-81.0256188463733,35.1511392925133,32,46,4.5,7.4,7,0,0.00176547231270358,0.568175895765472,0,0,0,0,3,0,0,0,0,0,0,"1",0.0261367803409284
"158",52,0,22475.35156,-273724549.419492,1678.094605,0.007034,0.0041694,0.0011564,1.7684314,0.0356654,0.4528589,-2.914874,213,0.069206077,0.025520269,0.068713117,0,-81.0357054954157,35.246420962426,55,64,10,6.3,14,0,0,0,0.1,0,0,0,5,0,0,6.9,0,0,0,"0",3.60280448464743e-05
"159",53,0,22475.35156,-273724549.419492,1678.094605,0.007034,0.0041694,0.0011564,1.7684314,0.0356654,0.4528589,-2.914874,213,0.069206077,0.025520269,0.068713117,0,-81.0357063977103,35.2464182096649,35,69,21,8,12,5.4,0,8.6,0,0.45,0,0,2,0,0,0,0,0,0,"1",0.000136098901598264
"160",54,0,22475.35156,-273724549.419492,1678.094605,0.007034,0.0041694,0.0011564,1.7684314,0.0356654,0.4528589,-2.914874,213,0.069206077,0.025520269,0.068713117,0,-81.0357058548381,35.2464212423547,78,246,106.3,7.8,19,20.5,0.00176547231270358,0.568175895765472,0,0,0,0,7,0,0,23,0,0,0,"1",3.63225738591784e-05
"161",57,0,23180.47461,-4.64e+08,31852.60938,0.0914421,0.0260892,0.024146,2.6465178,-0.1248286,0.4068365,-2.268194,176,0.027305176,0.018864297,0.026912469,0.12,-81.0139526393541,35.1570825010474,170,145,11.6,7.7,57,40,0,4.4,0,0,0.27,0,8,0,0,0,0,0,0,"1",0.0250967096079149
"162",76,0,27185.0332,-4.8e+08,31381.08203,0.0903017,0.0249629,0.0238395,4.9908075,-0.1193418,0.4618019,-3.966603,176,0.026065362,0.017758865,0.025625761,0,-81.0143659058308,35.1578099462928,115,123,11.3,7.4,34,5.2,0.00176547231270358,0.568175895765472,0.01,0.119623820754717,0,0,7,0,0,0,0,0,0,"1",0.0283166176180558
"163",79,0,27561.74609,-273724549.419492,24067.98828,0.042093,0.0368957,0.0141155,6.0082245,0.1179691,0.5025443,-3.825927,237,0.052790476,0.010463037,0.180338515,0,-80.9876379245143,35.3625625979384,77,50,11.1,6.7,20,9.7,0.00176547231270358,0.568175895765472,0,0,0,0,6,0,0,22.5,0,0,0,"1",0.0282939217858013
"164",88,0,29498.75586,-273724549.419492,38611.19531,0.0826956,0.0342454,0.0365681,1.9973403,0.1040556,0.5254418,-2.574915,237,0.091180761,0.034149647,0.220072519,0,-80.9744567908249,35.4007945400056,26,18,4.9,6.9,6,0,0,0,0,0,0,0,2,0,0,0,0,0,0,"1",0.0269529270510764
"165",98,0,32638.45313,-273724549.419492,5306.601074,0.0148089,0.0196925,0.0077573,0.9290393,0.2798356,0.5198722,-2.37994,222,0.028488398,0.011576291,0.115983536,0.11,-81.0287849095161,35.2972693326074,29,34,5.1,7.1,7,0,0,0,0,0,0,0.005,3,0,0,0,0,0,0,"1",0.0240774242587766
"166",118,0,39475.44141,-273724549.419492,28527.60742,0.0821765,0.018284,0.0196925,5.4896989,0.2770921,0.5176875,-3.443682,200,0.015968352,0.007341184,0.015751372,0,-81.0097895152855,35.1673839635424,29,43,6.9,6.9,8,0,0,0,0,0,0,0,3,0,0,0,0,0,0,"1",0.000619362441123924
"167",119,0,39475.44141,-273724549.419492,28527.60742,0.0821765,0.018284,0.0196925,5.4896989,0.2770921,0.5176875,-3.443682,200,0.015968352,0.007341184,0.015751372,0,-81.0097911568308,35.1673845429133,29,43,6.9,6.9,8,0,0,0,0,0,0,0,3,0,0,0,0,0,0,"1",0.00061950682999935
"168",124,0,41146.75391,-273724549.419492,9369.791016,0.0224529,0.0115638,0.0036568,2.7068136,0.093279,0.4962537,-3.676158,202,0.083445219,0.011160697,0.082480389,0,-81.0661827307151,35.2428154316628,54,29,12.3,6.9,15,0,0,0,0.03,0,0,0,4,0,0,14,0,0,0,"1",0.0292297172711608
"169",131,0,41933.46094,-273724549.419492,28132.93555,0.0810542,0.0173458,0.0188246,4.3985453,0.0809326,0.4995087,-3.919673,196,0.014955672,0.006236875,0.01479819,0,-81.0102635207439,35.168391289077,80,87,11,7.9,27,11,0,0,0,0,0,0,3,0,0,0,0,0,0,"1",0.0410452583727003
"170",137,0,42842.79297,-273724549.419492,28431.63867,0.0830345,0.0186461,0.0198952,5.5668116,0.1220846,0.5078189,-3.91238,196,0.016830909,0.00823514,0.016588143,1.5,-81.0108879816156,35.1659725083848,52,68,8.2,7.1,13,0,0,0,0,0,0.3,0.006,5,0,0,0,0,0,0,"1",0.0369214368976405
"171",152,0,44825.83203,-1.6e+07,24850.20313,0.0275841,0.0358479,0.0329113,3.3781307,-0.0013716,0.4927166,-3.158119,196,0.043314216,0.012792672,0.179764295,0,-81.0558034314294,35.3559459774926,88,128,12,8,10,25,0,0,0,0,0.27,0,17,0.06,0,14,0,0,0,"1",0.0294183328079025
"172",157,0,45528.07813,-273724549.419492,29224.58984,0.0839156,0.0191416,0.0202285,2.9355664,0.1783265,0.5141848,-3.6015,187,0.018418505,0.009987332,0.018088651,0,-81.0115525313888,35.1649266099028,0,89,46,7.7,0,0,0,0,0.02,0.29,0,0,0,0,0,0,0,0,0,"1",0.0376774723087322
"173",165,0,46561.75781,-273724549.419492,8390.472656,0.0253878,0.0115638,0.0186461,3.3781307,0.0260628,0.4901862,-3.048783,183,0.042599445,0.037638006,0.042407388,0,-81.0170899710788,35.224364638333,131,104,10.1,7.9,42,35,0,0,0,0,0.4,0,6,0,0,0,0,0,0,"1",0.018845709058022
"174",170,0,47088.86719,-3.52e+08,7280.59668,0.0173843,0.0185021,0.0077573,2.8235226,-0.0946497,0.4861914,-4.09413,190,0.009645862,0.031597948,0.13428629,0,-81.0224387366665,35.3165627439767,210,156,10,6.8,54,13,0,0,0.1,0,0,0,19,0,0,23,0,0,0,"1",0.0202198860928294
"175",182,0,49366.06641,-273724549.419492,7570.595215,0.0041694,0.0077573,0.0077573,5.7178402,0.1906718,0.4998064,-3.292072,225,0.071133105,0.015069469,0.085906931,0.14,-81.0500854630795,35.2586540924848,61,58,7,6.8,14,0,0,0,0.07,0,4.4,0,6,0.09,0,5.1,0,0,0,"1",0.0406081798907502
"176",189,0,49943.32422,-273724549.419492,4640.487793,0.0047679,0.0051715,0.0041694,1.3541625,0.1495205,0.5093111,-3.163663,205,0.071640975,0.016609691,0.071401824,0.12,-81.0248399054241,35.2524776120141,83,57,9.3,6.7,20,7.9,0,5.65,0.01,0,0,0,8,0.01,0,12.3,0,0,0,"1",0.0198820358513766
"177",197,0,51306.91797,-273724549.419492,5784.524414,0.0077573,0.0083388,0.0049061,2.3215306,0.0644716,0.5307989,-3.372308,206,0.070521902,0.014172639,0.073435538,0,-81.0226175679578,35.2549183887471,70,58,9.5,7.5,18,0,0,0,0,0,0,0,2,0,0,6.6,0,0,0,"1",0.0190133675506645
"178",202,0,51770.17188,-273724549.419492,27639.91016,0.0796563,0.0157285,0.0171909,3.7400842,0.2674894,0.5373829,-2.701394,210,0.014301796,0.006215416,0.013936323,0,-81.0108075161625,35.1691632719617,89,82,13,8,32,22,0,0,0,0,0.17,0,3,0,0,0,0,0,0,"1",0.0529647164630729
"179",211,0,53660.67969,-2.24e+08,28341.18945,0.0816541,0.0170738,0.018284,3.5335,-0.0521265,0.5129353,-3.913003,195,0.016361299,0.008311866,0.015940146,0.16,-81.0122280222154,35.1671947360072,74,86,8.2,7.5,21,0,0,0,0,0,1.01,0,5,0.04,0,0,0,0,0,"1",0.0476237572674729
"180",237,0,57335.60547,-273724549.419492,5475.594238,0.0081769,0.0081769,0.0073136,3.2813458,0.060357,0.5104985,-3.355528,202,0.070730824,0.017017863,0.070566497,0,-81.0209884691585,35.2522719373538,97,57,7.8,7,21,0,0,7.7,0,0,0.16,0,11,0,0,19.6,0,0,0,"1",0.0190403322985366
"181",240,0,57640.16797,-273724549.419492,6050.456055,0.0106613,0.0106613,0.0083388,3.3781307,0.0315503,0.4914562,-3.726478,193,0.071628485,0.016272005,0.071507459,0,-81.0193190933698,35.2539404300897,110,120,12,8,32,9.9,0,0,0,0.21,0,0,8,0,0,5.5,0.1,0,0,"1",0.0198066232893792
"182",241,0,57682.91406,-4.16e+08,27353.75977,0.0606854,0.0689674,0.0254405,3.6676545,-0.1056245,0.4719968,-2.665818,204,0.080885089,0.017225452,0.180890552,0.07,-80.950227996957,35.3541780917954,61,40,7.6,7.1,19,0,0,0,0.11,0,0.33,0,2,0,0,0,0,0,0,"1",0.140733130745736
"183",255,0,59541.37891,-273724549.419492,29377.23047,0.0698153,0.0777448,0.0358479,6.3185296,0.026388,0.4239859,-3.496056,207,0.090066292,0.024607106,0.184362167,0.57,-80.9408442320011,35.3544311051102,56,70,7.8,7.3,18,0,0,0,0,0,0,0,3,0,0,0,0.11,0,0,"1",0.133876468894338
"184",257,0,60484.78516,-273724549.419492,27546.86133,0.0793957,0.0150774,0.0164353,3.0959876,0.1838128,0.5322443,-2.32101,212,0.014212094,0.006524897,0.01375223,0.34,-81.0124244674966,35.1691963348765,78,85,7.8,7.5,21,6.31,0.00176547231270358,0.568175895765472,0,0,3.16,0,6,0.09,0,0,0,0,0,"1",0.0896212700510958
"185",268,0,61965.13672,-16000013,18023.15234,0.0539054,0.0095358,0.0069383,1.6420193,-0.0137178,0.3915679,-1.570377,178,0.014799235,0.013695667,0.014799235,0.09,-81.0081723780779,35.197901926597,26,34,6.6,6.7,7,0,0,0,0,0,8.9,0,2,0,0,0,0,0,0,"1",0.0253742761582362
"186",271,0,62212.82031,-273724549.419492,29079.69531,0.0682658,0.0773482,0.0347108,3.3461831,0.0109737,0.440011,-3.640475,203,0.089244851,0.024353328,0.183629837,0,-80.9410691189437,35.3542597822118,25,37,7.3,6.9,7,0,0,0,0,0,0,0,2,0,0,0,0.1,0,0,"1",0.138625487657392
"187",275,0,62680.83984,-6.08e+08,29079.69531,0.068783,0.0767494,0.0346915,6.89609,-0.1563792,0.4826894,-4.216091,212,0.089065377,0.023289138,0.184405765,0.07,-80.9418688955951,35.3548767165644,43,59,6.1,6.9,13,0,0,0,0,0,0.11,0,2,0.07,0,0,0.2,0,0,"1",0.984551090598149
"188",276,0,62680.83984,-1.056e+09,29079.69531,0.068783,0.0767494,0.0346915,4.7268519,-0.270233,0.4785859,-4.162188,206,0.088829303,0.023492749,0.183942671,0,-80.9417640089069,35.354761309295,39,52,7.7,6.7,12,0,0.00176547231270358,0.568175895765472,0,0,2.16,0,3,2.44,0,0,0.73,0,0,"1",0.384742519382371
"189",284,0,63751.45703,-273724549.419492,35136.42188,0.0721513,0.0314145,0.0323994,1.6420193,0.0164605,0.5121287,-3.029616,223,0.08184117,0.027332122,0.210339187,0.15,-80.9763792372363,35.3914186392597,51,45,7.4,7.7,13,0,0,0,0,0,0,0,5,0,0,0,0,0,0,"1",0.0287685356896634
"190",285,0,63958.51563,-2.24e+08,27633.91602,0.0626799,0.0708798,0.0277532,3.8251698,-0.0534975,0.4833881,-3.6146,209,0.082791687,0.018958552,0.181324542,0,-80.9485706967912,35.3541420864108,34,39,8.5,6.7,10,0,0,0,0,0,0,0.008,2,0,0,5.2,0,0,0,"1",0.171082527271853
"191",289,0,65303.60547,-3.04e+08,7775.680664,0.016065,0.0165569,0.0080947,4.4589748,-0.079562,0.4941908,-4.022773,189,0.027822699,0.012954841,0.120864893,0.09,-81.0378340476757,35.3002988729016,43,46,19.5,6.7,11,0,0,6.5,0,0,2.2,0,4,0,0,9,0,0,0,"1",0.000721477804748366
"192",290,0,65303.60547,-3.04e+08,7775.680664,0.016065,0.0165569,0.0080947,4.4589748,-0.079562,0.4941908,-4.022773,189,0.027822699,0.012954841,0.120864893,0,-81.0378310942146,35.3002983831796,120,46,8.9,7.9,47,0,0,0,0,0,0,0,4,0,0,9.8,0,0,0,"1",0.00072135180885103
"193",296,0,65995.29688,-273724549.419492,6212.550781,0.0204912,0.0115638,0.014068,1.8575904,0.1179693,0.5418396,-3.234611,208,0.047348453,0.041215024,0.046968291,0,-81.0237201644564,35.2279205169881,140,62,7.3,6.9,34,0,0,2.2,0,0,0.23,0,5,0,0,0,0,0,0,"1",0.0215698449377034
"194",298,0,66060.64063,-273724549.419492,28504.37305,0.0661973,0.075387,0.0323994,3.9628742,0.0850483,0.5175992,-3.543239,212,0.087427718,0.022988719,0.182820944,2.5,-80.9426565814525,35.3540625960575,12,27,7,6.9,4,0,0,0,0,0,0.76,0.048,0,0.03,0,0,0,0,0,"1",0.205615217007311
"195",302,0,66480.49219,-3.36e+08,28203.50391,0.0641455,0.0734463,0.0300882,7.9677925,-0.0823046,0.4934505,-4.340111,207,0.084206557,0.020275521,0.181673448,0,-80.9460573031459,35.3538546610232,35,53,7.8,7.7,10,0,0,17,0,0,0,0.008,2,0,0,0,0,0,0,"1",0.596582110215439
"196",306,0,66708.54688,-273724549.419492,28209.375,0.0651692,0.074414,0.0312438,1.3934064,0.2304524,0.512656,-3.150201,215,0.085882803,0.022246171,0.181754966,0,-80.9445185220282,35.3533842069062,100,0,0,0,9,0,0,6.7,0,0.39,0,0,1,0,0,0,0,0,0,"0",0.172085701649458
"197",307,0,66708.54688,-273724549.419492,28209.375,0.0651692,0.074414,0.0312438,3.9357235,0.1344303,0.4875856,-3.003613,211,0.085290473,0.022059833,0.181253647,0,-80.9450192134103,35.3532808080012,38,49,7.4,7.3,12,0,0,0,0,0,0.68,0,2,0,0,0,0,0,0,"1",0.206591255169654
"198",316,0,68169.29688,-273724549.419492,27362.8418,0.0760229,0.0088068,0.0302655,1.6420193,0.037037,0.5470706,-2.549311,203,0.071372624,0.02231408,0.069870452,0,-81.0786309109009,35.1765685381737,21,32,6.1,6.7,5,0,0,2,0.29,0,0,0,2,0,0,0,0,0,0,"1",0.0253815128932507
"199",319,0,68522.17969,-8e+07,33376.29297,0.0994894,0.0312438,0.0058964,9.5712566,-0.02332,0.4867234,-4.615212,182,0.061971816,0.034147672,0.060610357,0,-81.0628023843856,35.1538593185152,56,69,7.8,6.6,13,0,0,0,0,0,0.25,0,6,0,0,0,0,0,0,"1",0.0154537895603811
"200",345,0,70945.625,-273724549.419492,14452.71777,0.0440338,0.021102,0.0181003,9.7858715,0.0749994,0.4186517,-3.820074,183,0.025870666,0.023946384,0.025870666,0,-81.0087155580775,35.2084285097848,48,47,8.9,6.8,12,5.2,0.00176547231270358,0.568175895765472,0.07,0,0,0,4,0,0,5.1,0,0,0,"1",0.0147693152989551
"201",346,0,71044.75,-273724549.419492,7107.909668,0.013083,0.0067428,0.0077573,1.0386748,0.0699589,0.4824547,-3.473507,190,0.080109151,0.010294785,0.07927305,0.15,-81.0576619558834,35.2459277514231,69,59,13.6,6.7,17,12.5,0,0,0.08,0,0.23,0,7,0,0,9.5,0,0,0,"1",0.0271173449258653
"202",362,0,71952.0625,-273724549.419492,32984.39844,0.0984014,0.0305294,0.0062273,4.0032506,0.1591213,0.511532,-3.859828,193,0.061609032,0.033318151,0.060238616,0,-81.0625162380304,35.1543027014898,157,145,14.1,7.4,37,29.2,0,0,0,0.13,0.42,0,16,0.323,0,10.2,0,0,0,"1",0.0153875367457138
"203",363,0,72034.71875,-273724549.419492,17291.41602,0.0517797,0.0117928,0.0092511,4.8716373,0.0466391,0.4640095,-2.838433,181,0.017217012,0.015979884,0.017217012,0,-81.0094104139313,35.1993997958626,87,98,8.5,7.8,25,9.14,0.00176547231270358,0.568175895765472,0,0.119623820754717,0.23,0,6,0.01,0,0,0,0,0,"1",0.024407657364304
"204",364,0,72088.57813,-273724549.419492,6435.199219,0.0098122,0.0036568,0.0088068,2.3900836,0.1207128,0.5250345,-1.866985,201,0.079904787,0.011172663,0.079119111,0.09,-81.0550435551327,35.2476771331129,82,130,15,7.3,22,10,0,4.3,0,0,0,0,11,0,0,15,0,0,0,"1",0.0300209020707826
"205",374,0,73184.59375,-273724549.419492,15358.43555,0.0450396,0.0199623,0.0173843,12.5758247,0.0672155,0.4458175,-3.928773,195,0.024457332,0.022710047,0.024457332,0,-81.0086434046452,35.2080001081635,88,81,9.43,7.5,27,7.5,0,0,0.06,0,0.13,0,5,0,0,5.6,0,0,0,"1",0.00941344913495821
"206",375,0,73184.59375,-273724549.419492,15014.85156,0.0450396,0.0199623,0.0173843,8.3349876,0.1124829,0.4445303,-4.165759,199,0.025098642,0.023297226,0.025098642,0,-81.0086437685225,35.2080848546408,295,57,28.5,7.8,114,259,0,0,0,1.97,0.21,0,3,0.15,0,11.14,0,0,0,"1",0.00931231112590978
"207",385,0,74690.57813,-273724549.419492,15146.65918,0.0460526,0.0188246,0.0162306,15.2749968,0.05487,0.4481179,-3.818672,186,0.024107059,0.022341551,0.024107059,0,-81.0078529832304,35.2072618059493,93,71,15.2,7.2,33,44,0,1.2,0,0,0,0,2,0,0,5,0,0,0,"1",0.0180222586791381
"208",386,0,74690.57813,-1.12e+08,15146.65918,0.0460526,0.0188246,0.0162306,5.4896989,-0.0301783,0.4528847,-4.118832,176,0.023690485,0.021897612,0.023690485,0,-81.0074076201005,35.2066850358998,0,149,75.8,7.5,0,0,0,0,0.14,0,0,0.008,0,0,0,0,0,0,0,"1",0.019425723413738
"209",395,0,75612.86719,-2.56e+08,8241.076172,0.0139726,0.0058964,0.0034692,3.4254887,-0.0658439,0.4715083,-2.977396,196,0.08305081,0.005602322,0.084022742,0.07,-81.0601135863594,35.2499692943248,101,84,9.7,7,25,0,0,5.05,0.01,0,0,0,9,0,0,8.8,0,0,0,"1",0.0110830164638208
"210",403,0,75881.05469,-273724549.419492,8556.636719,0.0143037,0.0034692,0.0032707,2.9719696,0.0631,0.5061358,-3.464988,208,0.082198259,0.003772524,0.085886861,5.5,-81.0610423363467,35.2515699023181,87,65,9.7,7,21,0,0,0,0.2,0,0,0,7,0,0,7.5,0,0,0,"1",0.0303721488237071
"211",410,0,76151.32031,-273724549.419492,16746.36133,0.050723,0.0129288,0.0104075,5.6333976,0.0809322,0.4696225,-3.543462,193,0.018050374,0.016407164,0.018050374,0,-81.0085177132443,35.2009201538957,0,6,2.3,5.8,0,0,0,12,0.01,0,0,0,0,0,0,0,0,0,0,"0",0.0182523654153462
"212",411,0,76151.32031,-273724549.419492,16928.36523,0.050723,0.0129288,0.0104075,5.0861926,0.109739,0.4753028,-2.764892,186,0.017900184,0.016603761,0.017900184,0,-81.0082631076239,35.2008919896518,65,79,7.9,7.5,19,0,0,0,0.02,0.119623820754717,0.1,0,4,0.02,0,0,0,0,0,"1",0.0181956894281439
"213",413,0,76367.74219,-273724549.419492,10613.20215,0.0320675,0.0185382,0.0191416,6.9875455,0.1440326,0.4409533,-2.772501,180,0.035983869,0.031258238,0.035805619,0.17,-81.015431310038,35.2176886333312,52,61,6.7,6.8,14,0,0,0,0,0,13,0,4,0.2,0,0,0,0,0,"1",0.0264421225069884
"214",414,0,76508.17188,-4.32e+08,8241.076172,0.0135351,0.0047679,0.0036568,2.6465178,-0.1069958,0.4748205,-3.291808,198,0.083006648,0.005531123,0.084096773,0,-81.0601501326364,35.2500332300479,97,84,10.6,7.1,24,0,0,5.61,0,0,0,0,9,0,0,10.5,0,0,0,"1",0.0111044435255048
"215",417,0,76595.58594,-31999988,10052.10254,0.0305294,0.0173458,0.0197603,14.3567448,-0.0027432,0.4256563,-3.244252,190,0.037432029,0.032576483,0.037238842,0,-81.0177039278219,35.2192665772424,58,72,10.8,6.5,13,6.9,0,0,0,0.12,0.32,0,6,0.01,0,6.5,0,0,0,"1",0.0245183104622703
"216",423,0,77280.1875,-273724549.419492,8016.925293,0.0124546,0.0051715,0.0047679,3.7400842,0.0109731,0.5039914,-2.624726,198,0.081829451,0.005559624,0.084417884,0.1,-81.059141793215,35.251129828197,116,114,11.4,7.2,28,6.2,0,0,0.05,0,0.2,0,11,0,0,6.3,0,0,0,"1",0.0346272370205634
"217",429,0,77878.5625,-4.8e+07,8738.611328,0.0129288,0.0025858,0.0025858,3.4254887,-0.0137171,0.5218449,-3.341819,206,0.080714436,0.003814914,0.086500524,0,-81.0602444424572,35.2529212008646,59,51,8.1,7,14,0,0,0,0.12,0,0,0,6,0,0,7.2,0,0,0,"1",0.0404227628662367
"218",437,0,78710.95313,-273724549.419492,34890.41406,0.0716772,0.0266972,0.0278494,1.3137449,0.0932777,0.4940788,-2.126284,221,0.080033257,0.029898305,0.210237903,0,-80.9798358523471,35.3912091806548,40,46,7.2,7.4,12,6.2,0,0,0,0.57,0,0,3,0,0,0,0,0,0,"1",0.0180838000415772
"219",445,0,79397.29688,-6.88e+08,14674.51172,0.0486232,0.0227193,0.0083388,12.4219618,-0.1742111,0.4260395,-3.642908,186,0.046936416,0.014076272,0.045639645,0,-81.0497856549653,35.2039444921624,117,123,8.6,7.7,34,8.6,0,0,0,0,0.21,0,8,0.11,0,0,0,0,0,"1",0.0226528543858753
"220",447,0,79499.52344,-273724549.419492,8935.430664,0.0127727,0.0016354,0.0016354,1.6420193,0.0521265,0.5351526,-3.004255,210,0.079622043,0.003563935,0.087586662,0.09,-81.0605244563847,35.2538360266803,114,108,10.9,7.3,30,21.71,0.00176547231270358,0.568175895765472,0.05,0,0.73,0.005,10,0,0,7.51,0,0,0,"1",0.0463702596149008
"221",458,0,80415.94531,-273724549.419492,25302.69141,0.0343234,0.0397399,0.0382831,3.5486591,0.0356649,0.4927065,-3.693424,210,0.042354554,0.013888525,0.181854546,0.12,-81.0496514489949,35.3602071495375,197,188,13.3,7.7,48,16.8,0,0,0.01,0,1.64,0,19,0.24,0,16.2,0.12,0,0,"1",0.0250179080937653
"222",462,0,80796.6875,-273724549.419492,35053.82422,0.0713312,0.0255454,0.0266972,1.6745193,0.0109726,0.5347648,-2.559981,222,0.079380812,0.031360033,0.2105127,0.14,-80.9820814956598,35.3914009586134,77,85,4.3,7.9,24,0,0,0,0,0,0.36,0,2,0,0,0,0,0,0,"1",0.0176189427699286
"223",463,0,80894.60156,-4.32e+08,34270.07813,0.0691224,0.0258575,0.0265968,1.7684314,-0.1028808,0.495519,-3.4123,216,0.077299042,0.028955283,0.207866954,0,-80.9821959698475,35.3895101155662,98,107,8.7,7,27,0,0,0,0,0,0,0.017,7,0,0,0,0,0,0,"1",0.0181023121136693
"224",465,0,81016.21875,-273724549.419492,8738.611328,0.0095358,0.0088068,0.0036568,3.6676545,0.0685873,0.5043011,-3.761964,206,0.020424117,0.021301902,0.129066267,0.09,-81.0372309282323,35.3092631622676,39,94,7.1,7.3,13,0,0,0,0,0,0.55,0,8,0.06,0,9.5,0,0,0,"1",0.0260985311315066
"225",470,0,81520.85156,-273724549.419492,13891.68555,0.041902,0.0220017,0.0166776,5.5763736,0.0342922,0.4760319,-3.269123,181,0.026922929,0.024179448,0.026922929,0,-81.0093997482422,35.2102383374233,40,46,8.74,7.1,11,0,0,0,0.02,0,0,0,3,0,0,0,0,0,0,"1",0.00910201642033628
"226",471,0,81520.85156,-1.76e+08,13891.68555,0.041902,0.0220017,0.0166776,3.2976756,-0.0438971,0.4685846,-3.324352,182,0.027367294,0.024521878,0.027367294,0,-81.0094254788839,35.2102873548711,110,69,16.3,6.5,27,29,0,0,0.01,0,0,0,10,0.04,0,15,0,0,0,"1",0.00911989128481251
"227",472,0,81564.89063,-273724549.419492,16381.34277,0.0486232,0.0152099,0.0127202,2.8235226,0.0919065,0.4947633,-3.755504,184,0.019905778,0.017897543,0.019905778,0,-81.008925603832,35.2039928635489,60,69,7.6,7.5,16,0,0,0,0,0,0,0,5,0,0,0,0,0,0,"1",0.0213526993336776
"228",474,0,81615.875,-1.296e+09,11865.9209,0.0362005,0.0222435,0.0173458,4.1992383,-0.3305901,0.4299068,-3.323811,178,0.03188227,0.027690257,0.031768251,0,-81.0145616807626,35.2147354225086,0,120,84.1,7.6,0,5.1,0.00176547231270358,0.568175895765472,0,0,0,0,0,0,0,24.2,0,0,0,"1",0.0276016069291398
"229",476,0,81767.92188,0,8710.131836,0.0104715,0.0036568,0.0036568,3.4254887,-8e-07,0.4922117,-3.610751,204,0.076136274,0.006559402,0.088565459,0,-81.0583572329922,35.2560796816079,0,0,0,0,0,0,0,0,0,0,0,0,0,0,0,0,0,0,0,"0",0.34388347976297
"230",480,0,81942.88281,-273724549.419492,30697.99023,0.088974,0.0327075,0.0074045,1.4687471,8e-07,0.5259066,-3.272375,195,0.042525611,0.026684839,0.041242165,0.66,-81.0430783398855,35.1585680072516,21,25,5.5,6.9,6,0,0,0,0.12,0,1.1,0.025,1,0,0,0,0,0,0,"1",0.0185912989928738
"231",484,0,82517.80469,-273724549.419492,34270.07813,0.068783,0.0247207,0.0254405,1.3541625,0.0576125,0.4934877,-2.599062,215,0.077328743,0.029964494,0.208379514,0,-80.9832623421942,35.3903377401474,101,79,10.7,6.8,32,0,0,0,0,0,0.14,0,5,0.1,0,26.5,0,0,0,"1",0.0188857221496222
"232",485,0,82594.64063,-32000012,15720.86328,0.0512214,0.0197603,0.0099476,7.623457,-0.00823,0.4358194,-2.623566,189,0.048683496,0.010660312,0.047339803,0,-81.0534103189604,35.2010898890011,58,44,4.9,6.7,10,0,0.00176547231270358,0.568175895765472,0,0,0,0,8,0,0,15.3,0,0,0,"1",0.0184993454845659
"233",487,0,82731.71094,-273724549.419492,15852.02539,0.0475807,0.0163537,0.0138766,5.5763736,0.0960217,0.4650093,-3.44754,186,0.021630374,0.019853761,0.021630374,0,-81.0084731000049,35.2049330167746,68,81,7.28,7.1,16,0,0,0,1.63,0,0,0,7,0,0,0,0,0,0,"1",0.020358234053744
"234",488,0,82763.28906,-1.6e+08,9492.736328,0.0138766,0,0,1.0386748,-0.0425238,0.5122149,-3.967672,201,0.079402097,0.00249722,0.089094395,0.35,-81.0615927961603,35.2551087077784,130,61,12,7.2,33,28,0,1.2,0,0,0,0,12,0,0,12,0,0,0,"1",0.0470137435707373
"235",496,0,83532.3125,-273724549.419492,8935.430664,0.0270703,0.0154281,0.0204912,3.0257473,0.0727023,0.4952026,-3.660239,201,0.040402284,0.034824225,0.040099614,0,-81.0198821754281,35.2216771967276,83,93,8.3,7.6,24,19.7,0,0,0,0.106,0,0,6,0,0,0,0,0,0,"1",0.0198935416700334
"236",509,0,84470.72656,-273724549.419492,30708.78125,0.0673588,0.0047679,0.0382831,11.4943886,0.1220861,0.5146873,-3.789289,212,0.083945913,0.020949016,0.082447021,0,-81.0909639038255,35.1723425707317,46,51,8.1,7.1,12,0,0,0,0,0.21,0,0,4,0,0,0,0,0,0,"1",0.0371002321976172
"237",513,0,84830.10938,-6.08e+08,14239.10449,0.0429266,0.020847,0.016065,1.6420193,-0.1522633,0.5163984,-3.857472,190,0.026138123,0.02317346,0.026138123,0,-81.0104643103689,35.2092991824224,61,63,6.83,7.4,19,0,0,0,0,0,0,0,3,0,0,0,0,0,0,"1",0.0233517815256729
"238",527,0,86390.80469,-273724549.419492,9146.136719,0.0127727,0.0016354,0.0016354,1.9973403,0.0054866,0.518708,-3.560354,208,0.077974562,0.00409991,0.089087978,0,-81.0606457416756,35.2558416990361,80,91,10,7.5,23,8.3,0,0,0,0,0.13,0,6,0,0,0,0,0,0,"1",0.0621811652289666
"239",529,0,86651.55469,-8e+07,20756.88477,0.0673488,0.0193845,0.0181003,2.7068136,-0.0192048,0.5295416,-3.301348,212,0.058875076,0.007262828,0.057404118,0.1,-81.0664132103147,35.1911304537266,48,55,17,7.2,13,0,0,2.9,0,0,0,0,4,0,0,13,0,0,0,"1",0.0151419889683847
"240",530,0,86651.55469,-4e+08,21116.86719,0.0673488,0.0193845,0.0181003,1.8575904,-0.1001372,0.5086747,-3.692938,206,0.059086654,0.007925362,0.057610339,11.503,-81.0669323214896,35.189741024284,85,79,8,7.5,27,0,0,0,0.05,0,0,0,4,0,0,17.91,0,0,0,"1",0.00023371827049159
"241",531,0,86651.55469,-4e+08,21116.86719,0.0673488,0.0193845,0.0181003,1.8575904,-0.1001372,0.5086747,-3.692938,206,0.059086654,0.007925362,0.057610339,0,-81.0669333870196,35.1897407252931,60,33,7.7,6.7,18,5.9,0.00176547231270358,0.568175895765472,0,0.119623820754717,0,0,4,0,0,5.8,0,0,0,"1",0.000233714186778918
"242",533,0,86799.80469,-273724549.419492,20951.49023,0.06657,0.0179519,0.0165569,3.9493225,0.2098762,0.5130838,-3.637713,215,0.060504791,0.008576801,0.059037401,0.06,-81.0674611400315,35.1920626406224,28,29,8.7,6.4,6,0,0,0,0,0,0,0,3,0,0,10,0,0,0,"0",0.00715733116805063
"243",534,0,86799.80469,-273724549.419492,20951.49023,0.06657,0.0179519,0.0165569,3.4254887,0.1934148,0.528564,-2.513928,213,0.059579072,0.007660559,0.05811223,0,-81.0671499331483,35.1916541256135,34,13,11,6.5,9,0,0,0,0.08,0,1,0,3,0,0,0,0,0,0,"1",0.0143878412396548
"244",538,0,87093.33594,-9.6e+08,12216.71289,0.0372384,0.0233864,0.0164353,8.0791483,-0.2482854,0.4860416,-4.082367,185,0.030583265,0.02642648,0.030466637,0,-81.0130702466417,35.2130767187732,100,105,10.1,7.6,30,6.9,0,0,0.01,0,0,0,6,0,0,0,0,0,0,"1",0.0247667703670828
"245",541,0,87339.99219,-3.36e+08,23280.83984,0.0710024,0.0191416,0.0165569,4.1992383,-0.0850476,0.4766524,-3.835425,193,0.071533825,0.008886886,0.070054484,0,-81.0792077937898,35.1903884712774,7,151,16,6.8,2,21,0,0,0,0,0,0,24,0,0,85,0,0,0,"1",0.0215333485716047
"246",543,0,87431.875,-273724549.419492,19002.91406,0.0344983,0.0372384,0.0295501,4.6584816,0.0713309,0.5119063,-3.568298,218,0.024408569,0.018067412,0.167686812,0.93,-81.0247588785271,35.3493107450085,63,70,8.9,6.9,14,0,0,0,0.08,0,0.81,0.01,7,0,0,0,0.1,0,0,"1",0.00883293844895522
"247",544,0,87441.52344,-7.04e+08,14589.60547,0.0439578,0.0196925,0.0155145,3.6234941,-0.1755825,0.4946797,-3.62391,192,0.024592737,0.022060097,0.024592737,0,-81.0089873167884,35.2079401931042,97,89,8.82,7.6,30,6.5,0,0,0.07,0,0,0,6,0,0,5.6,0,0,0,"1",0.0146364017063746
"248",556,0,88782.28125,-273724549.419492,21167.79492,0.0131848,0.0176135,0.0084186,4.7268519,0.1097393,0.5053196,-3.154082,240,0.043042946,0.004295069,0.161764809,0.09,-81.0674242280985,35.3333829416217,64,69,11,7.7,15,7.5,0,0,0,0,0.42,0,6,0.25,0,6.8,0,0,0,"1",0.036300846924275
"249",566,0,89766.09375,-273724549.419492,8556.636719,0.0266972,0.0157285,0.0201954,6.5413065,0.2359395,0.4848361,-3.367161,209,0.040711829,0.03470601,0.040336645,0,-81.0216731213195,35.2216569211787,0,71,154,7.8,0,250,0,0,0.01,0,0,0,0,0,0,0,0,0,0,"1",0.0171548602705318
"250",567,0,89766.09375,-273724549.419492,8380.595703,0.0266972,0.0157285,0.0201954,1.1842326,0.0932787,0.4817574,-3.327086,208,0.041324137,0.035417869,0.040968103,0,-81.0214745695337,35.2221686372919,229,114,19.1,8,81,148.62,0.00176547231270358,0.568175895765472,0,0.711,0,0,6,0.03,0,5.69,0,0,0,"1",0.0190571764871605
"251",571,0,90085.85156,-273724549.419492,15657.51465,0.0470863,0.0162306,0.0139247,2.3900836,0.2469132,0.5107574,-3.064622,195,0.021465371,0.018980605,0.021465371,0,-81.0094080735652,35.2045723786513,101,106,8.3,7.7,29,0,0,0,0,0,0,0,7,0,0,6.3,0,0,0,"1",0.021314791286575
"252",572,0,90130.46875,0,15299.00098,0.046038,0.0173843,0.0146272,2.6261098,0.0013716,0.5005653,-3.259553,198,0.022938535,0.020477474,0.022938535,0,-81.0091460010928,35.2059114542722,110,91,8.76,7.3,28,18,0,1.3,0,0.22,0,0,9,0,0,6.1,0,0,0,"1",0.0210774960450396
"253",573,0,90243.04688,-273724549.419492,13125.28223,0.039824,0.0231566,0.0155576,3.6676545,0.1975307,0.5172101,-2.961443,197,0.028587012,0.024736681,0.028504347,0,-81.0115449731045,35.2109237952098,57,70,12.5,6.9,14,5.57,0,0,0,0,0,0,5,0,0,6.1,0,0,0,"1",0.0265714802458023
"254",576,0,90412.04688,-4e+08,32175.99609,0.0675471,0.0083388,0.0403908,2.2982233,-0.0973933,0.4725608,-4.093618,215,0.087155507,0.022216685,0.085660379,0,-81.0940704281599,35.1685535922917,110,99,0,7.1,28,0,0,2.6,0,0,0,0,10,0,0,5.7,0,0,0,"1",0.0456235218447197
"255",580,0,90570.33594,-273724549.419492,20596.6582,0.065466,0.0168372,0.0155145,0,0.0274345,0.5124472,-3.005881,217,0.059580338,0.007490384,0.058117318,0,-81.0674178449823,35.1920948562127,24,19,12,6.5,6,0,0,0,0,0,0,0,2,0,0,7.8,0,0,0,"1",0.00715720404802559
"256",592,0,92131.22656,-273724549.419492,12773.50488,0.0382831,0.0243939,0.0155576,3.7112839,0.0397804,0.5021237,-3.668892,192,0.029782001,0.025816649,0.029690098,0,-81.0131752236696,35.2125284305297,85,91,10,7.2,23,9.6,0,0,0,0,0,0,7,0,0,5.7,0,0,0,"1",0.0255313555084989
"257",600,0,93058.91406,-273724549.419492,41505.78516,0.057086,0.0470721,0.0311366,0.7344942,0.0342944,0.4603892,-3.827771,252,0.089282776,0.025349411,0.227171938,0.73,-81.07439615673,35.4009855561324,11,18,5.9,6.6,3,0,0,0,0,0,5.18,0,1,0,0,0,0,0,0,"1",0.0139957760369243
"258",603,0,93320.875,-1.28e+08,20568.49023,0.065924,0.018682,0.0176514,0.9290393,-0.0315501,0.5056536,-2.603589,213,0.057550407,0.00555787,0.056086804,0,-81.0650746466696,35.1918035905747,22,29,4.8,7.5,5,0,0.00176547231270358,0.568175895765472,0,0,0,0,2,0,0,0,0,0,0,"1",0.0156045063397638
"259",604,0,93444.75781,-5.44e+08,19959.49414,0.0344983,0.0359038,0.0322131,6.8033571,-0.138546,0.4787076,-3.985033,212,0.025603485,0.017695453,0.169128337,0.11,-81.0311860615669,35.3506335375207,58,70,8.2,7,13,0,0,0,0,0,1.6,0,7,0,0,0,0,0,0,"1",0.0118741077816083
"260",619,0,95296.00781,-273724549.419492,8935.430664,0.0073136,0.0067428,0.0036568,1.1842326,0.0589854,0.5212392,-2.796222,212,0.018713974,0.023118864,0.130804667,0,-81.0371789827533,35.3107430155355,56,46,4.3,5.9,13,0,0,2.8,0,0,0,0,5,0,0,6.3,0,0,0,"0",0.0244485525679817
"261",622,0,95598.4375,-5.92e+08,35753.30859,0.0486232,0.0460526,0.0406219,4.8716373,-0.1495199,0.5160986,-4.086605,218,0.071844053,0.009568771,0.211885182,0,-81.0600840260522,35.3899419046257,400,120,15,7.7,150,300,0,0,0,0.61,0.25,0,8,0,0,5.5,0,0,0,"1",0.0163046322762191
"262",624,0,95747.24219,-8.64e+08,11739.60938,0.0199623,0.0067428,0.0067428,8.0726433,-0.2235946,0.4717902,-4.717701,193,0.07862169,0.005291271,0.096100079,0,-81.066815902376,35.2596113560353,78,56,8.3,6.8,20,6.4,0,0,0,0,0,0,7,0,0,11,0,0,0,"1",0.0327112533061706
"263",626,0,95838.08594,-273724549.419492,16607.30273,0.018284,0.0173458,0.014068,2.5001462,0.0864203,0.4684491,-2.754601,227,0.021857112,0.011493445,0.156526296,0.07,-81.0459846244965,35.3348480211656,32,43,5.8,7,10,0,0.00176547231270358,0.568175895765472,0,0,0,0,2,0,0,0,0,0,0,"1",0.0235890075012005
"264",628,0,96081.02344,-2.56e+08,10272.1582,0.010343,0.0119057,0.0127727,4.6927934,-0.0672152,0.4672999,-4.275085,190,0.00641071,0.030182758,0.140471803,0,-81.0306312759098,35.3214976585347,170,112,19,7.9,62,84,0,0,0,0,0.11,0,4,0,0,5.9,0,0,0,"1",0.018200031563134
"265",632,0,96368.21875,-1.6e+07,9466.525391,0.0292545,0.0176893,0.0188246,2.7068136,-0.0068589,0.4826491,-4.268278,192,0.037899061,0.032074261,0.037545575,0,-81.0201094715188,35.2191702521982,88,67,12,6.8,19,10,0,0,0,0,0,0,10,0,0,16,0,0,0,"1",0.0228603256437223
"266",633,0,96918.17188,-273724549.419492,11865.9209,0.0378793,0.0312224,0.016065,1.7684314,0.1495211,0.5012096,-2.457391,214,0.039739775,0.027402436,0.038709708,0.09,-81.0371675690739,35.209633383393,67,57,5.8,6.3,18,0,0,0,0.01,0,0.11,0,5,0.01,0,0,0,0,0,"0",0.0333538578511035
"267",639,0,97606.57031,-273724549.419492,19489.19922,0.0636957,0.0165569,0.0157285,2.0766673,0.035666,0.4788064,-2.870679,213,0.0584293,0.006146459,0.056980524,0,-81.0656073861876,35.1944068634648,55,55,6.2,6.8,13,0,0,1.9,0,0,0,0,5,0,0,7.1,0,0,0,"1",0.015051441526433
"268",641,0,97955.28125,-4.96e+08,36286.76172,0.0491973,0.0459071,0.0395882,3.9493225,-0.1262002,0.5092156,-3.889669,221,0.073271072,0.010308379,0.21296909,0.18,-81.0617613491139,35.3905024611475,330,160,13,7.9,120,190,0,0,0,0.25,0.85,0.006,5,0.07,0,0,0,0,0,"1",0.0157345344888751
"269",650,0,98637.39844,-273724549.419492,19687.92383,0.0629141,0.015033,0.0141155,1.9973403,0.0233196,0.4791643,-2.969874,214,0.059388012,0.007138988,0.057942315,0,-81.065779647819,35.1951397669197,54,58,8.5,6.8,14,0,0,4.35,0.01,0,0,0,5,0,0,7.7,0,0,0,"1",0.0137230373755995
"270",665,0,63936.4095552236,-1.04e+09,18673.16992,0.0292773,0.0306169,0.0266972,6.0347114,-0.2620032,0.4896267,-4.309087,192,0.022832426,0.013329617,0.165566316,0,-81.0350325941376,35.3464874835744,410,36,35,7.6,160,410,0,0,0,0,0.38,0,3,0.04,0,6.9,0,0,0,"1",0.0132542743766345
"271",666,0,63936.4095552236,-6.56e+08,8390.472656,0.0260892,0.0165569,0.0192461,4.8716373,-0.1632372,0.5002188,-3.820411,207,0.041398715,0.034936968,0.040945194,0,-81.0240931309588,35.2215375064446,73,75,12,6.9,21,0,0,0,0.26,0,0,0,5,0,0,5.6,0,0,0,"1",0.0199655640266158
"272",670,0,63936.4095552236,-273724549.419492,13049.33984,0.0410638,0.0291858,0.0139247,2.7068136,0.1330591,0.5472538,-3.21193,209,0.036893718,0.025078026,0.035816065,0,-81.0367838726623,35.2064665132939,77,63,7.6,6.7,18,0,0.00176547231270358,0.568175895765472,0,0,0,0,8,0,0,12.6,0,0,0,"1",0.0310018296915328
"273",672,0,63936.4095552236,-9.44e+08,15804.93262,0.0522936,0.0088068,0.0088068,2.9719696,-0.2359385,0.4712839,-4.69175,187,0.060026798,0.004704082,0.058684538,0,-81.0633670477604,35.2063329466681,450,98,26,7.6,140,340,0,0,0,0.22,0.33,0,27,0.08,0,24,0,0,0,"1",0.0224887045810864
"274",673,0,63936.4095552236,-2.08e+08,7722.23877,0.0245306,0.0166776,0.0166776,3.9493225,-0.0521263,0.5195872,-3.144033,205,0.043567955,0.036737777,0.04305313,0,-81.0262140918797,35.2228313973431,48,52,7.1,7.2,11,0,0,1.7,0,0,0,0.007,5,0,0,0,0,0,0,"1",0.0231420995538572
"275",675,0,63936.4095552236,-273724549.419492,35783.41016,0.08015,0.0186461,0.0324612,0.9290393,-0.0298848,0.5098884,-3.577095,220,0.086367165,0.037364772,0.084921301,0,-81.0894409354666,35.1538386714137,47,64,9.3,7.3,13,0,0,0,0,0,0,0,4,0,0,0,0,0,0,"1",0.0900556399387235
"276",676,0,63936.4095552236,-3.36e+08,35202.36328,0.0662781,0.0289327,0.0268221,6.017067,-0.0850483,0.4975525,-4.448156,205,0.067988636,0.008007487,0.211583622,0.92,-81.0357500215096,35.3929854057113,68,81,9.4,6.8,19,0,0,0,0,0,0,0,5,0,0,0,0,0,0,"1",0.0189468890722206
"277",682,0,63936.4095552236,-273724549.419492,8963.195313,0.0297305,0.0231566,0.0143037,2.9719696,0.1056245,0.499647,-3.528787,221,0.044529339,0.034071515,0.043684409,0,-81.0358562548466,35.2173721858269,0,0,0,0,0,0,0,0,0,0,0,0,0,0,0,0,0,0,0,"0",0.0239323881369445
"278",687,0,63936.4095552236,-1.12e+08,17118.11328,0.0513257,0.0109093,0.0077573,3.1132982,-0.0260635,0.510032,-3.419135,200,0.016733534,0.010676261,0.01615294,0,-81.0157277048309,35.1982065757836,31,39,7.2,7.1,9,0,0,0,0,0,0,0,2,0,0,0,0,0,0,"1",0.0250297507266392
"279",694,0,63936.4095552236,-273724549.419492,11830.96973,0.013083,0.0147184,0.0139726,3.8251698,0.0192046,0.4838684,-3.448577,207,0.00463153,0.026564341,0.145521377,0,-81.0308524558171,35.3264748745709,0,0,0,0,0,0,0,0,0,0,0,0,0,0,0,0,0,0,0,"0",0.0166257356468935
"280",699,0,63936.4095552236,-9.44e+08,8241.076172,0.0258575,0.0170738,0.018284,1.6420193,-0.2400547,0.4932371,-3.643493,203,0.041838813,0.035191479,0.041353079,0,-81.0246400176562,35.2210774122439,110,116,9,7.4,35,7.1,0,0,0.68,0,1,0.015,6,0,0,0,0,0,0,"1",0.0201281731155993
"281",703,0,63936.4095552236,-2.56e+08,21077.60938,0.0619826,0.0034692,0.0041694,0.9853842,-0.0658437,0.4579909,-3.574785,207,0.012766342,0.003819716,0.011323341,0,-81.0212743751013,35.1856742933757,27,33,6.5,7.4,8,0,0,0,0,0,0,0,2,0,0,0,0,0,0,"1",0.0297894440361049
"282",707,0,63936.4095552236,-2.08e+08,18602.06641,0.0547911,0.0106613,0.0081769,4.1089568,-0.0562414,0.4861987,-3.510021,213,0.017195827,0.007596954,0.016009894,0.17,-81.0220737350238,35.1923747733978,24,26,5.7,7.1,6,0,0,1.1,0,0,0,0,2,0,0,0,0,0,0,"1",0.0247884823635188
"283",716,0,63936.4095552236,-273724549.419492,9776.420898,0.031984,0.0254667,0.0165569,0.7344942,0.128943,0.5032707,-3.335601,218,0.04256485,0.032681613,0.041686162,0,-81.0356288425459,35.2153826947032,0,62,7,7.3,0,0,0,0,0,0,0.29,0,5,0,0,0,0,0,0,"1",0.0269075914645347
"284",718,0,63936.4095552236,-9.6e+07,18201.49219,0.0536443,0.0117928,0.007034,2.1024425,-0.0274353,0.4857567,-2.497362,212,0.017927962,0.008516431,0.016794709,0.36,-81.0222467194825,35.1934506297444,36,34,6.3,6.9,10,0,0,0,0,0,0.14,0,3,0,0,0,0,0,0,"1",0.0241318358701146
"285",720,0,63936.4095552236,-4.64e+08,17156.77734,0.0548277,0.0202285,0.0095358,8.0007133,-0.1179697,0.4908834,-4.542364,187,0.049072923,0.006894982,0.047679886,0,-81.0550054626929,35.1982528952624,49,65,25,6.7,14,0,0,0,0,0,0.49,0,0,0,0,0,0.1,0,0,"1",0.017649922991165
"286",724,0,63936.4095552236,-273724549.419492,18561.95117,0.0179519,0.0099476,0.0057819,2.5001462,0.0658437,0.5006816,-3.219719,236,0.036239989,0.01198666,0.155131832,0,-81.0619936047019,35.3292434726553,93,89,2.9,7.4,18,0,0,0,0,0,0,0,12,0,0,0,0,0,0,"1",0.0370786887421638
"287",731,0,63936.4095552236,-2.56e+08,16607.30273,0.0502063,0.0119057,0.0073136,3.2976756,-0.0644718,0.5082235,-3.441713,202,0.01775462,0.011532417,0.017169595,0.12,-81.0165012087671,35.1987055985646,49,51,10.3,7.1,12,0,0.00176547231270358,0.568175895765472,0.46,0,14.4,0.074,4,0.06,0,5.34,0,0,0,"1",0.0239617927440164
"288",733,0,63936.4095552236,-6.72e+08,9298.806641,0.0286074,0.018284,0.0185382,10.381278,-0.1714675,0.4902596,-4.383478,201,0.038814922,0.032640467,0.038404233,0.37,-81.0217288600375,35.2189771016625,120,105,10,7,34,0,0,4.65,0,0,0.3,0,9,0.08,0,8,0,0,0,"1",0.0226920628052613
"289",741,0,63936.4095552236,-4.8e+07,18151.36914,0.0283491,0.0297305,0.0259865,8.9467001,-0.0137177,0.5196189,-3.525093,200,0.021014435,0.01496666,0.16403535,0,-81.0334412869315,35.3451785968145,93,91,12,7.1,25,6.2,0,0,0,0,0,0,7,0,0,11,0,0,0,"1",0.0120964000364789
"290",746,0,63936.4095552236,-273724549.419492,8953.950195,0.0294821,0.023243,0.0146272,1.6420193,0.2139923,0.493358,-3.393339,221,0.043968357,0.035351261,0.043162928,0,-81.0344467173618,35.2177774967691,71,67,8,6.9,16,0,0,0,0,0,0,0,7,0,0,5.9,0,0,0,"1",0.0232210822125026
"291",749,0,63936.4095552236,-273724549.419492,16039.01563,0.0168372,0.0171909,0.0127727,5.8010211,0.1440332,0.5270191,-3.614831,224,0.019800895,0.013652911,0.154425748,0,-81.0451633408964,35.3334301881809,68,81,8.6,7,21,0,0,0,0,0.32,0.1,0,4,0.06,0,0,0,0,0,"1",0.023531670787295
"292",758,0,63936.4095552236,-273724549.419492,16607.30273,0.0499258,0.0125082,0.0062273,4.7718778,0.0425242,0.4807124,-3.6041,210,0.018508537,0.011943237,0.017883397,0.17,-81.0172547250469,35.1991895647018,13,111,11,8.1,3,0,0,0,0,0,0,0,5,0,0,0,0,0,0,"1",0.024952351803552
"293",761,0,63936.4095552236,-2.56e+08,16928.36523,0.0512084,0.0143037,0.0046255,3.0959876,-0.0603566,0.518058,-2.450968,213,0.020224315,0.011158151,0.01918219,0,-81.0226821882579,35.19635463953,46,48,10,7.3,13,0,0,0,0.12,0,0,0,3,0,0,7.3,0,0,0,"1",0.0234414623793039
"294",764,0,63936.4095552236,-273724549.419492,33214.60547,0.0266972,0.020847,0.0192461,4.0032506,0.1563789,0.473842,-3.590863,232,0.070135538,0.020071815,0.200596671,0,-81.079223854555,35.3712271855928,130,113,12,7.1,35,7.4,0,1,0,0,0,0,10,0,0,12,0.1,0,0,"1",0.000383551701743694
"295",765,0,63936.4095552236,-273724549.419492,33214.60547,0.0266972,0.020847,0.0192461,4.0032506,0.1563789,0.473842,-3.590863,232,0.070135538,0.020071815,0.200596671,0,-81.0792210018523,35.371228356374,118,105,11.8,7.1,32,5,0,0,0,0,0,0,10,0,0,15.4,0,0,0,"1",0.000383546568855808
"296",768,0,63936.4095552236,-273724549.419492,18242.39844,0.018284,0.0093231,0.0067428,4.8386173,0.0301776,0.4878364,-3.517663,226,0.034313792,0.013526932,0.15486203,0,-81.0591080113653,35.3302010580956,91,95,3.2,7.6,21,0,0,0,0.06,0,0,0,10,0,0,0,0,0,0,"1",0.0363838925708604
"297",770,0,63936.4095552236,-6.72e+08,16686.90625,0.0503791,0.0139247,0.0041694,3.4254887,-0.1632374,0.5001807,-3.99627,206,0.019668292,0.011318907,0.018762248,0,-81.0215464364602,35.1974034473618,39,44,6.8,6.9,10,0,0,0,0,0,0,0,4,0,0,0,0,0,0,"1",0.0233943574973711
"298",771,0,63936.4095552236,-4.64e+08,18972.38086,0.0163537,0.0106613,0.0032707,2.8044105,-0.1193414,0.4922431,-4.224788,226,0.038320083,0.010577552,0.155351522,0.07,-81.0640796155317,35.3286639526981,140,127,6,7.2,31,10,0,0,0,0,0,0,15,0,0,9.5,0,0,0,"1",0.0392383519528059
"299",780,0,63936.4095552236,-2.88e+08,9360.947266,0.0317532,0.0255454,0.0168372,5.5668116,-0.0740737,0.4739237,-3.409866,220,0.04243954,0.033921412,0.041597505,0,-81.0346552354725,35.2163151753453,39,47,6.9,7.1,10,0,0,0,0,0,0,0,3,0,0,0,0,0,0,"1",0.0237022176507147
"300",784,0,63936.4095552236,-5.76e+08,16780.94531,0.0494413,0.0139247,0.0041694,0.6569588,-0.1481478,0.4790222,-4.189729,201,0.019531839,0.011724646,0.018719247,0,-81.0198945033972,35.1983932310026,0,173,96,7,0,0,0,0,0,0,0,0,0,0,0,33,0,0,0,"1",0.0247162579385011
"301",788,0,63936.4095552236,-273724549.419492,13909.56055,0.020847,0.0224529,0.0204585,3.6234941,0.1042529,0.4956207,-3.245342,212,0.00924414,0.023250623,0.152751399,0.06,-81.0287293566493,35.3348274586301,130,117,12,6.9,36,0,0,0,0,0,0,0,9,0,0,12,0,0,0,"1",0.0137782190322053
"302",792,0,63936.4095552236,-273724549.419492,23626.91016,0.0691997,0.0041694,0.0057819,5.2514019,0.079561,0.5189322,-3.523468,204,0.01021597,0.007961186,0.008808003,0.88,-81.0174532308193,35.1792679821994,98,78,13,7,24,0,0,0,0,0,4.9,0,9,0,0,13,0,0,0,"1",0.0316525569423037
"303",793,0,63936.4095552236,-273724549.419492,17618.81836,0.0532439,0.0134856,0.0077573,7.787488,0.0480109,0.4843751,-3.687386,207,0.021686846,0.011974601,0.020472007,0,-81.0265907060386,35.1941711167158,36,52,8.1,7,10,0,0.00176547231270358,0.568175895765472,0,0,0,0,2,0,0,0,0,0,0,"1",0.025058925401373
"304",794,0,63936.4095552236,-273724549.419492,16602.31445,0.0490612,0.0155576,0.0025858,1.3137449,0.161866,0.5043129,-3.19392,213,0.020981672,0.012371562,0.020037277,0,-81.0230307959987,35.197916991322,50,46,7.7,7.2,14,0,0,0,0.13,0.3,0,0,4,0,0,7.5,0,0,0,"1",0.0236670819184535
"305",796,0,63936.4095552236,-3.2e+07,17768.60938,0.0274869,0.0289096,0.0253615,4.6007166,-0.0096019,0.5043992,-3.493905,203,0.019504086,0.015597436,0.162540595,0.21,-81.0345228664647,35.3432473795668,81,95,8.5,6.8,20,0,0,0,0.06,0,0.42,0,8,0.01,0,0,0,0,0,"1",0.00946513294889932
"306",807,0,63936.4095552236,-1.12e+08,16943.03711,0.0233864,0.0247207,0.020847,2.1024425,-0.024691,0.5094355,-3.85626,209,0.01799845,0.013778594,0.159805056,0,-81.0355420218596,35.3402647349935,66,140,14,7.4,21,0,0,0,0,0,0.37,0,5,0.08,0,0,0,0,0,"1",0.00693786893480141
"307",814,0,63936.4095552236,-3.2e+07,16381.34277,0.020943,0.0222435,0.018284,3.3781307,-0.0123464,0.4876842,-3.838059,215,0.017255158,0.013526447,0.157874596,0,-81.0371491957914,35.338006787086,130,147,8.3,7.6,27,0,0,0,0,0,0,0,15,0,0,0,0.2,0,0,"1",0.0050290453110254
"308",815,0,63936.4095552236,-1.92e+08,16381.34277,0.020943,0.0222435,0.018284,2.2025177,-0.0507549,0.4837235,-3.795215,213,0.017317153,0.01353542,0.158108002,0,-81.0369512412264,35.338292246117,90,97,9.5,7.3,20,0,0,0,0,0,0,0,9,0,0,0,0.11,0,0,"1",0.00577991081565394
"309",819,0,63936.4095552236,-273724549.419492,17156.77734,0.0247207,0.0260892,0.0223335,0.9290393,0.1906727,0.5487516,-2.579212,215,0.018991963,0.014131687,0.161415085,0.12,-81.0344516057786,35.3423702977153,81,55,10.3,6.4,21,10.8,0,1.3,0,0,0,0,7,0.03,0,26.2,0.15,0,0,"0",0.00352981261825334
"310",823,0,63936.4095552236,-4.48e+08,9360.947266,0.0304197,0.0245306,0.0161066,2.3900836,-0.1138539,0.5000209,-3.78368,222,0.042609673,0.034299141,0.041799459,0,-81.0337771843195,35.2166292408031,71,72,7.7,6.9,16,0,0,9.6,0.26,0,0,0,7,0,0,6.6,0,0,0,"1",0.0239318169581283
"311",829,0,63936.4095552236,-8.96e+08,28631.93555,0.0844081,0.0296179,0.0057819,9.2223358,-0.2153642,0.4604545,-3.609951,184,0.039531608,0.021576871,0.038170523,0,-81.042840635015,35.1635750649981,80,83,10,7.1,21,0,0,0,0.41,2.4,0,0,7,0,0,12,0,0,0,"1",0.0198096911400728
"312",830,0,63936.4095552236,-273724549.419492,11970.16211,0.0204912,0.0081769,0.0081769,10.205595,0.0864194,0.5176179,-3.810525,205,0.077015097,0.006466405,0.096925678,0,-81.0671678256674,35.2605531178606,61,61,7.7,8.1,15,0,0,0,0,0,0,0,6,0,0,7.9,0,0,0,"1",0.031528194253316
"313",831,0,63936.4095552236,-5.76e+08,17386.95117,0.0553375,0.0218186,0.0081769,7.0553284,-0.1454049,0.4936728,-3.958876,186,0.047754722,0.007183241,0.046356717,0,-81.0534465007576,35.1969729180345,33,47,7.1,6.6,9,0,0,0,0,0,0,0,3,0,0,0,0,0,0,"1",0.0175828390295079
"314",832,0,63936.4095552236,-8.32e+08,17386.95117,0.0263696,0.0278014,0.0243116,7.7604022,-0.2153635,0.4952328,-5.123204,199,0.018398155,0.015969677,0.161397411,0,-81.0343956818099,35.342374572464,84,103,12,8,29,5.8,0,1.1,0,0,0,0,3,0,0,0,0,0,0,"1",0.0035311490872668
"315",835,0,63936.4095552236,-8e+07,16018.34668,0.0197941,0.021102,0.0171909,3.2813458,-0.0192054,0.4959176,-3.455723,217,0.016156146,0.014544185,0.156693682,0,-81.0370299920672,35.337305316445,170,179,8.8,7.9,33,0,0,0,0,0,0.15,0,21,0,0,0,0,0,0,"1",0.00929229008349999
"316",840,0,63936.4095552236,-273724549.419492,15599.21973,0.0471714,0.0157285,0.0034692,1.6420193,0.0233192,0.4987551,-2.598436,216,0.02149717,0.014362445,0.020819142,0,-81.0197363623423,35.2008630822035,47,48,8.4,7.3,13,0,0,0,0,0,0.64,0,4,0,0,0,0,0,0,"1",0.0272297819507848
"317",841,0,63936.4095552236,-273724549.419492,32949.22266,0.0965425,0.026217,0.0109704,4.374136,0.0521263,0.4961818,-4.154861,188,0.065138232,0.034194295,0.063736488,0,-81.0674232284998,35.155724755338,130,129,13,8,41,11,0,0,0,0.27,0,0,6,0,0,0,0,0,0,"1",0.0202136569478759
"318",844,0,63936.4095552236,-1.76e+08,31922.73828,0.0946329,0.0240628,0.0125082,4.8716373,-0.0452677,0.4032829,-3.017065,183,0.064014164,0.031646324,0.062589045,0,-81.0677786507556,35.1590750685488,68,69,8.4,6.6,18,0,0,0,0,0,0,0,6,0,0,5.7,0,0,0,"1",0.0078037091251278
"319",849,0,63936.4095552236,-273724549.419492,15657.51465,0.0464861,0.0188246,0.0011564,3.2318566,0.0109746,0.5006052,-3.722634,216,0.024276153,0.015605253,0.023338432,0.1,-81.0252329632718,35.201140043927,32,109,11,7.6,11,11,0,0,0,0,0.29,0,3,0,0,0,0,0,0,"1",0.0228964071981981
"320",850,0,63936.4095552236,-273724549.419492,15326.04492,0.0464861,0.0188246,0.0011564,3.2813458,0.1001382,0.4911946,-3.425467,213,0.024693591,0.016138817,0.023781683,0,-81.0248183297973,35.2013890501681,77,80,9.3,8,25,0,0,0,0,0,2.2,0,10,0,0,6.9,0,0,0,"1",0.0229691740441664
"321",860,0,63936.4095552236,-273724549.419492,17248.25391,0.0548399,0.0228075,0.007034,3.3781307,0.0672155,0.4948141,-3.992838,188,0.046583543,0.008682351,0.045197757,0.05,-81.051852991151,35.1979301352815,56,82,14,6.9,15,0,0,4.1,0,0,0.47,0,5,0,0,0,0,0,0,"1",0.0166254170035408
"322",861,0,63936.4095552236,-3.04e+08,17248.25391,0.0548399,0.0228075,0.007034,4.9908075,-0.0727025,0.4838211,-4.190111,184,0.047261162,0.008097093,0.045872437,0,-81.0528543325682,35.1974353580151,72,83,10,7.4,19,0,0,0,0,0,0,0,6,0,0,5.1,0,0,0,"1",0.0168645360417057
"323",862,0,63936.4095552236,-273724549.419492,15657.51465,0.0186461,0.0199623,0.0161066,2.3215306,0.0987647,0.5140524,-2.71653,220,0.016124274,0.01453406,0.156322343,0,-81.0378502503791,35.3369573397629,47,62,8.5,6.7,12,0,0,0,0,0,0,0,4,0,0,0,0,0,0,"1",0.0111895874631759
"324",863,0,63936.4095552236,-273724549.419492,15320.63965,0.0462843,0.016065,0.0047679,3.2318566,0.0713303,0.5150693,-2.62318,216,0.022033109,0.015446609,0.021451445,0,-81.0185406428674,35.2020448679727,73,57,9.66,7.2,19,0,0,0,0.05,0,0,0,6,0,0,12,0,0,0,"1",0.0310214177177294
"325",865,0,63936.4095552236,-5.28e+08,31790.14453,0.0952597,0.0247477,0.0119057,4.9261703,-0.1344309,0.4056272,-3.356119,182,0.063976044,0.031851883,0.062554246,0,-81.0678054508125,35.1589939015281,160,139,12,7.4,49,9.2,0,0,0,0,0,0,9,0,0,17,0,0,0,"1",0.00779076937759173
"326",869,0,63936.4095552236,-273724549.419492,13529.23145,0.0413235,0.0204912,0.0098122,1.0386748,0.0795612,0.5038865,-2.103543,210,0.026630903,0.021047055,0.026256228,0,-81.0168895177196,35.2082091663359,112,115,6.8,7.8,35,5.23,0,1.56,0,0,0,0,6,0,0,5.95,0,0,0,"1",0.0869984854488895
"327",871,0,63936.4095552236,-273724549.419492,15195.79297,0.0451582,0.020847,0.0036568,4.147893,0.0836756,0.5472364,-3.001121,212,0.026741631,0.017783131,0.025750767,0,-81.0275044071598,35.2016749635973,62,83,17,7.6,14,0,0,0,0.23,0,0,0,7,0,0,0,0,0,0,"1",0.026911133931524
"328",872,0,63936.4095552236,-1.92e+08,16572.35547,0.0224529,0.0238395,0.0201954,3.0959876,-0.0438954,0.5106309,-3.700794,213,0.017018148,0.014641264,0.158924488,0,-81.0356832430544,35.3399747118888,56,66,6.7,7,13,0,0,0,0,0,0.13,0,6,0,0,0,0,0,0,"1",0.00636179389743206
"329",873,0,63936.4095552236,-4.8e+07,16572.35547,0.0224529,0.0238395,0.0201954,2.9355664,-0.0096021,0.5103567,-3.346572,216,0.016897957,0.014587576,0.158669532,0,-81.035891062528,35.3396828087321,176,185,9.2,7.8,56,5,0,0,0,0,0,0,9,0.021,0,0,0.158,0,0,"1",0.00698620628857471
"330",875,0,63936.4095552236,-3.2e+07,9396.272461,0.0292773,0.0201954,0.0173843,4.5657005,-0.0109737,0.4831465,-3.942211,208,0.038957484,0.032189738,0.038441713,0,-81.0244778448723,35.2184952132565,82,93,9.2,7,22,0,0,0,0,0,0,0,7,0,0,0,0,0,0,"1",0.0238751323033974
"331",878,0,63936.4095552236,-2.24e+08,16780.94531,0.0238395,0.0252558,0.0217265,2.7068136,-0.0548697,0.4986647,-3.396417,215,0.017629613,0.014969395,0.160048969,0,-81.0347651528821,35.3412451191005,39,49,7.9,7.4,10,0,0,0,0,0,0,0.006,4,0,0,0,0,0,0,"1",0.00872593323702466
"332",879,0,63936.4095552236,-4.8e+08,16018.34668,0.0199623,0.0213227,0.0176135,1.0386748,-0.1193424,0.4846204,-3.521671,216,0.016367598,0.014463083,0.157302106,0.06,-81.0370288707436,35.3380814288399,20,29,6.7,6.4,5,0,0,0,0.03,0,1.25,0,2,0,0,0,0,0,0,"0",0.00467591436615498
"333",880,0,63936.4095552236,-4.8e+08,29374.41016,0.086203,0.0286307,0.0032707,5.4507232,-0.1179698,0.4880735,-4.227667,195,0.038046687,0.025570649,0.036767882,0,-81.0389700908609,35.1611021764495,51,60,6.9,7.8,11,0,0.00176547231270358,0.568175895765472,0,0,0,0,5,0,0,0,0,0,0,"1",0.0162173412499104
"334",882,0,63936.4095552236,-7.68e+08,13843.90625,0.0181003,0.0196585,0.0171909,2.7068136,-0.1947873,0.502185,-4.005154,213,0.009981137,0.020858021,0.152204772,0,-81.0320582758213,35.3335535921243,100,95,8.8,7.1,32,29,0,0,0,0,0,0,6,0,0,0,0,0,0,"1",0.0144354219949546
"335",888,0,63936.4095552236,-273724549.419492,17118.11328,0.0543624,0.0238114,0.0058964,0.9290393,0.0096021,0.4848071,-3.921452,189,0.045765407,0.009033042,0.044376811,0,-81.051772550919,35.1974580241965,130,139,8.3,8.1,39,5.3,0,0,0,0,0,0,7,0,0,0,0,0,0,"1",0.0165166203395324
"336",889,0,63936.4095552236,-273724549.419492,16203.41699,0.0213227,0.0227193,0.0191416,1.3541625,0.1426616,0.5117055,-3.30517,217,0.015850634,0.015470983,0.157660713,0,-81.0356029959841,35.3384045640442,77,80,5.9,7.6,21,7.2,0,0,0,0,0,0,6,0,0,0,0,0,0,"1",0.00856026690101777
"337",892,0,63936.4095552236,-273724549.419492,11809.94922,0.0165569,0.0190716,0.0011564,3.9493225,0.0562413,0.5056649,-3.165952,230,0.038550839,0.018736368,0.121568644,0,-81.0515451842179,35.2972490662664,0,39,28.5,7.6,0,0,0.00176547231270358,0.568175895765472,0,0,0,0,0,0,0,7.5,0,0,0,"1",0.052017843389285
"338",893,0,63936.4095552236,-273724549.419492,14589.60547,0.0191416,0.020686,0.0180633,3.5335,0.0246906,0.5230685,-3.576509,215,0.011002015,0.020091002,0.153446728,0,-81.0316445980795,35.3345385507073,104,90,8,8.3,25,14.11,0.00176547231270358,0.568175895765472,0,0,0,0,10,0,0,7.92,0,0,0,"1",0.0118632897899966
"339",901,0,63936.4095552236,-8e+07,28767.57031,0.036805,0.042911,0.0415173,2.3215306,-0.0219482,0.5085245,-3.427208,233,0.052474288,0.011478813,0.192070535,0,-81.0541623972219,35.3702010596812,93,109,12,7.6,29,0,0,0,0,0,0,0,5,0,0,7.4,0,0,0,"1",0.0108280097354539
"340",902,0,63936.4095552236,-273724549.419492,15471.26758,0.0201954,0.021603,0.0181003,1.3541625,0.057613,0.5057843,-3.247771,216,0.014593677,0.016299581,0.156029457,0,-81.036327517095,35.3359458739486,100,95,9.6,7.3,24,16,0,0,0,0,0,0,10,0,0,0,0,0,0,"1",0.0124797863981994
"341",908,0,63936.4095552236,-1.6e+08,13529.23145,0.0409824,0.020847,0.0090316,1.0386748,-0.0370368,0.5003461,-2.554545,211,0.027051817,0.021263738,0.02664701,0,-81.0176595619717,35.2085097164569,112,125,7.6,7.9,35,7.68,0,0,0,0,0.12,0,6,0,0,0,0,0,0,"1",0.0629868003829074
"342",909,0,63936.4095552236,-273724549.419492,30306.98633,0.0892441,0.0186461,0.0180633,7.8413658,0.041152,0.5007949,-2.872357,192,0.065633899,0.029944982,0.06416922,0.06,-81.0706974202519,35.1642708718163,94,90,8.1,7.6,31,0,0,2,0,0,0,0,7,0,0,0,0,0,0,"1",0.0223450682333161
"343",910,0,63936.4095552236,-4.8e+07,9536.261719,0.0032707,0.0036568,0.0067428,2.5001462,-0.0150883,0.4812817,-3.301536,215,0.015355314,0.027491171,0.135073541,0,-81.0370399486839,35.3151371729923,27,28,4.5,7.2,7,0,0,2.5,0,0,0,0,3,0,0,0,0,0,0,"1",0.000109276114294446
"344",911,0,63936.4095552236,-4.8e+07,9536.261719,0.0032707,0.0036568,0.0067428,2.5001462,-0.0150883,0.4812817,-3.301536,215,0.015355314,0.027491171,0.135073541,0,-81.0370395177426,35.3151376185297,32,31,5.2,6.7,8,0,0.00176547231270358,0.568175895765472,0,0,0,0,3,0,0,0,0,0,0,"1",0.000109273768505937
"345",912,0,63936.4095552236,-273724549.419492,28999.83789,0.0852044,0.0286307,0.0036568,7.0702996,0.1207125,0.5030231,-3.621072,195,0.038976225,0.023765619,0.037656505,0,-81.0407919783931,35.1620994418447,74,85,8.8,7.2,17,0,0,0,0,0,0,0,7,0,0,0,0,0,0,"1",0.0177562605912367
"346",918,0,63936.4095552236,-273724549.419492,15009.33398,0.0443214,0.0196925,0.0023128,1.6745193,0.0150891,0.4805531,-3.798685,214,0.024951641,0.016931151,0.024145085,0.17,-81.0232179437174,35.2022903282197,72,74,7.7,7,17,0,0,2.88,0.01,0,0.1,0,7,0,0,0,0,0,0,"1",0.0273366142769633
"347",921,0,63936.4095552236,-9.6e+07,21478.53125,0.0641142,0.0016354,0.0016354,3.0257473,-0.0274349,0.4283217,-3.02553,209,0.012814736,0.004800041,0.011330922,0.06,-81.0216081669182,35.1841389921246,50,48,8.2,7,13,0,0,0,0,0,4.5,0,4,0,0,8.2,0,0,0,"1",0.0311166028086781
"348",922,0,63936.4095552236,-273724549.419492,14198.33008,0.0168372,0.018284,0.0150774,2.3215306,0.0315507,0.5588929,-2.556817,218,0.011840061,0.018829968,0.152483409,0.1,-81.0345712320925,35.3334531236507,92,86,10.5,7.6,25,0,0,0,0,0,0,0,7,0,0,10.22,0,0,0,"1",0.0150865522669076
"349",923,0,63936.4095552236,-4.48e+08,19780.25586,0.0621119,0.0104715,0.0081769,5.6522746,-0.1124829,0.496503,-3.650224,206,0.066763038,0.007869808,0.065327782,0.12,-81.0717972654526,35.1981880673187,44,56,11,7,12,0,0,0,0,0,0.25,0,6,0,0,0,0,0,0,"1",0.0214087567742349
"350",924,0,63936.4095552236,-273724549.419492,23626.91016,0.0690159,0.0036568,0.0049061,4.275084,0.0576134,0.5080427,-3.128981,206,0.011283848,0.008254717,0.009861738,0,-81.0185388433361,35.1791009208728,97,61,10,7,25,0,0,0,0,0,0.24,0,9,0,0,21,0,0,0,"1",0.0310871653796338
"351",925,0,63936.4095552236,-273724549.419492,11830.96973,0.0370765,0.030066,0.0122925,3.2484376,0.1248286,0.5219555,-2.584476,216,0.035960577,0.027405095,0.035084325,0,-81.0314037786511,35.2105458123295,63,52,14,7.4,16,0,0,0,0,0,0.23,0,5,0,0,13,0,0,0,"1",0.105969406128412
"352",926,0,63936.4095552236,-273724549.419492,9100.746094,0.0289327,0.0218186,0.0179519,6.4515057,0.1440332,0.5113824,-4.287949,222,0.040708573,0.033277677,0.040073727,0,-81.0281877185993,35.2179509538426,26,31,4.3,6.8,7,0,0,0,0.38,0,0,0,2,0,0,0,0,0,0,"1",0.0271158896355852
"353",927,0,63936.4095552236,-2.24e+08,23682.93164,0.0724473,0.0289096,0.0204585,4.312499,-0.0576125,0.4962782,-4.053397,206,0.051622661,0.011270408,0.050120612,0,-81.0577079717996,35.1808665296815,67,56,6.7,7.2,15,0,0,0,0,0,0,0,7,0,0,8.5,0,0,0,"1",0.0201122275265627
"354",930,0,63936.4095552236,-273724549.419492,9801.802734,0.0313079,0.0256759,0.0170738,1.9973403,0.1563773,0.4998078,-2.396495,223,0.040529389,0.032428458,0.03976008,0,-81.0318859167147,35.2158466953977,35,48,7.6,7.3,8,0,0.00176547231270358,0.568175895765472,0,0,0,0,3,0,0,0,0,0,0,"1",0.0273306752021869
"355",935,0,63936.4095552236,-273724549.419492,16126.5625,0.0517151,0.0011564,0.0011564,0.9290393,0.138546,0.5034507,-2.477233,208,0.068514929,0.006419514,0.067173748,0,-81.0711265192596,35.2091982700566,240,186,12,7.5,60,18,0,0,0,0,0,0,22,0,0,14,0,0,0,"1",0.0196157245754544
"356",944,0,63936.4095552236,-6.4e+07,18314.89844,0.0544607,0.0164353,0.0122925,8.5583467,-0.0164612,0.5116197,-4.362547,190,0.026554365,0.016727052,0.025199568,0,-81.0332295542838,35.1929948618583,38,50,6.9,7.2,10,0,0,0,0,0,0,0,3,0,0,0,0,0,0,"1",0.0213061860789223
"357",945,0,63936.4095552236,-4.8e+07,9776.420898,0.0324612,0.026622,0.016065,3.3781307,-0.0109746,0.5281584,-2.695906,225,0.040084529,0.031865657,0.03928953,0,-81.0317035405152,35.2152401507203,57,60,8.7,6.7,14,0,0,0,0,0,0.43,0,5,0,0,5,0,0,0,"1",0.0288695228432854
"358",949,0,63936.4095552236,-273724549.419492,29349.02344,0.086071,0.0278494,0.0025858,2.5639057,0.0150885,0.4985026,-3.415833,187,0.037350113,0.025919053,0.036082209,0,-81.0383004723523,35.161398844259,84,88,7.3,8.1,23,0,0,0,0,0,0,0,6,0,0,0,0,0,0,"1",0.0160436416105024
"359",958,0,63936.4095552236,-273724549.419492,9852.37207,0.0036568,0.0032707,0.0065415,3.1132982,0.0096023,0.4727168,-2.647821,211,0.016677289,0.026875659,0.134611517,0,-81.0386079313422,35.3136759246001,44,45,4.7,7.4,10,0,0,0,0,0,0,0,5,0,0,5.8,0,0,0,"1",0.022637489078382
"360",964,0,63936.4095552236,-273724549.419492,29136.60352,0.03844,0.0443214,0.042911,4.4589748,0.067215,0.5095406,-3.751524,230,0.053139294,0.010880635,0.19294351,0,-81.054090800602,35.3702416655007,86,47,14,6.6,22,0,0,0,0,0,0,0,8,0,0,30,0,0,0,"1",0.0107126682623598
"361",970,0,63936.4095552236,-3.2e+07,17420.26367,0.0564855,0.0062273,0.0057819,3.8391652,-0.0082313,0.5078115,-3.948894,202,0.064823545,0.001802752,0.063436736,0,-81.0696009298607,35.2038713226378,112,111,8.6,7.6,32,0,0,3.29,0,0,0,0,8,0.07,0,7.95,0,0,0,"1",0.0162787891253288
"362",973,0,63936.4095552236,-4.8e+08,17353.57422,0.0543624,0.0041694,0.0041694,6.9267149,-0.1207134,0.5124283,-4.527832,199,0.06595596,0.002661861,0.064580583,0.06,-81.069509121347,35.2044604391256,90,89,8.9,7,22,0,0,0,0,0,0,0,8,0,0,7.2,0,0,0,"1",0.0163489758609206
"363",977,0,63936.4095552236,-273724549.419492,29506.63281,0.03844,0.0435298,0.042093,4.5657005,0.2551435,0.5347223,-3.268595,235,0.054587556,0.009515724,0.194442447,0,-81.0552072393881,35.3720215609331,51,47,11.7,7,13,0,0,0,0.1,0,0,0,5,0,0,11.6,0,0,0,"1",0.0341628334925069
"364",980,0,63936.4095552236,-8.32e+08,32825.82422,0.0949362,0.0245851,0.0124546,6.1740007,-0.2139921,0.4728366,-5.022912,182,0.066069986,0.033977276,0.064653222,0.32,-81.0688369398312,35.1568145356582,71,76,11,6.7,20,7.5,0,0,0,0.24,0,0,5,0,0,8.3,0,0,0,"1",0.019731989920517
"365",992,0,63936.4095552236,-273724549.419492,28804.97461,0.039283,0.0454387,0.0440338,4.7718778,0.0960221,0.524718,-2.293784,236,0.05185361,0.012501979,0.192262888,0,-81.0515329798409,35.3703395634223,69,60,11,7,19,0,0,0,0,0,0,0,5,0,0,18,0,0,0,"1",0.024156486773671
"366",996,0,63936.4095552236,-3.2e+07,38955.01953,0.0492381,0.0407369,0.0289096,3.1132982,-0.0109737,0.4579107,-4.034749,248,0.082070001,0.018344296,0.219042014,0.33,-81.0739241671178,35.3922306941574,197,172,16.7,7.1,51,0,0,0,0,0,0,0,17,0,0,0,0,0,0,"1",0.0139304791528126
"367",1002,0,63936.4095552236,-273724549.419492,11056.56348,0.0347108,0.0279692,0.0134856,1.1842326,0.0315499,0.5373129,-3.726649,216,0.036841784,0.028620547,0.03603944,0,-81.0306872396154,35.2122472534847,0,73,46,7.1,0,0,0,0,0,0.23,0,0,0,0,0,5.9,0,0,0,"1",0.0449119308890355
"368",1005,0,63936.4095552236,-273724549.419492,23084.3418,0.0677053,0.0023128,0.0032707,2.2025177,0.1083681,0.5037265,-2.655936,208,0.012707383,0.00804155,0.011238811,1.8,-81.0213707262924,35.1794606056445,34,42,6.7,7.1,8,0,0,0,0,0,63,0.013,3,0,0,0,0,0,0,"1",0.0335795946635363
"369",1011,0,63936.4095552236,-273724549.419492,12721.52734,0.0393341,0.026217,0.0083388,2.3215306,0.0548699,0.5063426,-3.151195,219,0.032341812,0.023929863,0.03148783,0,-81.0288885384126,35.2077099660276,32,37,5.21,7.2,7,0,0,0,0.1,1.2,0.13,0,4,0,0,0,0,0,0,"1",0.0373885646095716
"370",1012,0,63936.4095552236,-273724549.419492,29735.91211,0.0859544,0.0270949,0.0023128,0.7344942,0.2633735,0.5124593,-2.707393,190,0.036233926,0.026753843,0.034990423,0,-81.0367911177915,35.1607713278891,77,88,8.2,7.3,22,0,0,0,0,0,0,0,5,0,0,0,0,0,0,"1",0.0191458584912704
"371",1020,0,63936.4095552236,-273724549.419492,10247.94043,0.0323788,0.0253878,0.015033,6.4924836,0.1495201,0.4982891,-3.685012,223,0.03805305,0.03010292,0.037309366,0,-81.0295062914585,35.2140771122835,71,71,9.3,7.2,18,0,0,4.2,0,0,0,0,6,0,0,6.7,0,0,0,"1",0.0302318269772949
"372",1029,0,63936.4095552236,-273724549.419492,17505.63477,0.0549739,0.0253878,0.0046255,4.5539675,0.0178326,0.4954418,-3.702438,187,0.044524639,0.009396276,0.043125812,0,-81.0506612955758,35.1959070221417,51,61,8.4,6.8,15,0,0.00176547231270358,0.568175895765472,0,0,0.13,0.013,4,0,0,0,0,0,0,"1",0.0176082359660376
"373",1032,0,63936.4095552236,-273724549.419492,16982.09961,0.0527899,0.0011564,0.0011564,2.2025177,0.0699587,0.5084145,-2.274024,207,0.069636447,0.006823339,0.068282723,0.13,-81.0726949801902,35.2084562472649,120,122,7.6,7.3,31,0,0,1.4,0,0,0,0,11,0,0,9.1,0,0,0,"1",0.0180427199658172
"374",1037,0,63936.4095552236,-273724549.419492,11056.56348,0.0346915,0.0274139,0.0129288,6.4924836,0.0054869,0.5083572,-3.173876,212,0.036534463,0.02843112,0.035755845,0.08,-81.0291983359668,35.2126227503596,79,88,9.1,8.1,26,5,0,0,0,0,0.24,0,4,0,0,0,0,0,0,"1",0.0323098173360151
"375",1045,0,63936.4095552236,-273724549.419492,17949.47656,0.053806,0.020847,0.0084186,5.4213028,0.0260631,0.4037751,-2.870295,176,0.031188776,0.014521827,0.029815293,0,-81.0378028056035,35.1933151332725,120,126,9.7,7.7,34,5.6,0,0,0,0.23,2.1,0,8,0.05,0,0,0,0,0,"1",0.0188848159855057
"376",1046,0,63936.4095552236,-6.4e+07,19335.60547,0.061026,0.0088068,0.0057819,3.7400842,-0.0137171,0.4665284,-3.295049,205,0.070053397,0.006001804,0.068631976,0.52,-81.075534103635,35.20120642408,13,10,2.7,6.3,4,0,0.00176547231270358,0.568175895765472,0.05,0,0.19,0,1,0,0,0,0,0,0,"0",0.019081287289923
"377",1048,0,63936.4095552236,0,17926.39063,0.0574247,0.0057819,0.0041694,1.3541625,0.0013725,0.4760843,-2.851751,211,0.067149907,0.004284627,0.065755061,0.06,-81.0725737568619,35.2029520636178,86,78,7.6,7,21,0,0,1.8,0,0,0,0,8,0,0,7.3,0,0,0,"1",0.0184319375953735
"378",1056,0,63936.4095552236,-3.52e+08,18314.89844,0.0556988,0.0166776,0.0124546,7.3054957,-0.0864198,0.5028226,-4.177449,191,0.027145676,0.017119388,0.025773023,0,-81.0338879054453,35.1923566405531,77,82,8.1,7.7,22,0,0.00176547231270358,0.568175895765472,0,0,1.23,0,5,0.02,0,0,0,0,0,"1",0.02040257620363
"379",1057,0,63936.4095552236,-2.88e+08,10706.43848,0.0347108,0.0268968,0.0124546,2.9355664,-0.0713307,0.4643249,-3.217478,206,0.035979008,0.02811841,0.035247938,0.55,-81.0280838281815,35.2126091715393,95,94,11,7.2,23,0,0,0,0,0,0,0,9,0,0,7.8,0,0,0,"1",0.0163732286673459
"380",1058,0,63936.4095552236,-4.48e+08,11108.87598,0.0347108,0.0268968,0.0124546,2.6261098,-0.1152263,0.4775591,-3.702475,209,0.035467248,0.027589893,0.034731416,0,-81.0280123201707,35.2125682434619,95,74,9.5,7.3,26,0,0.00176547231270358,0.568175895765472,0,0,0.1,0,7,0,0,25.97,0,0,0,"1",0.0163763808822966
"381",1059,0,63936.4095552236,-1.6e+07,17880.12891,0.0563789,0.0046255,0.0032707,2.6261098,-0.0013718,0.4758021,-2.193044,206,0.068009242,0.004833446,0.066621251,0,-81.0732156448998,35.2041215341785,65,72,8.5,6.6,18,0,0,0,0,0,0,0,5,0,0,5.1,0,0,0,"1",0.0152607153903088
"382",1067,0,63936.4095552236,-273724549.419492,28942.66016,0.0849214,0.0269961,0.0016354,3.3461831,0.0521255,0.5131838,-2.958136,185,0.036246601,0.02453147,0.03495233,0.17,-81.0394117821324,35.163181297583,40,48,6.5,7.2,10,0,0,0,0.07,0,0,0,3,0,0,0,0,0,0,"1",0.0181521073095126
"383",1068,0,63936.4095552236,-1.76e+08,28968.4043,0.0849214,0.0269961,0.0016354,0.7344942,-0.041153,0.5303964,-3.200655,188,0.036917124,0.024243316,0.035614667,0,-81.0388997064468,35.1625378583786,41,51,6.5,7.4,11,0,0,0,0,0,0.25,0,4,0,0,0,0,0,0,"1",0.0174817531583309
"384",1071,0,63936.4095552236,-3.2e+07,19029.04688,0.0599984,0.0077573,0.0046255,4.4106984,-0.0109735,0.4709657,-3.343774,205,0.069996922,0.007054969,0.068587294,0.05,-81.0752300607072,35.2024979083069,112,105,9.1,7.3,31,0,0,5.02,0.05,0,0,0,8,0.01,0,9,0,0,0,"1",0.0180330416707003
"385",1072,0,63936.4095552236,-273724549.419492,17277.04102,0.0548277,0.0025858,0.0011564,1.3137449,0.0356654,0.5048925,-2.906005,208,0.069531584,0.006279377,0.068161262,0.21,-81.073151566279,35.2067047613879,330,261,14,7.8,85,27,0,0,0,0,0,0,27,0,0,18,0,0,0,"1",0.0145284218509464
"386",1082,0,63936.4095552236,-2.4e+08,17576.45898,0.0558547,0.0036568,0.0016354,3.5486591,-0.057613,0.4642662,-2.720528,209,0.069186056,0.00587942,0.067807883,1.3,-81.0739646646636,35.2056014471111,190,173,11,7.6,46,20,0,0,0.59,0,2,0,18,0,0,7.7,0,0,0,"1",0.0161589445309512
"387",1088,0,63936.4095552236,-273724549.419492,17277.04102,0.0553738,0.0032707,0,2.2025177,0.0672159,0.4996338,-1.706423,209,0.07009093,0.006844932,0.068721341,0.05,-81.0739841362782,35.2073702501121,15,27,7.7,6.3,5,22.09,0,4.82,0,0,0,0,1,0,0,12.36,0,0,0,"0",0.0153035569916206
"388",1090,0,63936.4095552236,-3.2e+07,26363.9043,0.07688,0.0115638,0.0117928,1.3934064,-0.0054866,0.4874616,-2.128539,210,0.016566167,0.012468016,0.015462721,0,-81.0195631993924,35.1713089784238,0,135,80,9.7,0,0,0,3.93,0,0,0,0,0,0,0,34,0,0,0,"0",0.0357790790770702
"389",1091,0,63936.4095552236,-9.6e+07,18151.36914,0.057413,0.0051715,0.0023128,3.3461831,-0.023319,0.5038279,-2.941844,207,0.069600322,0.006495672,0.068208135,0,-81.0739279666124,35.2042900063901,140,137,10,8,44,6,0,0,0,0,0.31,0,7,0,0,13,0,0,0,"1",0.0153868413358787
"390",1092,0,63936.4095552236,-2.56e+08,18332.97656,0.0558068,0.0176514,0.0113891,4.312499,-0.0644716,0.4772363,-3.326376,179,0.028789844,0.015113671,0.02739162,0,-81.0351760829921,35.1912643823152,47,21,10,6.3,9,0,0,0,0,0,0,0,6,0,0,23,0,0,0,"0",0.0162663467906225
"391",1113,0,63936.4095552236,-5.76e+08,18721.89453,0.0568513,0.016065,0.0129288,11.0164919,-0.1440334,0.5026651,-4.950687,182,0.026363297,0.016645676,0.024960893,0,-81.0329072973867,35.1894682824412,91,72,12,6.6,24,0,0,0,0,0,0,0,7,0,0,13,0,0,0,"1",0.0199434579142923
"392",1114,0,63936.4095552236,-6.08e+08,19128.89258,0.0568513,0.016065,0.0129288,5.1797853,-0.1604944,0.5086445,-4.232578,182,0.026504342,0.016406944,0.02509093,0,-81.0333082616353,35.1893299272077,64,43,11,6.5,19,0,0,1.2,0,0,0,0,4,0,0,14,0,0,0,"1",0.0196811583320576
"393",1116,0,63936.4095552236,-1.6e+08,36222.79688,0.0453503,0.040917,0.0347685,2.9538245,-0.0425251,0.496462,-3.807264,229,0.074001774,0.010058273,0.212362265,0.11,-81.0676598979418,35.3870760556067,124,125,10.1,7.8,35,11.3,0,0,0.02,0,0.66,0,9,0.008,0,0,0,0,0,"1",0.0118987985170603
"394",1118,0,63936.4095552236,-273724549.419492,17777.92969,0.0560459,0.0259865,0.0047679,10.381278,0.1275721,0.4510481,-2.990562,185,0.043233183,0.010167445,0.041827591,0,-81.0497648637144,35.1949167207019,54,82,8.5,7,16,0,0,0,0,0,0,0,4,0,0,0,0,0,0,"1",0.0149287044444148
"395",1125,0,63936.4095552236,-5.76e+08,23553.17969,0.0715184,0.0311366,0.0189661,2.2025177,-0.1495196,0.5050193,-2.997992,209,0.049001738,0.008797207,0.047499754,0.15,-81.056084463422,35.1813950233201,52,40,5.6,7.2,9,0,0,0,0,0,0.11,0,3,0,0,0,0,0,0,"1",0.023730663160546
"396",1126,0,63936.4095552236,-273724549.419492,23166.7168,0.0715184,0.0311366,0.0189661,2.0766673,0.0493827,0.5183596,-2.981453,206,0.049494904,0.00903421,0.047993451,0,-81.0573427233667,35.1810104380657,29,32,4.6,7.2,7,0,0,0,0,0,5.9,0,7,0.09,0,0,0,0,0,"1",0.0200956735955249
"397",1131,0,63936.4095552236,-1.76e+08,18739.58203,0.0559384,0.0186461,0.010343,3.6676545,-0.0452676,0.480771,-3.322295,176,0.028792506,0.014876509,0.027387549,0,-81.035219320135,35.1910731585462,130,146,10,7.7,45,8,0,0,0,0,0,0,5,0,0,0,0,0,0,"1",0.0163241538897466
"398",1142,0,63936.4095552236,-1.6e+07,33868.96094,0.0934384,0.0238395,0.0152099,4.8386173,-0.0054875,0.4752391,-3.687699,207,0.070411188,0.038452007,0.069005242,6.8,-81.0721832091659,35.1540494427562,0,10,0,6.8,0,0,0,0,0,0,0,0,0,0,0,0,0,0,0,"1",0.0219839518090252
"399",1144,0,63936.4095552236,-3.84e+08,17670.45117,0.0544361,0.0238114,0.0051715,3.0959876,-0.1001367,0.4964803,-4.302605,181,0.034947149,0.012602197,0.033569383,1.11,-81.0407219923082,35.1943393323122,57,71,9.9,7,15,0,0.00176547231270358,0.568175895765472,1.67,0,0,0,5,0,0,0,0,0,0,"1",0.0199841961140746
"400",1147,0,63936.4095552236,-5.6e+08,17949.47656,0.0551318,0.0212284,0.0077573,7.2182331,-0.1495197,0.37404,-2.942391,176,0.031537138,0.013724813,0.030149499,0,-81.0377780016505,35.1928864702586,58,73,9.3,6.9,16,0,0,0,0,0,0.12,0,5,0,0,0,0,0,0,"1",0.018847846799077
"401",1154,0,63936.4095552236,-273724549.419492,24283.81836,0.0742341,0.0328909,0.0196925,3.0257473,0.1371746,0.4644051,-3.2345,206,0.044255728,0.008197239,0.042756808,0,-81.0532859577955,35.1770174667507,26,31,7.7,7.4,7,0,0,0,0.09,0.21,0,0,2,0,0,0,0,0,0,"1",0.0252964720944265
"402",1165,0,63936.4095552236,-273724549.419492,34037.27734,0.0821765,0.0154281,0.027218,4.262538,0.0315505,0.4946655,-2.773877,217,0.079521666,0.037061684,0.078069992,0,-81.082480526629,35.157700696737,37,56,15,7.1,10,0,0,0,0,0,0,0,3,0,0,8,0,0,0,"1",0.034321131144194
"403",1166,0,63936.4095552236,-240000016,17731.2793,0.0546934,0.0248286,0.0041694,2.2025177,-0.0631002,0.4745259,-3.401615,184,0.03630488,0.011537795,0.034915818,0,-81.0428049612582,35.1945168692501,24,35,7.9,6.7,7,0,0,0,0,1.7,0,0,2,0,0,0,0,0,0,"1",0.0213925275812557
"404",1170,0,63936.4095552236,-4.32e+08,18283.21484,0.0575526,0.0256759,0.0062273,4.7718778,-0.1111113,0.5003065,-3.448881,197,0.044590147,0.007999815,0.04315821,0,-81.0512612087292,35.1935763761243,86,99,8.4,7.1,23,0,0,0,0,0,0.14,0,7,0,0,0,0,0,0,"1",0.0194081331721281
"405",1174,0,63936.4095552236,-273724549.419492,36402.98438,0.044637,0.039249,0.0324612,3.2484376,0.0768167,0.4950015,-4.019682,241,0.075316045,0.011503675,0.212989421,0.14,-81.0679398290651,35.387747893366,150,152,11,7.4,44,6.3,0,0,0,0,8.3,0.016,9,0.04,0,0,0,0,0,"1",0.0117985959683831
"406",1184,0,63936.4095552236,-273724549.419492,33492.72266,0.0413721,0.0400917,0.0373281,5.3320451,0.1042524,0.4985586,-3.649959,249,0.066628992,0.002793126,0.20506319,0,-81.0630489971733,35.3813931182705,270,53,10,6.7,67,0,0,0,0,0,0,0,4,0,0,0,0,0,0,"1",0.0191869599437456
"407",1189,0,63936.4095552236,-273724549.419492,36586.80859,0.0443214,0.03844,0.0313079,5.3320451,0.0809326,0.5232462,-3.284635,244,0.075880464,0.012323419,0.213057776,0,-81.0703467589292,35.3873260465897,110,120,7.4,7.2,36,0,0,0,0,0,0,0,4,0.04,0,0,0,0,0,"1",0.0134513056369416
"408",1190,0,63936.4095552236,-273724549.419492,29136.60352,0.0568983,0.0317532,0.0252558,4.9585962,0.2194781,0.5206112,-3.031043,213,0.051690555,0.014982152,0.19527553,0,-81.0340352839864,35.3762982837669,68,54,11,6.8,17,5.9,0,0,0,0.2,0,0,6,0,0,12,0,0,0,"1",0.0133004605646641
"409",1194,0,63936.4095552236,-273724549.419492,11526.01465,0.0047679,0.0062273,0.0047679,1.7684314,0.1193422,0.5259919,-2.848715,216,0.013114444,0.026243937,0.142141796,0,-81.0388794693622,35.3223558232798,217,89,15.5,8,79,141,0,1.07,0,0.12,0,0,5,0.04,0,7.1,0,0,0,"1",0.0200049395654122
"410",1197,0,63936.4095552236,-3.68e+08,28515.99219,0.0836522,0.0253615,0,1.9147184,-0.093279,0.4281146,-2.769751,179,0.034906802,0.024419455,0.033613297,12,-81.0373047470353,35.1640673988416,53,80,9.3,7.4,14,0,0,0,0,0,0.27,0,5,0,0,6.4,0,0,0,"1",0.0203626155805651
"411",1198,0,63936.4095552236,-6.4e+07,34769.13672,0.0425197,0.0395544,0.0358666,1.3137449,-0.0164612,0.5276413,-3.825894,242,0.070003209,0.006069384,0.208403129,0,-81.0651797556263,35.3847095057828,31,36,9.1,6.4,8,0,0,1.48,0,0,0.07,0,3,0.01,0,5.9,0,0,0,"0",0.000199287183578856
"412",1199,0,63936.4095552236,-6.4e+07,34769.13672,0.0425197,0.0395544,0.0358666,1.3137449,-0.0164612,0.5276413,-3.825894,242,0.070003209,0.006069384,0.208403129,0,-81.0651809362778,35.3847075237038,31,36,9.1,6.4,8,0,0,1.48,0,0,0.07,0,3,0.01,0,5.9,0,0,0,"0",0.000199303429100344
"413",1205,0,63936.4095552236,-1.6e+08,18064.46484,0.05671,0.0275841,0.0041694,3.3461831,-0.0452672,0.4697071,-3.727314,189,0.042408199,0.009474469,0.040992952,0,-81.0496166118953,35.194756281597,131,143,12.8,8,41,7.2,0,0,0,0,0,0,7,0,0,0,0,0,0,"1",0.0151196353923173
"414",1208,0,63936.4095552236,-273724549.419492,18023.15234,0.0555666,0.0232718,0.0057819,8.7697315,0.019205,0.4400831,-2.895514,183,0.034187915,0.011966379,0.032792539,19,-81.0404264637745,35.1937063257711,59,96,7.9,7,15,0,0,0,0,0.48,15,0,5,0.04,0,0,0,0,0,"1",0.0199362075457662
"415",1218,0,63936.4095552236,-2.08e+08,29349.02344,0.0458197,0.0434684,0.0373281,0.7344942,-0.0521263,0.4931698,-3.801668,216,0.051908487,0.015348782,0.19406853,0.08,-81.0452497287119,35.373323899916,51,52,6.7,7.4,12,6.7,0,0,0.17,0,0,0,5,0,0,0,0,0,0,"1",0.0173890964524179
"416",1219,0,63936.4095552236,-273724549.419492,24588.86133,0.073882,0.0317532,0.0188246,7.7400222,0.0315503,0.4907164,-3.588546,208,0.043524354,0.008423513,0.042026955,0,-81.0510529195332,35.1766072731858,43,48,8.5,6.5,13,0,0,1.8,0,0,0,0,3,0,0,5.6,0,0,0,"1",0.0256706311670574
"417",1229,0,63936.4095552236,-273724549.419492,33435.79688,0.0325641,0.0291858,0.0269961,2.6465178,0.1865568,0.5108894,-4.16478,240,0.068468327,0.011726214,0.202964903,0,-81.0722656555589,35.375567109336,152,133,16.5,4,54,40.2,0,0,0,0,0,0,4,0,0,10.8,0,0,0,"0",0.018350865904748
"418",1235,0,63936.4095552236,-273724549.419492,35039.64453,0.0365132,0.0302655,0.0259865,1.8575904,0.1412885,0.508559,-2.814169,248,0.073119242,0.013164157,0.207948391,0.11,-81.0721172217325,35.3805399614887,35,39,13,6.3,11,0,0,1.2,0,0,0.25,0,2,0,0,14,0,0,0,"0",0.00315260946729752
"419",1236,0,63936.4095552236,-273724549.419492,25498.33398,0.0744499,0.0093231,0.0093231,1.6745193,0.0301787,0.5117363,-2.009048,207,0.016253403,0.013102945,0.015049431,0,-81.0206192263833,35.1726297154436,0,4,44,6.3,0,0,0,0,0.02,0,0,0,0,0,0,64,0,0,0,"0",0.032333481789306
"420",1238,0,63936.4095552236,-273724549.419492,23988.70898,0.0724196,0.0337141,0.0191416,2.3215306,0.1289443,0.5337994,-2.904662,211,0.046036198,0.007859616,0.044534514,0,-81.0553205222564,35.17839865286,55,59,0,6.8,15,0,0,1.8,0,0,0,0,5,0,0,0,0,0,0,"1",0.024755416673357
"421",1239,0,63936.4095552236,-273724549.419492,28129.99219,0.0826228,0.0253615,0.0016354,3.0959876,0.0973942,0.5350125,-2.353168,182,0.035165609,0.022345832,0.033828015,0,-81.0383362445179,35.1652150860612,51,54,7.4,7.2,14,0,0,0,0,0,0.16,0,4,0,0,0,0,0,0,"1",0.0207896752953176
"422",1244,0,63936.4095552236,-273724549.419492,19942.88867,0.0591567,0.015033,0.0129288,2.1024425,0.0246912,0.4518687,-3.242894,179,0.025811521,0.016011987,0.02435999,0,-81.0337831286685,35.1879026000793,27,39,8.7,6.7,9,0,0,0,0,0,0,0,2,0,0,0,0,0,0,"1",0.022342850692296
"423",1275,0,63936.4095552236,-6.08e+08,20349.88672,0.060232,0.0135351,0.0113891,7.787488,-0.1481481,0.4256952,-3.938652,181,0.025329297,0.016065212,0.023862951,0,-81.032355337583,35.1865642082499,0,85,42,7.1,0,0,0,0,0,0,0,0,0,0,0,0,0,0,0,"1",0.0252131621153338
"424",1276,0,63936.4095552236,-273724549.419492,13023.92676,0.0124546,0.0173458,0.0058964,1.3541625,0.0137173,0.5164762,-3.263139,228,0.040654498,0.02225,0.123451807,0.06,-81.0552590521174,35.2978151629123,72,61,5.7,7,19,0,0,2.75,0,0,0.11,0,6,0,0,7.6,0,0,0,"1",0.0508180118207608
"425",1278,0,63936.4095552236,-273724549.419492,31904.57227,0.0872515,0.0171909,0.0201954,0.9290393,0.1358027,0.5107095,-3.261365,207,0.070562716,0.035354049,0.069109854,0,-81.0749370262337,35.160667009931,47,62,11.3,6.9,12,0,0,0,0,0,0,0,4,0.009,0,0,0,0,0,"1",0.0208284740778536
"426",1280,0,63936.4095552236,-273724549.419492,35539.54688,0.039266,0.0335351,0.029002,1.6745193,0.1207134,0.5107077,-3.210985,242,0.073272939,0.011575098,0.209151392,0,-81.0717129946776,35.3826940243088,17,31,8.5,6.6,5,0,0,0,0,0,0,0,1,0,0,0,0,0,0,"1",0.0136740300926114
"427",1285,0,63936.4095552236,-6.4e+07,28527.60742,0.0536567,0.0349603,0.0281598,5.9280319,-0.0192042,0.529726,-3.18337,203,0.049755461,0.01602938,0.193231513,0,-81.0350854657008,35.3750589581724,91,89,8.3,6.6,21,0,0,0,0,0,0.11,0,9,0,0,6,0,0,0,"1",0.0134322894128747
"428",1286,0,63936.4095552236,-3.2e+08,34482.10156,0.0359038,0.0312438,0.0278014,4.1736455,-0.0823044,0.5120854,-3.972192,241,0.070875719,0.011034763,0.206181813,0,-81.0720851374784,35.3805117037698,36,47,11.4,6.7,10,0,0.00176547231270358,0.568175895765472,0,0,0,0,3,0,0,6.83,0,0,0,"1",0.00315784198285355
"429",1288,0,63936.4095552236,-1.76e+08,33561.89063,0.089274,0.0198952,0.0190716,5.0014973,-0.0411518,0.5009136,-3.469044,211,0.07233781,0.038268504,0.070903023,0,-81.0753599178453,35.1566866941633,41,47,8.7,6.8,11,0,0,0,0,0,0,0,3,0,0,5.5,0,0,0,"1",0.0223834511131329
"430",1298,0,63936.4095552236,-3.36e+08,29238.75781,0.050802,0.0383006,0.0322546,1.9973403,-0.0809324,0.4716704,-4.153415,216,0.052239755,0.013278243,0.195231947,0,-81.0421868307397,35.3757822015896,55,51,6.8,6.7,14,0,0,0,0.98,0,0,0,5,0,0,9.8,0.1,0,0,"1",0.0163081995407969
"431",1301,0,63936.4095552236,-2.56e+08,32976.86328,0.0867288,0.0176514,0.021603,3.2813458,-0.067215,0.456554,-4.198748,206,0.073470041,0.038482885,0.072023568,0.29,-81.0773076914126,35.1586240766991,100,100,12,7.1,25,0,0,0,0,0,0.3,0,9,0,0,0,0.1,0,0,"1",0.0230700072600121
"432",1304,0,63936.4095552236,-3.68e+08,16527.31445,0.0163537,0.0047679,0.0074045,3.2318566,-0.0932792,0.4782141,-3.780618,221,0.030654564,0.018085827,0.150728055,0.13,-81.056639285792,35.3259280140726,154,123,6.7,7.7,38,17.6,0,0,0.15,0,2.01,0.009,15,0,0,10.2,0,0,0,"1",0.0322092894610123
"433",1308,0,63936.4095552236,-1.12e+08,25039.45703,0.0731818,0.0084186,0.0080947,1.0386748,-0.0246919,0.4984033,-2.320382,203,0.016648076,0.013832514,0.015341833,0,-81.0221163033478,35.1743243076702,98,103,10.2,7.9,31,6.3,0,3.3,0,0,0,0,5,0,0,0,0,0,0,"1",0.0315436958889304
"434",1325,0,63936.4095552236,-2.4e+08,11802.93359,0.0025858,0.0034692,0.0025858,4.3985453,-0.0589846,0.4546275,-4.027863,218,0.016074506,0.02705858,0.140986274,0.07,-81.0407395255187,35.320053134801,44,38,4.5,6.9,10,0,0.00176547231270358,0.568175895765472,0,0,0.14,0,4,0,0,6.01,0,0,0,"1",0.0188268553103244
"435",1335,0,63936.4095552236,-273724549.419492,18854.14453,0.0585089,0.0292545,0.0051715,10.8092928,0.1015097,0.5264789,-3.615298,192,0.040845667,0.007277153,0.03940774,0,-81.0479847862923,35.1923502558836,134,50,13.6,7.1,35,0,0,0,0,0,0,0,11,0,0,73.8,0,0,0,"1",0.0215378940138089
"436",1337,0,63936.4095552236,-1.072e+09,24355.33594,0.0729256,0.0283491,0.0164353,2.6261098,-0.2702326,0.4736314,-4.545644,186,0.039745687,0.008441325,0.038250364,0,-81.0470991855336,35.1767905881073,110,110,9.9,7.9,32,0,0,0,0,0,0.15,0,8,0,0,0,0,0,0,"1",0.0199282753186219
"437",1344,0,63936.4095552236,-273724549.419492,23001.67383,0.0705773,0.0313079,0.0171909,0.9290393,0.0301783,0.5173493,-3.169628,203,0.04283783,0.004901656,0.041335433,0,-81.0511154717556,35.181654318982,160,155,22,7.3,28,21,0,0,0,1,0,0,21,0,0,22,0,0,0,"1",0.0295328287146076
"438",1346,0,63936.4095552236,-273724549.419492,19348.45117,0.060365,0.028724,0.0074045,5.901052,0.0548706,0.4830324,-3.692875,205,0.042777443,0.005366467,0.041317066,0,-81.0497357151492,35.1901308920698,42,55,6.8,7,10,0,0,0,0.05,0,0,0,4,0,0,0,0,0,0,"1",0.0235768372151858
"439",1348,0,63936.4095552236,-1.6e+07,13843.90625,0.0098801,0.0186461,0.0080947,1.6420193,-0.0027439,0.4681186,-3.057076,231,0.04367235,0.0203019,0.123825045,0,-81.0584618332055,35.2962644325646,66,56,5.5,7,16,0,0,0,0,0,0.27,0,6,0,0,9.1,0,0,0,"1",0.0511830934525807
"440",1349,0,63936.4095552236,-6.88e+08,11569.04883,0.0025858,0.0025858,0.0025858,0,-0.1714677,0.4229334,-4.119245,216,0.017782986,0.028654766,0.139363386,0,-81.0422442679596,35.3186025279521,110,79,8.5,7.3,25,0,0,0,0,0,0,0,11,0,0,9.5,0,0,0,"1",0.0164559965116456
"441",1350,0,63936.4095552236,-5.6e+08,11569.04883,0.0025858,0.0025858,0.0025858,1.1842326,-0.144033,0.408163,-3.773221,217,0.017418864,0.028500813,0.139514875,0,-81.0419685837557,35.3188507562965,80,43,7.7,6.6,21,0,0,13.76,0,0,0.15,0,7,0,0,5.3,0,0,0,"1",0.016167794297217
"442",1358,0,63936.4095552236,-273724549.419492,26162.07227,0.0764614,0.0124546,0.0117928,2.3900836,0.1124829,0.515561,-3.26001,209,0.020647677,0.017508833,0.0193825,0,-81.0253680822539,35.1714445927555,51,63,6.7,7.8,15,0,0,0,0,0,0,0,3,0,0,0,0,0,0,"1",0.0241523886624708
"443",1360,0,63936.4095552236,-273724549.419492,12378.35254,0.0041694,0.0047679,0.0011564,4.0032506,0.0685871,0.5034934,-3.691499,213,0.016559183,0.025881864,0.142141783,0,-81.0417002987697,35.3215507624464,68,63,6.8,7.2,18,0,0,3.6,0,0,0.2,0,6,0,0,0,0,0,0,"1",0.0192356271946786
"444",1367,0,63936.4095552236,-273724549.419492,16607.30273,0.0155576,0.0036568,0.0067428,1.0386748,0.0233192,0.4632233,-3.03825,228,0.031318325,0.018195659,0.149751174,0,-81.0575037320725,35.32476706275,180,79,7.6,7.9,60,91,0,0,0,0,0,0,9,0,0,0,0.1,0,0,"1",0.0330914772014294
"445",1370,0,63936.4095552236,-273724549.419492,19159.17773,0.0596071,0.0289096,0.0062273,4.6007166,0.1289439,0.5028141,-3.498415,191,0.040019407,0.006118726,0.038569204,0,-81.0473122892648,35.1903922658283,62,34,9.5,7.1,17,0,0,0,0.06,0,0,0,5,0,0,15,0,0,0,"1",0.0237477860051116
"446",1372,0,63936.4095552236,-1.92e+08,23626.91016,0.0718076,0.028136,0.0173458,1.4687471,-0.0507537,0.4776732,-3.502365,192,0.039853399,0.007034964,0.03835381,0,-81.0479401988468,35.1773332872366,110,120,9.8,7.4,32,0,0,0,0,0,0,0,8,0,0,0,0,0,0,"1",0.0220630317244857
"447",1378,0,63936.4095552236,-6.4e+08,25756.87891,0.0753072,0.0113891,0.0106613,2.2982233,-0.1659808,0.4856913,-4.12284,209,0.020084963,0.016958457,0.01879389,0,-81.0252810692876,35.1718657114055,40,73,7.6,8,9,6.6,0,2.6,0,0,0.24,0,3,0,0,0,0,0,0,"1",0.0243783738353592
"448",1387,0,63936.4095552236,-2.72e+08,21132.55078,0.0655069,0.0303537,0.0125082,2.0766673,-0.0685873,0.5060585,-3.976735,196,0.044182443,0.003324265,0.042695773,0,-81.0516539451718,35.1864734652937,148,145,16.3,7.2,32,13.9,0,0,0,0,0,0,17,0,0,26.1,0,0,0,"1",0.0255210472225283
"449",1393,0,63936.4095552236,-273724549.419492,20046.44531,0.0600986,0.021603,0.0093231,5.1175842,0.0864201,0.5078844,-3.358977,186,0.03292751,0.008999828,0.031460067,0,-81.0405880204213,35.1877213061718,177,176,13.4,7.8,58,8.2,0,0,0,0,0,0,8,0,0,9.1,0,0,0,"1",0.0188987455622463
"450",1397,0,63936.4095552236,-8e+07,23954.1582,0.0715184,0.0269961,0.0166776,3.0257473,-0.019204,0.5026498,-3.789172,186,0.038827473,0.008065818,0.037330407,0,-81.0460092207136,35.1769281930715,110,124,11,7.5,33,5.2,0,0,0,0,0,0,6,0,0,7.4,0,0,0,"1",0.0198824904520872
"451",1398,0,63936.4095552236,-273724549.419492,23954.1582,0.0715184,0.0269961,0.0166776,4.8716373,0.0370382,0.5004662,-3.728814,190,0.039452501,0.007506468,0.037954015,0,-81.047387219603,35.177011541115,100,120,8,7.6,30,0,0,0,0,0,0,0,7,0,0,0,0,0,0,"1",0.0199364415880574
"452",1399,0,63936.4095552236,-1.28e+08,23626.91016,0.0706909,0.0279692,0.0174993,2.8235226,-0.0356647,0.4789666,-3.478533,193,0.039852823,0.006664373,0.038352427,0.13,-81.0484059061678,35.1783020151791,71,76,12,6.8,19,0,0,0,0,0,0,0,7,0,0,8.8,0,0,0,"1",0.0244344027019227
"453",1400,0,63936.4095552236,-2.56e+08,23227.41406,0.0706909,0.0279692,0.0174993,1.0386748,-0.061728,0.4855102,-3.646539,196,0.040085483,0.005713939,0.038583669,0,-81.0484124719653,35.1792060877211,73,67,11,7,18,0,0,0,0,0.98,0.52,0,6,0,0,7.7,0,0,0,"1",0.0260828667399456
"454",1403,0,63936.4095552236,-273724549.419492,20451.38281,0.061026,0.0201954,0.0109093,7.7604022,0.1275721,0.4738532,-3.43378,185,0.031855813,0.009683298,0.030380948,0.08,-81.040023234447,35.1870031257359,45,55,8.5,7.3,13,0,0,0,0,0,0,0,3,0,0,0,0,0,0,"1",0.0198102783791837
"455",1404,0,63936.4095552236,-5.44e+08,21815.23047,0.0672892,0.0312438,0.0139726,5.4507232,-0.1426616,0.4923532,-4.648938,194,0.043141289,0.002171147,0.041645349,0,-81.051100697957,35.1836076337648,96,93,11,6.9,21,0,0,0,0,0,0.33,0,11,0,0,11,0,0,0,"1",0.0300483245315539
"456",1409,0,63936.4095552236,-273724549.419492,20091.8418,0.0603318,0.0227193,0.0088068,7.6165419,0.0809332,0.5294755,-4.151397,186,0.033691066,0.008255146,0.032222132,0,-81.0412215781287,35.1873818099786,0,93,48,7.7,0,5.8,0,3.3,0,0,0,0,0,0,0,0,0,0,0,"1",0.0156267308300631
"457",1410,0,63936.4095552236,-1.088e+09,21026.46484,0.0651076,0.0311151,0.0119057,5.0121641,-0.2729765,0.5166219,-4.173255,195,0.043566248,0.002514104,0.042076269,1.2,-81.0512991376398,35.1857700617233,360,216,17,7.6,100,9.1,0,0,0,0,0,0,26,0.04,0,130,0,0,0,"1",0.0268141713189771
"458",1418,0,63936.4095552236,-273724549.419492,22418.15039,0.0670802,0.0084186,0.0062273,3.3461831,0.1193418,0.5093783,-3.482733,198,0.020780421,0.013292621,0.019280001,0.17,-81.0284251534778,35.1807756428743,17,108,10,8,5,6.5,0,0,0,0,0,0,5,0,0,0,0,0,0,"1",0.137101353414268
"459",1419,0,63936.4095552236,-273724549.419492,22824.55469,0.0670802,0.0084186,0.0062273,4.5657005,0.2277094,0.5196,-3.108,200,0.02052312,0.013210202,0.019024572,0,-81.0281097007741,35.1804037787422,104,121,10.3,7.9,33,6.4,0,1.76,0,0,0.12,0,6,0,0,7.8,0,0,0,"1",0.426502233795886
"460",1421,0,63936.4095552236,-273724549.419492,20091.8418,0.0612338,0.0213227,0.010343,4.0032506,0.4677648,0.5129103,-3.661755,199,0.033381178,0.008199383,0.031904957,0,-81.0413538417675,35.1872597544372,41,53,7.8,7.4,11,0,0,0,0,0,0,0,3,0,0,0,0,0,0,"1",0.0154744827393417
"461",1423,0,63936.4095552236,-273724549.419492,23888.375,0.0712468,0.0258575,0.016065,4.312499,0.0960226,0.50878,-3.236031,190,0.038152658,0.007785231,0.036654168,0,-81.0455848435152,35.1773398018662,100,112,9.2,8,32,7.6,0,0,0,0,0,0,6,0,0,0,0,0,0,"1",0.00148961667021823
"462",1424,0,63936.4095552236,-273724549.419492,23486.27344,0.0712468,0.0258575,0.016065,3.2813458,0.1165986,0.5180343,-3.046605,195,0.037690743,0.007498266,0.036191001,0,-81.0449619535283,35.1776256924379,100,116,10,8,32,7.2,0,0,0,0,0,0,5,0,0,0,0,0,0,"1",0.0197022969619524
"463",1425,0,63936.4095552236,-273724549.419492,23888.375,0.0712468,0.0258575,0.016065,4.312499,0.0960226,0.50878,-3.236031,190,0.038152658,0.007785231,0.036654168,0,-81.0455820560237,35.177338009048,0,101,52.6,7.9,0,0,0,0,0,0,0.11,0,0,0,0,0,0,0,0,"1",0.00148921593270039
"464",1429,0,63936.4095552236,-273724549.419492,22828.18359,0.0695755,0.0278494,0.0163537,4.147893,0.0342931,0.5242848,-2.681888,200,0.040031066,0.004702083,0.038528669,0,-81.0484251579119,35.1802365248444,43,59,9,6.9,12,0,0,0,0,0,0,0,4,0,0,0,0,0,0,"1",0.0290013309267403
"465",1430,0,63936.4095552236,-1.12e+08,23227.41406,0.0695755,0.0278494,0.0163537,3.6086526,-0.0246914,0.5070237,-3.202127,196,0.040049681,0.005106035,0.038547394,0,-81.0484207478997,35.179824470284,86,90,10,7.4,22,0,0,0,0,1.3,0,0,8,0,0,7.5,0,0,0,"1",0.0269927151571314
"466",1432,0,63936.4095552236,-273724549.419492,17118.11328,0.0088068,0.007034,0.0067428,0.9853842,0.1015099,0.4853441,-3.733008,216,0.036922883,0.018365609,0.146616727,0,-81.061803397478,35.3199618400391,120,89,12,6.8,28,19,0,0,0,0,0.36,0.008,13,0,0,16,0.1,0,0,"1",0.0540722970863766
"467",1434,0,63936.4095552236,-273724549.419492,15320.63965,0.0125082,0.0049061,0.0036568,2.6465178,0.0877913,0.5065066,-3.278806,220,0.026250629,0.021707405,0.148302275,0,-81.05262461105,35.3243448295984,142,124,4.5,7.7,29,0,0.00176547231270358,0.568175895765472,0,0,0,0,17,0,0,6.5,0,0,0,"1",0.0274036830206083
"468",1436,0,63936.4095552236,-273724549.419492,20495.88086,0.0614627,0.0224529,0.0098801,3.4254887,0.3251034,0.5024356,-3.595782,199,0.033803912,0.007712467,0.032325515,0,-81.0417794494755,35.1870933126034,100,119,14,7.8,37,18,0,0,0,0.51,0,0,3,0,0,0,0,0,0,"1",0.0176575049847506
"469",1437,0,63936.4095552236,-273724549.419492,20495.88086,0.0614627,0.0224529,0.0098801,3.2976756,0.2153639,0.5063869,-3.468347,198,0.034212204,0.007254247,0.032732059,0,-81.0422485502939,35.1869125542409,46,55,8.9,7.3,26,0,0,0,0,0,0.27,0,3,0,0,0,0,0,0,"1",0.0186651048311224
"470",1441,0,63936.4095552236,-273724549.419492,21226.4043,0.0631263,0.0186461,0.0134856,3.3781307,0.0946506,0.486546,-2.947874,191,0.031046316,0.010093794,0.029554578,0,-81.0392615236756,35.1844203268032,55,71,8.8,7.1,14,0,0,0,0,0,0,0,5,0,0,0,0,0,0,"1",0.0177785678427014
"471",1445,0,63936.4095552236,-6.08e+08,22388.57422,0.0659545,0.0116215,0.0093231,7.4627132,-0.1591226,0.4292977,-3.327608,185,0.023229898,0.015244737,0.021727503,0.34,-81.0311207794213,35.1812269754486,40,44,6.9,6.7,10,0,0,20,0.13,0,0,0,3,0,0,5.6,0,0,0,"1",0.0378948414843066
"472",1446,0,63936.4095552236,-4.16e+08,23829.36133,0.0709929,0.0247207,0.0155145,2.9355664,-0.1056242,0.4635126,-3.963627,182,0.036664261,0.008891003,0.035167806,0,-81.0445451156377,35.1778355338165,66,78,10,7.5,17,5.6,0,0,0,0,0,0,6,0,0,0,0,0,0,"1",0.0197164325837107
"473",1447,0,63936.4095552236,-2.08e+08,22429.23047,0.0684615,0.0277773,0.0152099,2.3900836,-0.0480115,0.5252172,-2.503242,202,0.039999818,0.003504492,0.038498089,0.08,-81.0484416258195,35.1814740822199,66,75,10,6.8,36,0,0,0,0,0,0.24,0,4,0,0,5.7,0,0,0,"1",0.0344256468821685
"474",1448,0,63936.4095552236,-273724549.419492,22828.18359,0.0684615,0.0277773,0.0152099,0.3284902,0.0123453,0.5345564,-2.474631,202,0.040005658,0.003901284,0.038503541,0,-81.0484362574481,35.181063145163,50,62,9.4,7.2,13,0,0,0,0,0.21,0,0,4,0,0,0,0,0,0,"1",0.0333640823531649
"475",1450,0,63936.4095552236,-273724549.419492,15804.93262,0.0139247,0.0023128,0.0051715,2.3900836,0.0150889,0.4817288,-2.980207,223,0.030227019,0.020355344,0.147458778,0.06,-81.0556974859506,35.3231049769585,144,108,5.8,7.7,34,0,0,0,0,0,0,0,14,0,0,27.8,0,0,0,"1",0.0287021616198464
"476",1452,0,63936.4095552236,-273724549.419492,21234.20703,0.065466,0.029002,0.012073,8.775692,0.0534977,0.5248755,-3.848827,204,0.040431075,0.000745711,0.038937307,0,-81.0488011841569,35.1844472961118,108,115,16.4,7.3,31,9.4,0,0,0,0,1.36,0,7,0.15,0,11.9,0.14,0,0,"1",0.0404994944804043
"477",1453,0,63936.4095552236,-2.72e+08,21261.49219,0.0633061,0.0197941,0.0129288,0.9853842,-0.0685862,0.4936204,-2.865626,196,0.032077962,0.009060762,0.030585663,0.26,-81.0394066323209,35.184658516672,60,78,8.3,7.4,17,10,0,0,0,0,0.15,0,4,0,0,0,0,0,0,"1",0.0181218468928442
"478",1455,0,63936.4095552236,-273724549.419492,20548.34766,0.0625945,0.0222435,0.0109704,4.1089568,0.0754459,0.5059093,-3.346654,196,0.034551115,0.006846431,0.033068903,0,-81.0427034585819,35.1866334417453,82,91,9.4,7.6,26,0,0,0,0,0,0,0,4,0,0,0,0,0,0,"1",0.0193533393300285
"479",1456,0,63936.4095552236,-2.24e+08,22351.55078,0.0673488,0.0277532,0.014068,0.9290393,-0.0493822,0.5067961,-2.971845,197,0.039190853,0.003294815,0.037690023,0.9,-81.0474173760141,35.1826488324509,70,64,9.9,7,20,8.5,0,0,0,0,0.71,0,7,0,0,11,0,0,0,"1",0.116811803426664
"480",1457,0,63936.4095552236,-3.36e+08,22429.23047,0.0673488,0.0277532,0.014068,2.5001462,-0.0809326,0.525101,-2.872252,198,0.039446416,0.003314661,0.037945282,3,-81.048448011244,35.1819199232209,160,100,13,7.2,35,8.3,0,0,0,0,24,0,18,0.44,0,19,0,0,0,"1",0.0203469723132399
"481",1458,0,63936.4095552236,-4.8e+07,22429.23047,0.0673488,0.0277532,0.014068,2.9719696,-0.0123461,0.520318,-2.802257,198,0.039998358,0.003112922,0.038497183,7.9,-81.0484462509301,35.1818881823846,86,97,12,7,23,10,0,0,0,0,2,0,5,0.06,0,10,0,0,0,"1",0.0201467899577661
"482",1460,0,63936.4095552236,-273724549.419492,21951.48242,0.0673488,0.0277532,0.014068,4.9261703,0.0877921,0.4945466,-3.275058,200,0.0392267,0.002814488,0.037727074,0,-81.047225239754,35.1826994955006,51,71,12.6,6.7,15,0,0,0,0,0,0.34,0,3,0.003,0,6.8,0,0,0,"1",0.337805428965285
"483",1461,0,63936.4095552236,-273724549.419492,21632.22656,0.0642704,0.0185382,0.0144895,5.1280046,0.0054871,0.5033851,-3.579982,189,0.030992433,0.010239013,0.029494175,0.76,-81.0389360900203,35.1836277703293,107,121,9.2,7.2,32,0,0,0,0,0,0.16,0,7,0.08,0,0,0,0,0,"1",0.0191030254090177
"484",1462,0,63936.4095552236,-273724549.419492,23426.24609,0.0698632,0.0245306,0.0165569,2.0766673,0.1577503,0.5272577,-3.04824,195,0.036807405,0.007518465,0.035306742,0.18,-81.0442237764954,35.178113117196,79,88,9.8,7.1,23,13,0,0,0,0,0,0,3,0,0,0,0,0,0,"1",0.020260174137816
"485",1463,0,63936.4095552236,-273724549.419492,23426.24609,0.0698632,0.0245306,0.0165569,2.3215306,0.1248282,0.5086409,-3.463629,193,0.036219009,0.007822131,0.034718319,0,-81.0438365259372,35.1782563353552,89,105,16,7.7,30,5.3,0,0,0,0,1,0,5,0,0,0,0,0,0,"1",0.0217693277434538
"486",1465,0,63936.4095552236,-273724549.419492,26076.45508,0.0767494,0.020847,0.0069383,3.5335,0.1604933,0.4847476,-3.233254,188,0.031361343,0.018183843,0.029938514,0.09,-81.0372624470415,35.1711822631179,39,29,5.7,6.5,13,17,0,2.7,0,0.41,0,0,2,0,0,0,0,0,0,"1",0.0231092257290435
"487",1470,0,63936.4095552236,-273724549.419492,21632.22656,0.0662377,0.0277773,0.0129288,1.0386748,0.1810698,0.524857,-3.369913,207,0.040172384,0.001582169,0.038675001,11.503,-81.0486052463245,35.18339857284,64.75486152033,61.2816735415439,9.90723366686286,0,18.7782352941176,13.81,0,1.96,0,0,0.24,0,5,0.04,0,34.08,0,0,0,"0",0.0462271772809431
"488",1471,0,63936.4095552236,-1.6e+07,22030.57227,0.0662377,0.0277773,0.0129288,3.2318566,-0.0013718,0.5104768,-3.658454,207,0.040229967,0.002002408,0.038731086,0,-81.0482426618425,35.1826678303482,111,83,19,6.6,36,11,0,1.5,0,0,0,0,9,0,0,26.99,0,0,0,"1",0.0511425460697629
"489",1472,0,63936.4095552236,-273724549.419492,21951.48242,0.0662377,0.0277773,0.0129288,3.9493225,0.1838136,0.5209396,-3.276246,206,0.039419515,0.002320671,0.037921197,0,-81.0471875321706,35.1828303852902,239,245,15.2,7.6,81,14.2,0,2.19,0,0,0.25,0,7,0,0,34.7,0.1,0,0,"1",0.183165087578742
"490",1473,0,63936.4095552236,-273724549.419492,22030.57227,0.0662377,0.0277773,0.0129288,4.374136,0.0576138,0.5136359,-3.553896,205,0.039765023,0.002235593,0.03826617,0,-81.0477796961672,35.1826519741046,111,85,17.5,6.7,33,9.90949941107185,0.26,2,0.0304176470588235,0.119623820754717,0.653395882352941,0.0188840188014101,4.29664508534432,0.0450829411764706,1.2948793407887e-06,5.24281176470588,0.0124105882352941,0,0,"1",0.0699108374371501
"491",1474,0,63936.4095552236,-273724549.419492,21605.4082,0.0652615,0.0173458,0.015033,5.3719029,0.0548699,0.4992047,-3.251898,183,0.029644159,0.01161286,0.02814496,0,-81.0374489948653,35.1831528772904,77,88,8.1,7.3,22,0,0,0,0.11,0,0,0,0,0,0,0,0,0,0,"1",0.02165346443095
"492",1475,0,63936.4095552236,-1.92e+08,21010.70313,0.0628397,0.0233864,0.0106613,4.7718778,-0.0466391,0.5170398,-3.622942,191,0.035623223,0.005594997,0.034135226,1,-81.0439359048007,35.1856215918077,45,61,7.9,7,13,35,0,0,0,0.2,0,0,7,0,0,6.4,0,0,0,"1",0.0251873938080332
"493",1476,0,63936.4095552236,-273724549.419492,20548.34766,0.0628397,0.0233864,0.0106613,2.0766673,0.0150892,0.5070519,-3.329776,194,0.034895693,0.006437594,0.033411515,0,-81.0430463384374,35.1863973873449,150,126,13,7.9,13,39,0,0,0,0.21,0,0,7,0,0,6.6,0,0,0,"1",0.0201393034550036
"494",1477,0,63936.4095552236,-1.6e+07,20548.34766,0.0628397,0.0233864,0.0106613,2.6465178,4e-07,0.5011283,-3.332786,194,0.035261125,0.006014113,0.033775082,0,-81.0434327553353,35.1861445048174,150,126,13,7.9,49,0,0,0,0,0,0.57,0,3,0.04,0,0,0,0,0,"1",0.0220916271319957
"495",1478,0,63936.4095552236,-273724549.419492,26467.37109,0.0774864,0.0164353,0.0090316,4.6927934,0.2304529,0.5206685,-1.852815,195,0.026322384,0.022072663,0.024986455,0,-81.03093519635,35.1700560053682,130,139,9.6,7.1,38,0,0,0,0,0,0.37,0,8,0,0,0,0,0,0,"1",0.0229221141526805
"496",1484,0,63936.4095552236,-273724549.419492,21261.49219,0.064447,0.0196925,0.0139726,3.2813458,0.096023,0.4957452,-2.957018,195,0.032056708,0.00910475,0.030561145,0,-81.0395704522749,35.1834307795295,53,66,8.6,7,13,0,0,0,0,0,0,0,5,0,0,0,0,0,0,"1",0.0194463757545829
"497",1486,0,63936.4095552236,-273724549.419492,20676.92578,0.0633905,0.0256759,0.0104075,5.4507232,0.227709,0.5220793,-4.062185,201,0.038080952,0.003237492,0.036593404,0,-81.0459869402956,35.185689075156,116,134,12.1,7.5,34,5.2,0,0,0,0,0.75,0,8,0.12,0,5.6,0,0,0,"1",0.0361440712521739
"498",1487,0,63936.4095552236,-273724549.419492,16141.96289,0.0139247,0.0016354,0.0058964,0.7344942,0.208504,0.4999846,-2.663992,225,0.030867852,0.020129343,0.147269278,0.32,-81.0568168201334,35.3223660756608,100,99,4.7,7.4,23,0,0.00176547231270358,0.568175895765472,0,0,0,0,10,0,0,6.9,0,0,0,"1",0.0315299716315874
"499",1488,0,63936.4095552236,-273724549.419492,26076.45508,0.0763213,0.0148089,0.0106613,1.1842326,0.2784635,0.5202375,-3.086616,204,0.024419024,0.020158049,0.023072772,0,-81.0296525355032,35.1713307154924,75,98,11,6.9,20,0,0,0,0,0,0,0,6,0,0,5.1,0.1,0,0,"1",0.0184846210344745
"500",1489,0,63936.4095552236,-273724549.419492,26076.45508,0.0763213,0.0148089,0.0106613,1.6420193,0.3072704,0.5369543,-3.012743,204,0.024042651,0.019744705,0.022691737,0,-81.0293859244926,35.1716476914951,73,89,9.8,6.9,20,0,0,18,0,0,0,0,6,0,0,0,0,0,0,"1",0.0200750432720175
"501",1490,0,63936.4095552236,-273724549.419492,26060.57031,0.0763213,0.0148089,0.0106613,3.487623,0.1659806,0.5180616,-3.070145,202,0.024830773,0.020585628,0.023487832,0,-81.0299318842555,35.1710052556589,84,100,10,7.2,23,0,0,0,0,0,0,0,7,0,0,0,0,0,0,"1",0.0195994224130712
"502",1491,0,63936.4095552236,-273724549.419492,21951.48242,0.0670404,0.0265968,0.0139247,0.9853842,0.0219484,0.4980173,-3.096463,197,0.038839253,0.003281941,0.037339001,0,-81.0470914912492,35.1828253637719,52,65,9.9,7.1,13,0,0,0,0,0,0,0,5,0,0,0,0,0,0,"1",0.158912951340426
"503",1492,0,63936.4095552236,-273724549.419492,21879.67578,0.0670404,0.0265968,0.0139247,1.7684314,0.0027439,0.5019241,-3.633765,196,0.038024261,0.00363315,0.036525035,0,-81.0462105702508,35.1833050080197,110,108,9.8,7.8,33,7.3,0,0,0,0,0,0,6,0,0,0,0,0,0,"1",0.106494779234716
"504",1495,0,63936.4095552236,-3.36e+08,22038.08984,0.065415,0.0185021,0.0155145,5.6522746,-0.0823042,0.4682441,-3.892459,187,0.030766161,0.010719752,0.029264724,0.12,-81.0394278008202,35.1818712625344,53,69,7.7,7.1,14,0,0.00176547231270358,0.568175895765472,0,0,0,0,5,0,0,0,0,0,0,"1",0.0166266658589829
"505",1496,0,63936.4095552236,-7.36e+08,24856.86719,0.0728614,0.0114476,0.0099476,1.8575904,-0.1838136,0.4683927,-4.269322,194,0.022388366,0.017206575,0.020972905,0,-81.0286431121262,35.1737272093487,64,76,7.6,7.3,18,0,0,0,0,0,0,0,5,0,0,0,0,0,0,"1",0.0267921085451873
"506",1497,0,63936.4095552236,-273724549.419492,21551.67188,0.0648091,0.0266972,0.0116215,6.8033571,0.017833,0.5114999,-3.837456,197,0.038167781,0.003016386,0.036672856,0,-81.0458728866566,35.1835070119684,78,87,9.8,7.3,23,0,0,0,0,0,0.64,0,5,0.02,0,0,0,0,0,"1",0.0659344918294707
"507",1499,0,63936.4095552236,-273724549.419492,21551.67188,0.065924,0.026622,0.0127727,5.901052,0.1220852,0.5050285,-3.343818,208,0.039025051,0.002416812,0.037527871,0.06,-81.0467353899288,35.1831156638798,56,65,9.9,7,16,0,0,0,0,0,0.45,0,4,0,0,7.83,0,0,0,"1",0.146231626820007
"508",1500,0,63936.4095552236,-273724549.419492,21551.67188,0.065924,0.026622,0.0127727,7.2547255,0.0315501,0.502561,-3.688122,204,0.038770507,0.002536136,0.037274193,0,-81.0465192283383,35.1832356715617,54,71,10.4,7.1,15,0,0,0,0,0,0,0,4,0,0,0,0,0,0,"1",0.439425576854693
"509",1502,0,63936.4095552236,-3.84e+08,21077.60938,0.0645092,0.0255454,0.0115638,2.5639057,-0.10288,0.4953722,-4.029588,192,0.036984898,0.004167318,0.035493709,0.27,-81.0444564387404,35.1846811962419,79,95,9,7.2,24,0,0,0,0,0,0.76,0,4,0,0,0,0,0,0,"1",0.0291151903292678
"510",1503,0,63936.4095552236,-5.92e+08,21077.60938,0.0645092,0.0255454,0.0115638,0.9290393,-0.149519,0.495769,-3.909691,193,0.037250836,0.003888256,0.035758413,0,-81.0447766035588,35.1842621103616,87,96,8.9,7.8,27,0,0,0,0,0,0,0,5,0,0,0,0,0,0,"1",0.033057511335008
"511",1504,0,63936.4095552236,-273724549.419492,21478.53125,0.0645092,0.0255454,0.0115638,4.275084,0.0082309,0.5048448,-3.834062,193,0.037749941,0.003413176,0.036255454,0,-81.0454202634876,35.1837454599967,49,63,9.3,7.1,13,0,0,0,0,0,0,0,4,0,0,0,0,0,0,"1",0.04637778563081
"512",1505,0,63936.4095552236,-4.48e+08,21478.53125,0.0645092,0.0255454,0.0115638,1.6745193,-0.1083674,0.4981207,-4.046701,193,0.037500118,0.003642193,0.036006619,0,-81.0450804570382,35.1840058079472,100,102,10.6,7.6,31,0,0,0,0,0,0.45,0,6,0.01,0,8.9,0,0,0,"1",0.0375611979062634
"513",1506,0,63936.4095552236,-273724549.419492,22071.88867,0.0655885,0.0196585,0.015033,3.9628742,0.1481481,0.5114278,-3.341092,194,0.032068413,0.009477812,0.030566995,0,-81.0397291423435,35.182225634195,47,63,7.5,6.7,13,0,0,0,0,0,0,0,3,0,0,0,0,0,0,"1",0.0186233987748626
"514",1507,0,63936.4095552236,-5.6e+08,21010.70313,0.0642288,0.0243939,0.0116215,5.3320451,-0.1440324,0.5015958,-4.060235,190,0.036654011,0.004531112,0.035164375,0,-81.0442614321734,35.1850619773156,143,153,11.6,8,47,6.56,0,0,0,0,0,0,6,0,0,5.1,0,0,0,"1",0.0271312219220853
"515",1508,0,63936.4095552236,-273724549.419492,22795.50586,0.067319,0.0152099,0.0129288,5.8284774,0.0768173,0.4177336,-2.576257,178,0.027136238,0.015097553,0.025636529,0.77,-81.0346171851823,35.1796259668338,45,57,6.8,6.5,11,0,0,0,0,0,15,0,3,0.11,0,6.2,0,0,0,"1",0.0250182414518052
"516",1515,0,63936.4095552236,-273724549.419492,23731.8418,0.0703401,0.0213227,0.0143037,1.8575904,0.0137173,0.4216995,-1.890131,181,0.033088894,0.01087196,0.031592499,0,-81.0406948786492,35.1779043552098,90,107,11,7.3,26,5.3,0,5.8,0,0,0,0.023,6,0.98,0,0,0,0,0,"1",0.0235811188377679
"517",1516,0,63936.4095552236,-273724549.419492,22038.08984,0.0667305,0.0196925,0.0161066,4.147893,0.0781889,0.4712238,-3.312495,184,0.031103477,0.010591468,0.029601287,0.12,-81.0394670837034,35.1816553331139,160,151,8.7,7.4,47,0,0,0,0,0,0,0,9,0,0,0,0,0,0,"1",0.0169992672777378
"518",1519,0,63936.4095552236,-273724549.419492,22071.88867,0.0669206,0.020847,0.0157285,3.5335,0.144033,0.5108513,-3.005053,193,0.032462298,0.009229964,0.030960384,0,-81.0406523245786,35.1814033908149,94,104,8,7.7,29,6.7,0,0,0,0,0,0,5,0,0,0,0,0,0,"1",0.0211607966295299
"519",1521,0,63936.4095552236,-128000016,22882.53906,0.0680599,0.020943,0.0165569,2.3900836,-0.0315501,0.4773202,-3.402328,181,0.032351861,0.010042137,0.030849856,0,-81.0401902636548,35.1811018169048,98,108,4.3,7.2,37,0,0,0,0,0,0,0,1,0,0,0,0,0,0,"1",0.020331225238447
"520",1526,0,63936.4095552236,-8e+07,23202.43945,0.0684712,0.0154281,0.0131848,10.0162315,-0.0205766,0.4156623,-3.02987,185,0.027204575,0.015370307,0.025707681,0.08,-81.0344854884757,35.1783828955733,330,67,32,7.7,130,260,0,0,0,1.5,0.18,0,2,0,0,18,0,0,0,"1",0.0242966707238267
"521",1527,0,63936.4095552236,-273724549.419492,12425.10156,0.0025858,0.0011564,0.0057819,0.9853842,0.079562,0.5007313,-3.205543,215,0.022913587,0.029919468,0.138696403,0,-81.0466436423145,35.3166812432152,77,82,5.3,7.6,22,0,0,0,0,0,0.19,0,1,0,0,0,0,0,0,"1",0.0218410781509427
"522",1532,0,63936.4095552236,-273724549.419492,25246.98438,0.0740176,0.0139247,0.0115638,7.7400222,0.0164607,0.4716979,-4.150207,191,0.024105673,0.018892194,0.022696117,0,-81.0301117825548,35.1733987298538,65,78,7.8,7.1,19,0,0,0,0,0,0,0,4,0,0,0,0,0,0,"1",0.024771696445808
"523",1534,0,63936.4095552236,-1.6e+07,24043.88867,0.0721513,0.018682,0.0115638,3.4254887,-0.0013714,0.4354421,-3.531327,183,0.029828603,0.015007714,0.028349414,0,-81.0363598000089,35.175908412359,38,52,6.8,7.3,10,0,0,0,0,0,0,0,1,0,0,0,0,0,0,"1",0.0211281218260945
"524",1535,0,63936.4095552236,-3.04e+08,15471.26758,0.0122925,0.0016354,0.0036568,4.275084,-0.0754453,0.4821797,-3.723186,215,0.028504316,0.022276643,0.14615626,0,-81.0542804491702,35.3218794742946,104,96,5.3,7.2,26,0,0.00176547231270358,0.568175895765472,0,0,0.22,0,10,0,0,5.8,0,0,0,"1",0.0271646421307273
"525",1536,0,63936.4095552236,-4.8e+08,13424.75684,0.0113891,0.0080947,0.0119057,4.6354632,-0.1275723,0.4983622,-3.324387,204,0.035638062,0.028070543,0.13221029,2.58,-81.0563424764316,35.3067900256707,95,91,8.8,6.9,23,0,0,2.82,0,0,0.19,0,9,0,0,11.3,0,0,0,"1",0.0482075078460721
"526",1540,0,63936.4095552236,-47999988,24026.6582,0.0708798,0.0171909,0.0127727,5.5668116,-0.0123455,0.4866649,-4.465487,193,0.028547669,0.015986939,0.027070163,0,-81.0359164350202,35.1764180746804,65,49,6.9,7.3,18,0,0,0,0,0,0,0,3,0,0,0,0,0,0,"1",0.0208438424753369
"527",1544,0,63936.4095552236,-273724549.419492,14904.12109,0.0114476,0.0025858,0.0025858,1.9973403,0.1248288,0.4988367,-2.87254,220,0.027366042,0.023288922,0.145700013,0.06,-81.0526897806035,35.3222395829151,0,147,78,7.7,0,0,0,0,0.14,0,0,0,0,0,0,9.5,0,0,0,"1",0.0221673087039965
"528",1545,0,63936.4095552236,-4.96e+08,23609.37695,0.070776,0.0161066,0.0129288,5.7918396,-0.127572,0.450587,-4.47529,180,0.027643173,0.01618133,0.026159697,0,-81.034957502271,35.1766315937351,41,55,6.9,7.2,10,0,0,0,0,0,0,0,4,0,0,0,0,0,0,"1",0.0220660646461607
"529",1548,0,63936.4095552236,-273724549.419492,14572.56445,0.0106613,0.0036568,0.0016354,3.7112839,0.0521269,0.5012072,-2.964481,224,0.02638557,0.024285347,0.145147541,0.09,-81.0522029605094,35.3217393953918,90,69,6.9,6.9,24,0,0,0,0.09,0,0.11,0,7,0,0,9.3,0,0,0,"1",0.0145967336112134
"530",1549,0,63936.4095552236,-273724549.419492,14814.94043,0.0106613,0.0036568,0.0016354,1.6745193,0.031551,0.4945216,-2.978349,226,0.026378778,0.024089901,0.145444983,0,-81.0522272455659,35.321849824956,160,147,6.6,7.3,39,0,0,0,0.05,0,0,0,16,0,0,6.6,0,0,0,"1",0.0144337054876763
"531",1550,0,63936.4095552236,-2.4e+08,15080.89941,0.0090316,0.0161066,0.012073,4.4589748,-0.0658428,0.5016991,-3.690406,220,0.044033539,0.021901579,0.128092822,0.07,-81.0617747282048,35.2999899264308,73,66,7.1,6.9,18,5.2,0,0,0.05,0,0,0,7,0,0,5.7,0,0,0,"1",0.0545107015251093
"532",1551,0,63936.4095552236,-273724549.419492,24826.86133,0.0729347,0.0150774,0.0113891,1.3541625,0.1330587,0.4938045,-3.467818,197,0.026775801,0.019445427,0.025338229,0,-81.0333157087834,35.173444244335,44,53,6.4,7.6,11,0,0,0,0,0,0.13,0,4,0,0,0,0,0,0,"1",0.0238651465070868
"533",1552,0,63936.4095552236,-273724549.419492,24423.25391,0.0718449,0.0155145,0.012073,2.9719696,0.2249656,0.5185086,-2.706827,206,0.027162906,0.01794412,0.025701377,0,-81.034131502126,35.1754383088202,33,43,6.2,7.3,8,0,0,1.6,0,0.26,0,0,3,0,0,0,0,0,0,"1",0.0232251488921108
"534",1553,0,63936.4095552236,-1.12e+08,12425.10156,0.0025858,0.0011564,0.0067428,3.9628742,-0.0246915,0.5124077,-3.609267,212,0.024335355,0.030612786,0.138132219,0,-81.0481574147526,35.3153194759095,81,84,8.1,7.6,19,0,0,0,0.16,0,0,0,8,0,0,5.7,0,0,0,"1",0.0228264189131235
"535",1563,0,63936.4095552236,-273724549.419492,12643.16016,0.0032707,0,0.0057819,1.3934064,0.1056244,0.5125512,-3.229011,215,0.023706188,0.029866443,0.138953251,0,-81.0478856307914,35.3167351056416,50,49,5.8,7.4,12,0,0,2.5,0,0,0.32,0,5,0,0,0,0,0,0,"1",0.0202565360514418
"536",1566,0,63936.4095552236,-273724549.419492,12870.39844,0.0041694,0.0011564,0.0049061,1.3541625,0.0452672,0.4929129,-3.371522,217,0.023126519,0.028559689,0.14018198,0,-81.0475258837268,35.3175365501192,37,44,6.1,7.6,9,0,0,0,0,0,0,0,4,0,0,0,0,0,0,"1",0.0205515365917401
"537",1577,0,63936.4095552236,-3.2e+08,12773.50488,0.0036568,0.0016354,0.0062273,1.9147184,-0.0795608,0.511565,-3.790532,215,0.024959343,0.030321416,0.138610281,8.7,-81.0487720254867,35.3158313028353,110,112,12,6.9,27,8.4,0,1.6,0,0,0.66,0.006,11,0,0,18,0,0,0,"1",0.0220593384664462
"538",1585,0,63936.4095552236,-9.6e+07,12985.71484,0.0049061,0.0016354,0.0041694,1.3137449,-0.0301792,0.4735486,-3.691565,214,0.024746048,0.029003489,0.140188098,1.75,-81.0494589711863,35.317560154619,114,115,8.2,7.9,28,0,0,0,0,0,0.19,0,11,0,0,6.8,0,0,0,"1",0.0237846710433593
"539",1588,0,63936.4095552236,-273724549.419492,14110.55859,0.0081769,0.0047679,0.0011564,0.9290393,0.0562409,0.4901855,-2.044118,220,0.025880513,0.026385342,0.14268812,0.12,-81.0507566642019,35.3191913433254,39,15,2.8,6.7,7,0,0,0,0.2,0,0,0.014,5,0,0,6,0,0,0,"1",0.0239283334769972
"540",1593,0,63936.4095552236,-273724549.419492,13771.92773,0.0065415,0.0032707,0.0025858,1.0386748,0.0713298,0.4931022,-2.040682,219,0.024798086,0.027261163,0.142053787,0,-81.0495526190306,35.3193422537433,42,43,3.1,6.9,11,0,0,3.7,0,0.23,0.25,0,4,0,0,0,0,0,0,"1",0.0235286234048487
"541",1596,0,63936.4095552236,-273724549.419492,13529.23145,0.0084186,0.0041694,0.0095358,4.3985453,0.0987668,0.4950642,-3.806148,207,0.031079633,0.029725835,0.136324809,0.29,-81.0531823288868,35.3117022710993,98,101,8.6,7.5,24,0,0,0,0.21,0,0,0,9,0,0,0,0,0,0,"1",0.0386268033167619
"542",1602,0,63936.4095552236,-273724549.419492,14589.60547,0.010343,0.0025858,0.0041694,2.5001462,0.0315505,0.520055,-3.904763,214,0.029613363,0.024284298,0.142816739,0,-81.0541654790742,35.3182742098732,130,117,6,7.9,34,0,0,0,0,0,0,0,11,0,0,6.7,0,0,0,"1",0.0267840350723206
"543",1603,0,63936.4095552236,-273724549.419492,14239.10449,0.0083388,0.0041694,0.0025858,2.3215306,0.1358034,0.5247597,-3.119978,216,0.027851539,0.025464156,0.142455849,0.06,-81.052816310979,35.3183477463783,102,92,5.7,7.7,26,0,0,0,0,0,0,0,9,0,0,7,0,0,0,"1",0.0262182594129341
"544",1607,0,63936.4095552236,-273724549.419492,14589.60547,0.0098801,0.0025858,0.0049061,5.4213028,0.0356654,0.5005893,-3.175923,212,0.030061942,0.024551743,0.142267833,0,-81.0544504845434,35.3175978444009,150,130,7.9,8,45,34,0,0,0,0.74,0,0,9,0,0,11,0.1,0,0,"1",0.0282787481781964
"545",1612,0,63936.4095552236,-273724549.419492,14383.78516,0.0104715,0,0.0074045,1.9147184,0.0123457,0.5124943,-3.189193,208,0.031523256,0.026224957,0.139798878,0.54,-81.0554639428174,35.3149266112459,91,77,7.4,7.2,22,0,0,0,0,0,0.15,0,9,0,0,9.1,0,0,0,"1",0.0368584127157036
"546",1613,0,63936.4095552236,-1.6e+08,14016.33008,0.0081769,0.0023128,0.0062273,1.9973403,-0.042524,0.4892384,-4.054964,204,0.02994747,0.027362111,0.139212235,0.06,-81.053593238548,35.3151118339375,147,131,7.4,8,44,6.2,0,0,0,0,0,0.006,9,0,0,6.2,0,0,0,"1",0.0325479066794131
"547",294,0,65774.65625,-273724549.419492,32183.7168,0.0453356,0.0388724,0.0217265,0.4645502,0.0164618,0.4794824,-3.077848,301,0.203358589,0.014864611,0.360160895,0,-81.3543542635353,35.2867845203426,86,88,4.3,7.5,32,0,0,0,0,0,0,0,2,0.07,0,0,0,1,0,"1",0.0117338471795637
"548",295,0,65774.65625,-3.2e+07,31787.53906,0.0453356,0.0388724,0.0217265,0.7344942,-0.0082296,0.4774258,-3.55867,301,0.203262509,0.014815547,0.360069853,0,-81.3542547605429,35.2868015487593,74,81,3.6,7.4,27,0,0.00176547231270358,0.568175895765472,0,0.1,0,0,1,0.02,0,0,0,1,0,"1",0.0117329499917037
"549",341,0,70383.03125,-273724549.419492,37233.0625,0.0667305,0.0595285,0.0220927,3.9628742,0.1165994,0.5034938,-3.082592,269,0.099678385,0.038128476,0.332123653,0,-81.2753821049369,35.3819314399411,51,6,5.5,6.7,12,0,0.00176547231270358,0.568175895765472,0.08,0,0,0,5,0,0,39.8,0,1,0,"1",0.354859255115978
"550",347,0,71155.15625,-180837216,38042.85938,0.0646955,0.0307911,0.0323994,0,-0.0421554,0.5211946,-2.412519,291,0.202840774,0.019900608,0.378871694,0,-81.3655344958071,35.3124482968996,46,55,5.5,7.7,10,0,0,0,0,0,0,0,5,0,0,0,0,1,0,"1",0.134078469578204
"551",421,0,76913.375,-3.68e+08,31211.71094,0.0429266,0.0362928,0.0218186,3.5335,-0.0960211,0.4708434,-4.068734,297,0.201965124,0.015934767,0.357216074,0,-81.3517514903975,35.2849257366662,15,15,1.7,6.5,5,0,0,0,0,0,0,0,0,0,0,0,0,1,0,"1",0.0599716220910892
"552",504,0,84232.46094,-273724549.419492,38741.82422,0.0600986,0.0205888,0.0222134,0.4645502,0.0260616,0.4942161,-3.797305,295,0.195216903,0.024322095,0.378026616,0,-81.3611897299799,35.3219860518196,41,57,8.7,7.4,8,0,0,0,0.01,0.101,0,0,2,0.01,0,0,0,1,0,"1",0.543580431509642
"553",520,0,85852.53125,-273724549.419492,38903.95703,0.0326461,0.0129288,0.0098801,1.1842326,0.1838126,0.5531489,-2.237545,299,0.154700923,0.020308064,0.366645169,0,-81.3287065450218,35.3625417113042,64,77,2.1,7.2,24,0,0,0,0,0,0,0,0,0,0,0,0,1,0,"1",0.119147927623446
"554",524,0,86245.15625,-5.28e+08,23426.24609,0.018284,0.0109093,0.0129288,3.0959876,-0.1358013,0.4678366,-3.938493,283,0.185899312,0.010719278,0.330756707,0.27,-81.3269323689607,35.2758336644187,100,95,5.4,7.6,30,13,0,0,0,0,3.3,0,6,0.21,0,0,0,1,0,"1",0.0660026814434716
"555",542,0,87392.1875,-273724549.419492,44362.75,0.0986254,0.0415173,0.0356234,4.9261703,0.2318245,0.5316541,-3.774952,251,0.069717607,0.040378792,0.322402357,0,-81.2411891104681,35.4058745973739,39,39,3.5,7.3,9,0,0,2.9,0,0,0,0,4,0,0,0,0,1,0,"1",0.4706666999042
"556",548,0,87907.30469,-1.12e+08,38529.59375,0.0612338,0.02151,0.0231277,0.7344942,-0.0260654,0.5173618,-2.667854,295,0.196237647,0.023684376,0.378260285,0,-81.3616143309537,35.3210940118192,36,53,8.2,7.1,7,0,0,0,0,0,0.24,0,4,0.04,0,0,0,1,0,"1",0.113907315588798
"557",549,0,87907.30469,-2.08e+08,38529.59375,0.0612338,0.02151,0.0231277,2.0766673,-0.0548717,0.5071301,-3.174241,294,0.195929203,0.023742929,0.378105154,0,-81.3609877146469,35.3213093332887,59,72,8.2,7.6,12,0,0,0,0,0,0.87,0,7,0.17,0,0,0,1,0,"1",0.136843615478245
"558",625,0,95787.25,-273724549.419492,43955.75391,0.0985372,0.041275,0.0353785,3.4254887,0.1522633,0.5020931,-4.185852,242,0.069942012,0.040708907,0.322044503,0.05,-81.2421819613674,35.4052359008713,43,41,4.1,6.9,8,0,0,0,0,0,0.72,0,6,0,0,5,0,1,0,"1",0.453413922956914
"559",647,0,98398.23438,-273724549.419492,33771.00391,0.0774087,0.0682267,0.0155145,4.6584816,0.0781891,0.5253919,-3.086876,280,0.091187096,0.04275196,0.320724967,0,-81.2666160240732,35.3744638697796,38,39,4.9,7.1,9,0,0,0,0,2.1,0.31,0,4,0,0,0,0,1,0,"1",0.421519169143216
"560",651,0,98708.73438,-9.6e+07,41395.89063,0.0821114,0.0566628,0.0393341,3.3461831,-0.0233201,0.5082635,-3.719417,261,0.083734833,0.05293789,0.328704757,0,-81.2576075698107,35.3977874647356,62,84,3,7,17,0,0.00176547231270358,0.568175895765472,0,0,0,0,5,0,0,0,0,1,0,"1",0.0118191635203952
"561",652,0,98708.73438,-9.6e+07,41395.89063,0.0821114,0.0566628,0.0393341,3.3461831,-0.0233201,0.5082635,-3.719417,261,0.083734833,0.05293789,0.328704757,0,-81.2576090889801,35.3977842991601,0,68,36.9,6.4,0,0,0.00176547231270358,0.568175895765472,0,0,0,0,0,0,0,0,0,1,0,"0",0.0118212108131923
"562",700,0,63936.4095552236,-1.088e+09,38602.61328,0.0471856,0.03844,0.0196585,3.8251698,-0.2784637,0.4845692,-4.371794,240,0.120177766,0.022037212,0.347156057,0,-81.2958084247225,35.3792310267101,69,62,1.4,8.1,22,7,0.00176547231270358,0.568175895765472,0,0,0,0,3,0,0,0,0,1,0,"1",0.329304564329541
"563",708,0,63936.4095552236,-4.32e+08,25756.87891,0.0266972,0.0155145,0.0147184,7.1668181,-0.1111104,0.4774015,-4.501527,343,0.193899245,0.019105874,0.337890474,0,-81.3355226095785,35.2736020960964,14,22,4.6,6.7,2,8,0,0,0,0,7.7,0,2,0.1,0,0,0,1,0,"1",0.000149490605578464
"564",709,0,63936.4095552236,-4.32e+08,25756.87891,0.0266972,0.0155145,0.0147184,7.1668181,-0.1111104,0.4774015,-4.501527,343,0.193899245,0.019105874,0.337890474,0,-81.3355239867461,35.2736030049904,13,15,4,6.6,2,7,0,0,0,0,8.12,0.016,2,0.09,0,0,0,1,0,"1",0.000149487741888405
"565",726,0,63936.4095552236,-273724549.419492,42829.62109,0.0879536,0.0510907,0.0438817,2.5639057,0.0082307,0.5044344,-3.520583,240,0.078209236,0.049562207,0.326625712,0.07,-81.2518592596381,35.4018659417626,15,17,7.5,6.6,3,0,0,0,0.08,0,1.22,0,1,0,0,0,0,1,0,"1",0.456869029722258
"566",728,0,63936.4095552236,-273724549.419492,36803.48828,0.0558547,0.007034,0.0080947,3.5486591,0.1714677,0.5195597,-2.703334,311,0.179713357,0.026793851,0.369350877,0.39,-81.3473233671347,35.3321652713688,39,58,11,7.1,8,7.4,0,0,0,0,2.2,0,5,0.08,0,0,0,1,0,"1",0.0782772865242657
"567",734,0,63936.4095552236,-273724549.419492,39865.00781,0.0289789,0.0098122,0.0065415,2.3215306,0.0438952,0.5359914,-2.408451,295,0.152442661,0.017480674,0.367334776,3.02,-81.3272415876974,35.36721932018,96,107,2.8,7.7,37,0,0.00176547231270358,0.568175895765472,0,0,0.12,0,1,0,0,0,0,1,0,"1",0.0997572981967768
"568",803,0,63936.4095552236,-273724549.419492,37479.16406,0.0596071,0.015033,0.0165569,1.6745193,0.019205,0.4914694,-3.493413,288,0.187999898,0.024755346,0.372922967,0,-81.3555196749456,35.3256498501776,18,28,5.8,5.8,4,0,0,0,0,0,0,0,2,0,0,0,0,1,0,"0",0.0853653296011945
"569",848,0,63936.4095552236,-1.6e+08,34883.28906,0.085549,0.0585089,0.020943,2.5001462,-0.046641,0.5173742,-2.95785,277,0.081276575,0.048380529,0.315695631,0,-81.2571399414261,35.3790826041804,18,17,2.4,6.4,6,0,0,0,0,0,0,0,1,0.03,0,0,0,1,0,"0",0.372491034959916
"570",866,0,63936.4095552236,-273724549.419492,37763.16016,0.0619826,0.0222435,0.0238114,7.1962452,0.0054886,0.5035064,-3.62501,294,0.194873908,0.020436929,0.375247631,0.13,-81.3590685174022,35.3190958514259,72,78,4.1,7.8,24,0,0,0,0.06,0,0,0,3,0,0,0,0,1,0,"1",0.100772674934783
"571",929,0,63936.4095552236,-273724549.419492,49690.40625,0.0438817,0.0476789,0.0222435,0.7344942,0.0315491,0.5226339,-3.37507,264,0.125596178,0.021530629,0.368569504,0,-81.298364318757,35.4122337260194,15,17,2.6,6.7,4,0,0,0,0,0,0,0,1,0,0,0,0,1,0,"1",0.18757725533917
"572",941,0,63936.4095552236,-273724549.419492,36584.54688,0.0586231,0.0498454,0.020847,1.4687471,0.0946497,0.5194398,-2.679006,280,0.109028654,0.031531759,0.337299586,0.06,-81.2850478570375,35.3784451667896,50,41,1.8,7.1,16,5,0,0,0,0,2.3,0,3,0,0,0,0,1,0,"1",0.27393475398633
"573",942,0,63936.4095552236,-273724549.419492,36584.54688,0.0586231,0.0498454,0.020847,3.5335,0.0905347,0.5103046,-2.713138,278,0.109300166,0.031718023,0.337086222,0,-81.2851503388261,35.3771843191957,65,68,7.6,7.7,20,8.6,0,0,0,0.37,0.36,0,3,0,0,0,0,1,0,"1",0.269559197348127
"574",979,0,63936.4095552236,-273724549.419492,34766.75391,0.0568983,0.0124546,0.0131848,3.5335,0.004112,0.4651001,-3.135014,296,0.177983982,0.020945715,0.364355682,0,-81.343734479336,35.3263994570463,14,27,6,6.7,3,0,0,0,0,0,0,0,2,0,0,0,0,1,0,"1",0.0898588903751233
"575",986,0,63936.4095552236,-273724549.419492,33209.61719,0.0676756,0.0568513,0.010343,3.3781307,0.2153629,0.5342069,-3.001671,278,0.103318266,0.03780317,0.327473844,0,-81.2783748703466,35.3690260690065,31,49,11.3,7.7,9,0,0,0,0,1.098,1.43,0,2,0,0,0,0,1,0,"1",0.267081821023041
"576",1004,0,63936.4095552236,-8e+07,40829.80469,0.0879156,0.050894,0.0387863,2.8235226,-0.021947,0.4904203,-2.768721,258,0.077832313,0.050002707,0.323364737,0.19,-81.2526148495038,35.3963178800454,45,12,8.6,6.3,11,0,0,0,0,0,0,0,0,0,0,7.4,0,1,0,"0",0.51896705899949
"577",1017,0,63936.4095552236,-273724549.419492,49733.72266,0.0391295,0.0429733,0.0176514,4.147893,0.0219467,0.492925,-3.271636,266,0.129839536,0.017937651,0.371484135,0,-81.302364191781,35.410803460946,70,66,7.2,6.9,26,0,0,0,0,0,0,0,2,0,0,0,0,1,0,"1",0.119162348909528
"578",1022,0,63936.4095552236,-273724549.419492,30762.67383,0.0648504,0.0508415,0.0104075,2.2025177,0.0891622,0.4923871,-3.525353,295,0.112681195,0.024590465,0.327731926,0,-81.2855679147987,35.3595924886783,8,7,7,6.3,1,0,0,0,0,0,0,0,11,0,0,0,0,1,0,"0",0.215497744572366
"579",1023,0,63936.4095552236,-2.4e+08,24426.64648,0.020943,0.0157285,0.0171909,3.6234941,-0.0576123,0.5019662,-3.538978,288,0.186222795,0.013585588,0.334414482,0,-81.3280595582985,35.2797847799328,17,18,3,6.9,4,0,0.00176547231270358,0.568175895765472,0.38,0,0,0,2,0,0,0,0,1,0,"1",0.060546883149559
"580",1028,0,63936.4095552236,-273724549.419492,30405.20898,0.0631898,0.0483197,0.0073136,5.5668116,0.0329202,0.5310369,-2.767833,296,0.116360754,0.021146063,0.329381141,0.11,-81.2887867399431,35.3584309532391,9,8,2.1,6.3,2,0,0,0,0,0,0,0,1,0,0,0,0,1,0,"0",0.183269967498925
"581",1034,0,63936.4095552236,-273724549.419492,49307.23047,0.0435298,0.0472422,0.0217265,0.9853842,0.0973929,0.5325786,-3.179482,267,0.126009375,0.019995079,0.368289429,0.08,-81.2991063703543,35.4108660286238,20,17,2,6.6,5,0,0,0,0,0,0.41,0,2,0,0,0,0,1,0,"1",0.143870431482826
"582",1039,0,63936.4095552236,-273724549.419492,39480.87891,0.0312438,0.0139726,0.0109704,2.3215306,0.1385457,0.5332628,-2.938483,286,0.146413414,0.019559556,0.363160699,0.12,-81.3210983986195,35.3692782152415,36,35,5.4,6.9,5,0,0,0,0.05,0,0,0,6,0,0,5.3,0,1,0,"1",0.117329104911556
"583",1040,0,63936.4095552236,-273724549.419492,41513.76953,0.0952597,0.04049,0.0329113,3.7400842,0.1138545,0.5057862,-3.62203,255,0.068102319,0.039751554,0.317156892,0,-81.2420545719397,35.3985347630845,0,0,0,0,0,0,0,0,0,0,0,0,0,0,0,0,0,1,0,"0",0.41491931832045
"584",1044,0,63936.4095552236,-273724549.419492,34496.50781,0.064364,0.0543624,0.0144895,3.9628742,0.0713298,0.510837,-3.110755,276,0.104537264,0.038101949,0.330696335,0,-81.2799713289632,35.3739097303502,34,37,4,6.9,10,5.3,0,0,0,0.22,3,0,2,0,0,0,0,1,0,"1",0.298174731594843
"585",1047,0,63936.4095552236,-4.8e+07,49588.625,0.0413235,0.045099,0.0196585,3.7400842,-0.0109743,0.5135965,-3.503045,266,0.128130105,0.019418433,0.370314288,0,-81.3006698147922,35.4116685325956,60,52,1.8,6.4,13,0,0,0,0,0,0,0,7,0,0,0,0,1,0,"0",0.154928274909478
"586",1049,0,63936.4095552236,-273724549.419492,36368.83984,0.0891616,0.0527392,0.0263696,2.9719696,0.0356653,0.516314,-3.266986,273,0.076401771,0.045293209,0.31490357,0,-81.2521267695046,35.3836420301414,45,26,3.9,7,7,0,0,2,0,0.27,0.25,0,3,0,0,0,0,1,0,"1",0.415693829802495
"587",1050,0,63936.4095552236,-273724549.419492,34132.04297,0.0571212,0.0122925,0.0122925,2.1024425,0.1207117,0.4953322,-2.744016,309,0.171476552,0.021832249,0.360979801,0,-81.3383553205942,35.330836201392,39,57,9.5,7.7,8,0,0,0,0,0,0.18,0,5,0,0,0,0,1,0,"1",0.103131301032771
"588",1064,0,63936.4095552236,-273724549.419492,27317.40039,0.0302655,0.0373281,0.0375246,6.7407994,0.0877927,0.4723203,-3.361753,280,0.175785808,0.006404133,0.34353311,0,-81.3317137362132,35.3031629945071,23,18,4.7,6.9,5,14,0.00176547231270358,0.568175895765472,0,0,9.5,0,3,0.16,0,0,0,1,0,"1",0.0702451782766713
"589",1069,0,63936.4095552236,-273724549.419492,32201.72656,0.0668106,0.0549495,0.0090316,3.1132982,0.1207136,0.486349,-3.562203,271,0.105861905,0.033316358,0.326767706,0.06,-81.2783584570666,35.3658751203381,54,47,2.9,6.7,13,0,0,0,0,0,0.14,0,5,0,0,7.6,0,1,0,"1",0.254568513776941
"590",1079,0,63936.4095552236,-3.2e+07,32278.79492,0.0534695,0.023243,0.0025858,3.1132982,-0.0054875,0.4988855,-2.934079,307,0.151423923,0.007520862,0.350476795,0,-81.3210188576848,35.3425650240909,100,33,2.5,6.6,32,0,0,0,0,0,0,0,3,0,0,0,0,1,0,"1",0.174846160488107
"591",1084,0,63936.4095552236,-273724549.419492,25158.25391,0.0245306,0.0171909,0.0176514,3.7112839,0.0438971,0.4839022,-3.483304,311,0.189703129,0.017216131,0.337796495,0,-81.3341145355435,35.2787013723486,0,3,4,5.6,0,0,0,0,0,0,0.53,0,1,0,0,5.8,0,1,0,"0",0.0585092546401385
"592",1096,0,63936.4095552236,-273724549.419492,49588.625,0.0398743,0.0435912,0.0181003,3.3781307,0.0178328,0.5125018,-2.658046,267,0.128742723,0.018231924,0.370411214,0,-81.3018494622524,35.4103827698133,14,20,3.6,6.5,3,0,0,0,0,0,0,0,1,0,0,0,0,1,0,"1",0.111833188174439
"593",1102,0,63936.4095552236,-3.2e+08,39987.39844,0.0891616,0.0498454,0.0367505,1.8575904,-0.0850476,0.4989386,-3.805245,261,0.076365241,0.048922092,0.320974511,4.08,-81.2514533530313,35.3938114227581,0,14,4.6,6.3,1,0,0,0,0,0,0,0,5,0,0,0,0,1,0,"0",0.304561709155571
"594",1103,0,63936.4095552236,-5.76e+08,39987.39844,0.0891616,0.0498454,0.0367505,1.9147184,-0.1412885,0.4925012,-3.974125,261,0.076045876,0.048602738,0.320724956,0,-81.2512628993663,35.3936250460647,15,15,7.8,6.3,4,0,0,0,0.25,0,1.74,0,1,0,0,0,0,1,0,"0",0.304141887140575
"595",1105,0,63936.4095552236,-5.28e+08,30942.53516,0.0628822,0.0486369,0.0080947,1.8575904,-0.130315,0.4526797,-3.622396,290,0.114663489,0.023953135,0.329760217,0,-81.2878509120645,35.3596099657392,80,78,2.5,7.5,22,0,0.00176547231270358,0.568175895765472,0,0,0,0,6,0,0,0,0,1,0,"1",0.190963231833271
"596",1106,0,63936.4095552236,-273724549.419492,36505.22266,0.044622,0.0315631,0.0098801,4.0032506,0.1851867,0.5130724,-4.058099,286,0.128591708,0.025679822,0.348435022,0.59,-81.3030816762037,35.370249934091,12,41,8.8,7.1,4,0,0,0,0,0.22,1.7,0,6,0.1,0,0,0,1,0,"1",0.194942741313758
"597",1110,0,63936.4095552236,-273724549.419492,49064.75391,0.042093,0.0457466,0.0201954,1.0386748,0.1001368,0.550297,-2.491078,269,0.127013477,0.018659099,0.368750648,0,-81.2995348923087,35.4098788323595,40,44,1.8,7.2,15,0,0,0,0,0,0,0,0,0,0,0,0,1,0,"1",0.140308574617199
"598",1127,0,63936.4095552236,-4.32e+08,30765.36719,0.0460526,0.023727,0.0201954,2.9355664,-0.109742,0.4889271,-3.986373,289,0.167387103,0.011840527,0.350665925,0,-81.3311880128481,35.3216464806272,22,35,7.8,6.4,5,8.6,0,0,0,0,0,0,2,0,0,0,0,1,0,"0",0.100230522044834
"599",1128,0,63936.4095552236,-273724549.419492,30405.20898,0.0460526,0.023727,0.0201954,5.8920302,0.0411494,0.4779367,-3.839372,294,0.166668274,0.011755107,0.349875075,0,-81.3303764106163,35.3218938877784,19,27,6.7,6.7,5,7.7,0,0,0,0,0,0,2,0.04,0,0,0,1,0,"1",0.103368933435814
"600",1155,0,63936.4095552236,-273724549.419492,49208.02734,0.0406712,0.044261,0.018682,1.8575904,0.1495192,0.5125008,-2.166148,270,0.12809857,0.017519343,0.36938501,0,-81.3011026663323,35.4096763977615,16,15,1.8,6.6,5,0,0,0,0,0,0,0,0,0,0,0,0.1,1,0,"1",0.127583584364914
"601",1156,0,63936.4095552236,-4.64e+08,32483.41602,0.0516763,0.0337735,0.007034,1.9973403,-0.1152261,0.4704911,-3.902956,301,0.135877968,0.008849918,0.343725749,0,-81.3082885080371,35.3531281454595,0,11,9.4,6.3,0,0,0,0,0,0,0.16,0.013,0,0,0,8.7,0,1,0,"0",0.209458888400157
"602",1164,0,63936.4095552236,-273724549.419492,31672.6875,0.0626799,0.0490885,0.0095358,3.7400842,0.1783274,0.513576,-3.140625,296,0.114038267,0.025960901,0.330865031,0,-81.2874433595667,35.3619351268205,58,55,6,7,20,9.3,0,0,0,0,1.98,0,2,0.07,0,0,0,1,0,"1",0.30122513785454
"603",1177,0,63936.4095552236,-273724549.419492,35741.72266,0.0471997,0.0340299,0.0099476,1.6745193,0.1056232,0.5384176,-2.604076,291,0.126321796,0.025164519,0.345886384,0,-81.3010500361347,35.3690655086991,29,34,4.9,7.3,8,0,0,0,0,0,0,0,2,0,0,14,0,1,0,"1",0.197780889594445
"604",1192,0,63936.4095552236,-3.68e+08,33633.38281,0.0633483,0.0522425,0.013083,3.1132982,-0.0919084,0.4638752,-3.287886,277,0.107628181,0.035510407,0.331022186,0,-81.2825335183326,35.3700082884186,28,32,6.4,6.8,8,11,0,0,0,0,5.3,0,2,0,0,0,0,1,0,"1",0.342378164896046
"605",1195,0,63936.4095552236,-273724549.419492,31675.30273,0.0603096,0.0460816,0.0058964,2.6465178,0.005486,0.4976233,-2.739799,295,0.116738392,0.023123202,0.331971616,0,-81.2900990292622,35.3601549504867,9,8,4,5.7,2,0,0,0,0,0,0.11,0,0,0,0,0,0,1,0,"0",0.177103311413632
"606",1201,0,63936.4095552236,-1.6e+07,37905.45313,0.0912078,0.0469583,0.033295,2.0766673,1.1e-06,0.4829051,-3.469461,267,0.072610338,0.044018448,0.315294431,0,-81.2479471659064,35.3896713461223,38,39,3.8,7.1,10,0,0,0,0.11,0,0,0,3,0,0,0,0,1,0,"1",0.558275594757428
"607",1203,0,63936.4095552236,-273724549.419492,35857.39844,0.0522553,0.0406219,0.0117928,4.6354632,0.0178321,0.4986703,-4.010408,280,0.119500948,0.028912655,0.341721802,0,-81.2945557789791,35.3713591247568,17,11,8.5,6.1,3,0,0,6.8,0,0,0,0,2,0,0,13,0,1,0,"0",0.247728589820449
"608",1224,0,63936.4095552236,-273724549.419492,32440.04102,0.0630945,0.0505778,0.0124546,1.4687471,0.0219489,0.4946042,-3.447231,279,0.110703327,0.02988739,0.329996647,0.25,-81.286371847662,35.364653625567,27,25,5.8,6.7,6,13,0,0,0,0,7.2,0,3,0.14,0,0,0,1,0,"1",0.255007783404028
"609",1225,0,63936.4095552236,-8e+07,31675.30273,0.0606854,0.0468585,0.0073136,3.2318566,-0.0164614,0.5041843,-3.251545,291,0.116168047,0.024005828,0.332036963,0,-81.2886182507857,35.3603920476685,38,51,7.2,6.9,12,6.2,0,0,0,0.242,3.52,0,2,0.1,0,0,0,1,0,"1",0.207924167622463
"610",1232,0,63936.4095552236,-9.6e+07,31552.16797,0.0580731,0.0431751,0.0023128,4.6007166,-0.0288075,0.494381,-4.097555,294,0.121447713,0.019088936,0.334952018,0,-81.2944754851755,35.3592401028587,38,60,7.1,6.7,10,10,0,0,0,0,17.75,0,3,0.13,0,6,0,1,0,"1",0.198714522490357
"611",1242,0,63936.4095552236,-273724549.419492,32224.86523,0.0596968,0.0457466,0.0062273,0.9290393,0.1138524,0.5147017,-3.067984,297,0.11746664,0.023450058,0.333407988,0,-81.2912741418862,35.3604208503205,10,6,3.5,5.8,2,0,0,1.63,0,0,0,0,1,0.01,0,0,0,1,0,"0",0.152787581958943
"612",1243,0,63936.4095552236,-273724549.419492,33783.26172,0.0622732,0.0510907,0.0139247,4.275084,0.0260631,0.4743379,-3.233465,279,0.108445179,0.035075358,0.331755389,0,-81.2834397173721,35.3704328582763,43,28,2.9,6.8,11,0,0,0,0.16,0,0,0,4,0,0,0,0,1,0,"1",0.439543221500672
"613",1248,0,63936.4095552236,-6.4e+07,29475.74023,0.0373281,0.03517,0.031457,2.5639057,-0.0150892,0.4759492,-3.244083,292,0.192406193,0.009893197,0.352581927,0,-81.3448737166805,35.2932424597215,100,231,11,8,0,18,0,0,0,0,0,0,0,0,0,6.7,0,1,0,"1",0.0585388310580112
"614",1255,0,63936.4095552236,-273724549.419492,32224.86523,0.0587143,0.044637,0.0051715,0.9853842,0.052124,0.5112671,-3.523454,298,0.118026199,0.023026121,0.333846096,0.22,-81.2917433650625,35.3605253583145,26,25,2.5,6.6,6,0,0,0,0.05,0,0.57,0,3,0,0,0,0,1,0,"1",0.155901494217013
"615",1281,0,63936.4095552236,-273724549.419492,32646.18945,0.052332,0.0353029,0.0051715,1.6420193,0.0068585,0.5025085,-3.790799,301,0.132181175,0.011508939,0.342184886,0,-81.3048466751531,35.3557059401766,15,11,4.8,7,3,11,0,0,0,0,6.2,0,1,0.11,0,0,0,1,0,"1",0.1925331028828
"616",1293,0,63936.4095552236,-273724549.419492,30996.02344,0.0486232,0.0224529,0.0165569,1.9973403,0.1618649,0.5244352,-2.877611,299,0.165077624,0.015200198,0.350912317,0.14,-81.3297837879155,35.3255857825665,15,15,3.5,6.2,5,0,0,0,0,0,0,0,2,0.05,0,0,0,1,0,"0",0.320070882884092
"617",1294,0,63936.4095552236,-273724549.419492,31201.09375,0.0486232,0.0224529,0.0165569,2.3900836,0.1385457,0.5221715,-2.90093,303,0.164986686,0.015733943,0.35123065,0,-81.3298541620459,35.3261332629462,21,41,7.9,7.7,5,0,0,0,0.09,0,0,0,1,0,0,0,0,1,0,"1",0.153194202513539
"618",1305,0,63936.4095552236,-4.96e+08,33127.21484,0.0589756,0.046038,0.0090316,0.9853842,-0.1275718,0.491832,-3.901247,282,0.115556652,0.027153931,0.334421315,0,-81.2897702508145,35.3653483313813,10,7,2,6,2,0,0.00176547231270358,0.568175895765472,0,0,0,0,1,0,0,0,0,1,0,"0",0.246855271739925
"619",1306,0,63936.4095552236,-8e+07,30643.98242,0.0481395,0.023415,0.0161066,3.0257473,-0.0178336,0.5243731,-3.443448,297,0.164341572,0.01520715,0.35013806,0.08,-81.3297024475327,35.3254151119346,12,25,6.5,7,3,0,0,1.9,0.23,0,0,0,1,0,0,0,0,1,0,"1",0.589149910918125
"620",1310,0,63936.4095552236,-1.44e+08,31787.53906,0.0563196,0.0227193,0.0011564,1.6745193,-0.0356668,0.4946092,-3.463149,304,0.153481096,0.009824414,0.349816387,0,-81.3219446572439,35.3391948730404,27,23,3.1,7.2,5,0,0,0,0,0,0,0,4,0,0,0,0,1,0,"1",0.155320299658449
"621",1313,0,63936.4095552236,-273724549.419492,32623.34961,0.0533067,0.0372384,0.0047679,3.2813458,0.227709,0.5241333,-2.185302,310,0.127548595,0.015481168,0.340069525,0,-81.3007289368301,35.3584302754987,39,42,6.1,6.6,12,9.2,0,0,0,0,3.8,0,2,0.07,0,0,0,1,0,"1",0.144135860845739
"622",1319,0,63936.4095552236,-273724549.419492,28344.11133,0.0331138,0.0302655,0.0307911,2.1024425,0.1303153,0.540309,-2.811007,292,0.191183185,0.014897728,0.348105743,0.08,-81.3414643061007,35.2884757257466,27,28,3.8,6.8,10,0,0,0,0,0,0.33,0,0,0,0,0,0,1,0,"1",0.0589776120639455
"623",1321,0,63936.4095552236,-4.16e+08,32848.52344,0.0524341,0.0362005,0.0051715,5.0966787,-0.1056251,0.48513,-3.533354,298,0.12941589,0.01479733,0.341698815,0,-81.3026715791575,35.3583025721266,27,35,6.1,6.5,8,8.1,0,0,0,0,7.7,0,2,0.18,0,0,0,1,0,"1",0.16689026830163
"624",1326,0,63936.4095552236,-273724549.419492,31410.09961,0.0496707,0.0218186,0.0155145,2.5639057,0.0534992,0.4976611,-2.769429,302,0.164550234,0.017024875,0.351772913,11.503,-81.3298399812847,35.3273292328459,64.75486152033,61.2816735415439,5.7,6.6,3,0,0,0,0,0,0,0,1,0,0,0,0,1,0,"1",0.113855635465472
"625",1327,0,63936.4095552236,-273724549.419492,31201.09375,0.0496707,0.0218186,0.0155145,2.6465178,0.1083679,0.5072292,-3.242736,302,0.164851726,0.016313611,0.351537066,0,-81.3298918950681,35.3266760106988,10,26,7.2,7.3,2,0,0.00176547231270358,0.568175895765472,0,0,0,0,1,0,0,0,0,1,0,"1",0.118492081730946
"626",1330,0,63936.4095552236,-273724549.419492,32623.34961,0.0525614,0.0367505,0.0046255,2.0766673,0.2043886,0.5190437,-2.521734,308,0.127732511,0.015618016,0.340405406,0.12,-81.3011452175485,35.3586135914156,56,66,7.2,8,20,0,0,0,0,0.22,0.13,0,1,0.04,0,0,0,1,0,"1",0.13984404253686
"627",1331,0,63936.4095552236,-2.08e+08,33187.16406,0.050802,0.034653,0.0036568,2.2025177,-0.0534977,0.5151453,-3.123216,296,0.129651386,0.015530058,0.342508715,0,-81.3028897443917,35.3603789803964,49,56,6.8,7.3,14,5.5,0,0,0,0,2.7,0,3,0.1,0,0,0,1,0,"1",0.16445224998441
"628",1334,0,63936.4095552236,-273724549.419492,32744.98438,0.0527392,0.0373639,0.0036568,4.6584816,0.0973933,0.5289637,-2.981502,301,0.125911344,0.01737426,0.339634249,0,-81.299323955303,35.3599669002606,78,82,6.7,7.8,26,9.1,0,0,0,0,1,0,3,0.15,0,0,0,1,0,"1",0.182286260285852
"629",1341,0,63936.4095552236,-273724549.419492,46848.95703,0.0479167,0.0510514,0.0256759,2.3215306,0.0809341,0.4924289,-3.088076,278,0.119209224,0.021002498,0.360405302,0,-81.2928892908201,35.4051332351972,43,40,5,7.1,10,0,0,0,0,0,0,0,5,0,0,0,0,1,0,"1",0.298277838725331
"630",1366,0,63936.4095552236,0,31044.08398,0.0435298,0.0258575,0.0264203,2.7068136,-0.0013722,0.4922704,-3.093955,287,0.175230329,0.007959614,0.353501385,11.503,-81.3370667100525,35.3160599282157,64.75486152033,61.2816735415439,9.90723366686286,0,18.7782352941176,9.90949941107185,0,0,0.0304176470588235,0.119623820754717,0.653395882352941,0.0188840188014101,4.29664508534432,0.0450829411764706,1.2948793407887e-06,5.24281176470588,0.0124105882352941,1,0,"0",0.0963253599091377
"631",1379,0,63936.4095552236,-273724549.419492,27058.46289,0.0292773,0.026217,0.0269713,1.6420193,0.0589845,0.5345291,-1.527295,295,0.188717247,0.018369712,0.344065267,0.18,-81.3375588584368,35.2872409658672,12,3,25.5,5.8,1,0,0,0,0.11,0,0,6e-04,2,0,0,40.7,0,1,0,"0",0.0582602379452768
"632",1380,0,63936.4095552236,-273724549.419492,28212.3125,0.0337735,0.0380378,0.0387691,1.9147184,0.1865577,0.5349412,-2.794457,292,0.179458046,0.009212369,0.347135074,0.1,-81.3353908548453,35.3019791586497,57,46,7.7,7.1,16,9.6,0,0,0,0,6.44,0,4,0.22,0,14.8,0,1,0,"1",0.0750666644504283
"633",1384,0,63936.4095552236,-273724549.419492,44795.64063,0.0532439,0.0543624,0.0312438,5.1797853,0.097394,0.4906221,-3.149309,276,0.112696916,0.024843955,0.353095506,0,-81.287113684451,35.4010910598336,23,30,3.3,7.3,6,0,0,0,0,0,0,0,2,0,0,0,0,1,0,"1",0.35985439763487
"634",1386,0,63936.4095552236,-273724549.419492,32623.34961,0.0554221,0.018284,0.0114476,2.9719696,0.091908,0.4778201,-3.099216,309,0.16407583,0.020959783,0.355109602,0,-81.3317689281331,35.3321099661903,0,5,1.2,6.2,0,0,0,0,0,0,0,0,0,0,0,0,0,1,0,"0",0.114654591382654
"635",1406,0,63936.4095552236,-1.92e+08,30372.50391,0.040917,0.029002,0.0296404,2.9355664,-0.0438956,0.5125661,-3.701315,280,0.176499392,0.006026017,0.352036118,0,-81.3366440916422,35.312192099469,14,9,2,6.4,3,0,0.00176547231270358,0.568175895765472,0,0,0.13,0.006,1,0.01,0,0,0,1,0,"0",0.0917738169334962
"636",1408,0,63936.4095552236,-6.08e+08,30375.23047,0.0505116,0.026622,0.0104075,1.9701859,-0.1522616,0.486839,-4.512282,294,0.156840621,0.0150215,0.346689565,0,-81.3231492335157,35.3310941574455,26,27,4.2,5.9,6,0,0,0,0,0,0,0,3,0,0,0,0,1,0,"0",0.092766011282732
"637",1420,0,63936.4095552236,-6.08e+08,30375.23047,0.0508415,0.0255977,0.0104715,5.4015985,-0.150891,0.4881212,-4.460533,293,0.15716642,0.015264865,0.347258696,0,-81.3236348623747,35.3311232113683,46,63,7.4,7.5,12,0,0,0,0,0,0.44,0,4,0.09,0,0,0,1,0,"1",0.0929112377498051
"638",1485,0,63936.4095552236,-273724549.419492,46220.67969,0.065415,0.0678434,0.0431751,2.0766673,0.0630998,0.4924265,-2.720894,263,0.102118047,0.038409289,0.34799975,0,-81.274914443602,35.4075418581975,0,36,22,6.8,0,0,0,0,0,0,0.47,0,0,0,0,0,0,1,0,"1",0.522560524663268
"639",1555,0,63936.4095552236,-6.4e+07,32401.72266,0.0474258,0.0238395,0.0247207,0.7344942,-0.0192046,0.5142204,-2.845152,288,0.180349066,0.01230301,0.358325198,0,-81.3416585121656,35.3153660812013,16,15,1.4,6.9,5,0,0,0,0.5,0,0,0,1,0,0,0,0,1,0,"1",0.0962134939252904
"640",1581,0,63936.4095552236,-273724549.419492,33435.79688,0.0499392,0.023243,0.0243116,0.9853842,0.0356645,0.4895128,-3.455989,286,0.183371384,0.014555829,0.361035658,0,-81.3450827311546,35.3147320054849,33,44,6.5,7.1,7,0,0,0,0,0,1.3,0,4,0.07,0,0,0,1,0,"1",0.104482360740141
"641",1627,0,63936.4095552236,-273724549.419492,31904.57227,0.0451582,0.028136,0.029117,4.4106984,0.1083668,0.5126268,-3.517898,286,0.182946972,0.011711654,0.357615333,0,-81.3440030487019,35.310688931591,12,12,2.8,6.4,2,0,0,0,0,0,0,0,2,0,0,0,0,1,0,"0",0.101824753285173
"642",1632,0,63936.4095552236,-4.8e+07,32813.20703,0.0476789,0.0266972,0.0277773,0.4645502,-0.0096029,0.4685077,-3.319233,286,0.184739848,0.011217225,0.359798899,0,-81.3456459425792,35.3117242483988,12,15,2.7,6.5,2,0,0,0,0,0,0,0,2,0,0,0,0,1,0,"1",0.120469695608313
"643",1648,0,63936.4095552236,-273724549.419492,32813.20703,0.0469583,0.0278494,0.0289327,2.3674541,0.0452666,0.4818296,-2.913523,286,0.185316718,0.010943386,0.360315424,0,-81.3462312730645,35.3116376220527,43,48,5,7.2,12,7.7,0,0,0,0,0.17,0,3,0,0,0,0,1,0,"1",0.161228253649394
"644",1656,0,63936.4095552236,0,32399.16602,0.0458634,0.0312438,0.0323788,6.9343491,0,0.5012457,-3.957021,276,0.188195397,0.006842927,0.360337106,0.2,-81.3473539341956,35.3091025005144,30,36,4.6,6.7,6,8.2,0,0,0,0,4.3,0,4,0.09,0,0,0,1,0,"1",0.133926981981247
"645",144,0,43252.45313,-273724549.419492,74605.02344,0.0664091,0.0563908,0.0490885,0,0.3703715,0.5049021,0,0,0.253453691,0.0166487,0.479695346,0,-81.4267282597744,35.4182836440255,78,14,1.3,6.8,31,0,0,0,0,0,0,0,0,0,0,0,0,0,0,"1",0
"646",153,0,44846.93359,-942545472,74905.27344,0.0673588,0.0569453,0.0498856,0,-0.2595964,0.4855086,-0.042028,0,0.255212416,0.018166333,0.481202871,0,-81.4283432324386,35.4183032530833,14,16,1.6,6.6,3,0,0,0,0.13,0,0,0,2,0,0,0,0,0,0,"1",0
"647",200,0,51663.41797,-1.6e+07,75457.20313,0.0734372,0.0581996,0.0542022,2.5639057,-0.0054856,0.4844171,-2.635143,303,0.264306958,0.026182204,0.486803301,0,-81.4387232038849,35.4129133776789,65,65,7.4,7.9,20,9.5,0,0,0,0,0,0.006,4,0,0,0,0,0,0,"1",0
"648",282,0,63177.35938,-1.44e+08,75143.72656,0.0708515,0.0558187,0.0516374,2.3900836,-0.0356645,0.4585327,-3.456669,304,0.262156349,0.024041449,0.4847456,0,-81.4362228330111,35.4123991911992,39,43,2.7,7.2,12,0,0,0,0,0,0,0,2,0,0,0,0,0,0,"1",0
"649",288,0,64422.12109,-273724549.419492,71825.58594,0.0629353,0.0458197,0.0429266,2.3900836,0.0041161,0.5438704,-3.486902,313,0.256128737,0.020351377,0.475841603,0.06,-81.4312338591712,35.403232229958,46,53,4,7.3,9,0,0,0,0,0,0,0,6,0,0,0,0,0,0,"1",0
"650",336,0,69935.00781,-273724549.419492,71825.58594,0.0622732,0.0459071,0.0424568,1.3137449,0.019205,0.5218722,-3.479934,314,0.255726799,0.019856595,0.475591363,0.09,-81.4309751121717,35.4031210144987,46,50,4.1,7.3,10,0,0,0,0,0,0,0,5,0.01,0,0,0,0,0,"1",0
"651",1,0,5043.958496,-6.4e+08,2191.749756,0.0083388,0.0036568,0.0023128,6.2254062,-0.1536351,0.475901,-4.134129,238,0.125615709,0.027876271,0.179574362,0,-81.1724306211898,35.2584064266559,30,30,4.3,6.2,8,0,0,0,0,0,0,0,3,3,0,0,0,0,0,"0",0
"652",16,0,10478.07813,-1.44e+08,8190.671387,0.0189661,0.0253615,0.0073136,6.6696939,-0.0370367,0.4534199,-4.458362,212,0.084872119,0.015192234,0.194286687,0,-81.1642663463233,35.2999350501289,14,23,6.7,6.7,5,0,0,0,0,0,0,0,0,0,0,0,0,0,0,"1",0.0535949614168736
"653",17,0,10811.31152,-273724549.419492,8469.074219,0.0164353,0.0263696,0.0047679,3.6234941,0.229081,0.4891044,-3.577535,234,0.081494307,0.016098536,0.196927814,0.21,-81.1655239665568,35.3028916959457,28,24,4.9,6.6,8,0,0,0,0,0,0.8,0.006,2,0.03,0,9.1,0,0,0,"1",0.0584201332195713
"654",24,0,14517.5293,-273724549.419492,1820.14917,0.0047679,0.0011564,0.0011564,1.7684314,0.1646092,0.5201515,-2.294609,252,0.121332809,0.03162316,0.193574957,0,-81.1856982263138,35.2630552174001,129,67,10.1,7.6,49,79.02,0,0,0,0.32,0,0,2,0.07,0,0,0,0,0,"1",0
"655",26,0,14744.53027,-273724549.419492,4150.578613,0.0067428,0.0047679,0.0016354,3.487623,0.0987651,0.493847,-2.83474,248,0.128343542,0.033583288,0.188908058,0.56,-81.1837400613915,35.2558835783091,56,68,7.2,7.2,16,0,0,0,0.06,0,0.14,0,4,0.06,0,0,0,0,0,"1",0
"656",28,0,14846.25977,-3.2e+07,910.074585,0.0088068,0.0025858,0.0016354,1.7684314,-0.0068593,0.5503201,-2.545868,251,0.118949513,0.028988465,0.198069573,0,-81.1895562687868,35.2658037772393,0,0,0,0,0,0,0,0,0,0,0,0,0,0,0,0,0,0,0,"0",0.0158324478543045
"657",29,0,15942.54395,-273724549.419492,4604.653809,0.0098801,0.0049061,0.0093231,3.6676545,0.02332,0.4954307,-3.376524,234,0.110608484,0.020879864,0.216263092,0.27,-81.2039533250391,35.2772233947863,70,49,11,6.4,20,6.4,0,10,0,0,1.7,0,5,0,0,22,0.3,0,0,"0",0.06486787724764
"658",30,0,16090.4043,-9.12e+08,2962.988037,0.0067428,0.0067428,0.0067428,1.1842326,-0.2290804,0.4833854,-4.477432,236,0.110356653,0.026039144,0.236565783,0,-81.2219108344618,35.2834478070328,18,23,9.3,6.4,6,0,0,0,0,0,0,0,0,0,0,8.2,0,0,0,"0",0.064519655960034
"659",33,0,17658.47461,-273724549.419492,3178.753906,0.012073,0.0057819,0.0088068,1.6420193,0.0850478,0.5287904,-3.019264,241,0.113314665,0.0245448,0.219034654,0.07,-81.2080570169058,35.2753749171519,64,61,2.8,7.5,16,0,0,0,0.01,0,1.09,0,6,0.019,0,0,0,0,0,"1",0.0526411242494206
"660",34,0,17761.18359,-273724549.419492,3640.29834,0.0080947,0.0080947,0.0077573,1.3541625,0.1042526,0.5116026,-2.90655,246,0.107580414,0.027620767,0.234176548,0,-81.2195598542805,35.284953385196,20,11,6.3,6.1,5,0,0,0,2.78,0,0,0,2,0.05,0,8.6,0.31,0,0,"0",0.0594266153890622
"661",36,0,18083.07422,-273724549.419492,4190.297852,0.0093231,0.0088068,0.0084186,2.2025177,0.0480119,0.4985136,-3.133622,240,0.106140896,0.026645419,0.234154958,0.05,-81.2191733061042,35.2871386997054,34,30,11.2,6.8,11,0,0,0,1.1,0.248,0,0,2,0,0,12.2,0,0,0,"1",0.0594877958298202
"662",42,0,19716.79883,-1.6e+07,5148.15918,0.0090316,0.0016354,0.0073136,0.9290393,-0.0054871,0.5186287,-3.030875,239,0.107718884,0.020842379,0.222593453,0.14,-81.2087561681258,35.2817744224998,100,59,18,6.5,27,0,0,0,0.11,0,0.57,0,8,0.04,0,22,0,0,0,"1",0.075914287444163
"663",45,0,20500.21484,-2.4e+08,2848.984131,0.0095358,0.0011564,0.0051715,1.6745193,-0.0603568,0.5099484,-3.625336,255,0.123480154,0.012239653,0.260109234,1.37,-81.2489308407537,35.2845392921911,334,41,28.4,7.9,132,345,0.00176547231270358,0.568175895765472,0.1,2.311,3.85,0.044,1,0,0,0,0,0,0,"1",0.0829845033883276
"664",55,0,22697.4707,-6.4e+08,4968.040527,0.014068,0.0147184,0.0011564,4.374136,-0.1591222,0.4798909,-3.971319,225,0.141065709,0.003443434,0.241894348,0,-81.2392716551129,35.2571973584622,25,22,8.3,6.6,7,5.4,0,0,0,0,0,0,2,0,0,5.7,0,0,0,"1",0.0225570133014619
"665",65,0,24759.95898,-4e+08,813.9954224,0.0032707,0.0034692,0.0036568,1.7684314,-0.1001368,0.4964677,-3.444581,252,0.119302965,0.012911463,0.25328249,0.25,-81.2414679533914,35.2841974341337,35,29,7.5,5.5,12,9.6,0,0,0,0,0,0,1,0,0,0,0,0,0,"0",0.0735122561617549
"666",73,0,26165.33594,-6.88e+08,7722.23877,0.0129288,0.0062273,0.0115638,1.6420193,-0.1700967,0.4725785,-3.465485,231,0.144260803,0.022568791,0.222524449,0,-81.2214894097841,35.2472484119329,150,38,24,7.3,47,0,0,0,0,0.22,0,0,0,0,0,17,0,0,0,"1",0
"667",74,0,26791.87695,-2.24e+08,11019.04492,0.0023128,0.016065,0.0047679,1.0386748,-0.0576129,0.4890361,-3.627462,237,0.067306926,0.009408329,0.228049217,0,-81.1927600882069,35.3190185377969,60,32,26,6.7,16,12,0,2.2,0,0,0,0,1,0,0,33,0,0,0,"1",0.0414220053476041
"668",85,0,29172.11914,-6.4e+07,10581.94043,0.016065,0.0162306,0.0115638,1.6420193,-0.0137177,0.5041904,-2.683279,249,0.157470224,0.011929657,0.178958741,1.43,-81.1831913672738,35.2263646167077,41,34,14.2,6.7,14,0,0,0,0,0,0,0.007,2,0,0,19,0.2,0,0,"1",3.30057388668812e-05
"669",86,0,29172.11914,-6.4e+07,10581.94043,0.016065,0.0162306,0.0115638,1.6420193,-0.0137177,0.5041904,-2.683279,249,0.157470224,0.011929657,0.178958741,0,-81.183191694577,35.2263656007373,40,25,15,6.2,13,0,0,0,0.21,0,0,0,2,0,0,20.8,0.21,0,0,"0",3.30047329919642e-05
"670",92,0,30922.30469,-273724549.419492,11461.16016,0.0036568,0.0144895,0.0057819,3.2976756,0.0438952,0.5030162,-3.975267,233,0.065914704,0.010630354,0.229414587,0,-81.1931388111386,35.3204027226594,59,57,11,6.7,21,0,0,0,0,0,0,0,2,0,0,13,0.1,0,0,"1",0.0234572761289508
"671",97,0,31874.43359,-5.12e+08,2034.988648,0.0073136,0.0057819,0.0067428,10.4851522,-0.1289441,0.5342652,-4.402438,223,0.200788863,0.022898124,0.199289045,0,-81.2092739951235,35.1816439223392,57,30,5.5,5.8,15,22.2,0,1.98,0,0,0.18,0,5,0.03,0,9.3,0.15,0,0,"0",0.0907088228939993
"672",99,0,33311.99219,-273724549.419492,10400.36426,0.0124546,0.0127727,0.0074045,2.3900836,0.0260622,0.5038477,-2.808219,250,0.156329265,0.011514931,0.182864397,0,-81.1868111702249,35.2278643896112,46,38,11,6.6,12,0,0,0,0,0,0.13,0,4,0,0,11,0,0,0,"1",0.00931296569954371
"673",100,0,34016.55078,-4.8e+07,11461.16016,0.0041694,0.0134856,0.0069383,2.3215306,-0.0068589,0.4948111,-4.117116,232,0.065731024,0.010824005,0.229387452,0,-81.1929930415186,35.320556813273,100,82,16,6.8,37,12,0,0,0,0,0.11,0,5,0,0,38,0.1,0,0,"1",0.0235951700137024
"674",105,0,35737.86328,-273724549.419492,10174.94336,0.0093231,0.0098801,0.0032707,1.9147184,0.0631004,0.4982854,-3.703825,252,0.153752788,0.013877537,0.186648477,0,-81.1900236835602,35.2307290143771,24,28,9.6,6.5,8,0,0,0,0.15,0,0,0,0,0,0,8.6,0,0,0,"1",0.00798285027525835
"675",108,0,36154.91406,-273724549.419492,2302.326904,0.0051715,0.0016354,0.0016354,3.4254887,0.004115,0.4894488,-3.274507,259,0.116783375,0.007726285,0.257314561,1.2,-81.2434464493329,35.2888090103947,64,61,5.6,7.1,17,0,0,0,0,0.21,0,0,5,0,0,5.7,0,0,0,"1",0.0734430969230671
"676",113,0,38267.59766,-273724549.419492,10272.1582,0.0117928,0.0104715,0.0057819,1.6745193,0.0589843,0.513832,-2.338801,253,0.155519524,0.012067236,0.185190018,0,-81.1886063524022,35.2292699949392,14,8,8.5,6.4,4,0,0.00176547231270358,0.568175895765472,0.41,0,0,0,1,0,0,8.7,0.12,0,0,"0",0.00842682496644083
"677",120,0,39857.28125,-273724549.419492,16325.63184,0.0400917,0.0176514,0.0036568,4.8716373,0.3347059,0.544061,-3.604965,243,0.173884398,0.008437431,0.23745478,0,-81.2443908179653,35.2241007359371,43,54,8,7.6,10,0,1.09,1.09,0,0.66,0.13,0,4,0,0,0,0,0,0,"1",0.0158792178072178
"678",125,0,41378.35156,-273724549.419492,10424.22754,0.0104075,0.0084186,0.0036568,3.6676545,0.0315499,0.4924621,-3.235909,250,0.154694229,0.013191377,0.188092706,0,-81.1916686440768,35.2302142514735,32,25,12,5.3,10,0,0,0,0,0,0.18,0,2,0,0,7.2,0,0,0,"0",0.0142183224854335
"679",129,0,41569.30469,-8.32e+08,7996.236328,0.0243116,0.0245851,0.0249093,6.826663,-0.2126205,0.4891828,-3.722211,222,0.212410141,0.023783424,0.219163153,0,-81.2286122760579,35.1782580274602,32,43,7.7,6.8,8,0,0,13,0,0,0,0,3,0,0,0,0,0,0,"1",0.0751236800696126
"680",161,0,45654.29688,-273724549.419492,13651.11816,0.0106613,0.0197603,0.0080947,4.4106984,0.093279,0.4875153,-3.736544,236,0.058875523,0.017323104,0.223184788,0,-81.1815087011131,35.3249102763763,28,27,11,6.5,9,0,0,0,0,0,0,0,1,0,0,11,0,0,0,"1",0.0598648227456755
"681",169,0,47086.8125,-273724549.419492,28594.30469,0.0492381,0.0359224,0.030066,0.9290393,0.0727017,0.525206,-1.984064,222,0.017955403,0.006602709,0.25265422,0,-81.1824255501372,35.3671196000429,15,23,7.5,6.8,5,0,0,2.37,0,0.108,0,0,1,0,0,0,0,0,0,"1",0.0950456288595106
"682",175,0,48404.85156,-273724549.419492,9843.961914,0.0155145,0.021603,0.0057819,4.262538,0.0068582,0.5076875,-3.909634,240,0.07778647,0.004066682,0.234862724,0,-81.2057822029179,35.3124662807991,83,28,19,5.9,28,0,0,0,0,0,0,0,3,0,0,26,0.2,0,0,"0",0.0446024136528917
"683",179,0,48779.88281,-273724549.419492,31468.05664,0.0560936,0.0303537,0.0320675,2.3215306,0.2702333,0.5192538,-3.318134,217,0.011123396,0.008108769,0.257679535,0.08,-81.1816975278655,35.3745934369895,18,30,7.6,6.5,6,0,0,0,0,0,0,0,0,0,0,5.9,0,0,0,"1",0.101721139229344
"684",183,0,49368.64453,-273724549.419492,9801.802734,0.0188246,0.0264203,0.0093231,2.6465178,0.0082313,0.4942074,-2.584091,232,0.083139147,0.008540665,0.237789667,0,-81.2114176428375,35.3091316663112,29,25,11.7,6.8,9,0,0.00176547231270358,0.568175895765472,0,0,0.44,0,1,0,0,10.94,0,0,0,"1",0.0443426537580798
"685",184,0,49579.14453,-273724549.419492,11569.04883,0.0115638,0.0058964,0.0057819,1.9973403,0.1838138,0.5298515,-3.458942,247,0.152872334,0.018866486,0.196929648,0.07,-81.2000422562156,35.2329177302113,86,76,11,6.6,22,5.5,0,2.6,0,0,0,0,7,0.11,0,10,0,0,0,"1",0.0166078149477277
"686",192,0,50226.26563,-1.12e+08,22532.38867,0.0424095,0.0253615,0.0165569,5.4015985,-0.0315501,0.5141653,-3.516369,217,0.092118708,0.00770113,0.168792995,0,-81.1183437870532,35.311909298289,28,34,7.9,7,7,0,0,0,0,0,0,0,2,0,0,0,0,0,0,"1",0.0209461208130925
"687",203,0,52438.58203,-273724549.419492,15893.76953,0.0437138,0.0162306,0.0083388,4.6354632,0.0919063,0.5018587,-3.862856,246,0.175942252,0.002781617,0.245349214,0.06,-81.2516671362287,35.2248632941729,26,16,10,6.2,8,0,0,0,0.17,0,0,0,2,0,0,23,0,0,0,"0",0.00593227497964799
"688",204,0,52438.58203,-9.6e+07,15893.76953,0.0437138,0.0162306,0.0083388,3.0257473,-0.0178328,0.5011647,-4.001947,246,0.176246092,0.003133496,0.245258603,0.91,-81.2515628839596,35.2246328170366,49,57,9.2,7.8,16,0,0,0,0,0,0.37,0,2,0,0,5.5,0,0,0,"1",0.00563694634166566
"689",205,0,52666.91797,-273724549.419492,6562.641113,0.0204912,0.0198952,0.0213227,3.2976756,0.1042533,0.5244783,-4.115851,228,0.207717507,0.020241667,0.215902849,0,-81.2254026521121,35.1822887030352,20,31,6.3,6.7,6,0,0,0,0,0,0,0,1,0,0,0,0,0,0,"1",0.0812106723662844
"690",208,0,53103.77344,-273724549.419492,22295.89844,0.0429733,0.0269961,0.0157285,1.8575904,0.02332,0.5475227,-3.032583,214,0.090744373,0.009018184,0.17017444,0,-81.1194119964653,35.3131988204764,35,49,9.2,7.1,11,0,0,6.6,0,0,0.16,0,2,0,0,0,0,0,0,"1",0.0206351054626808
"691",209,0,53115.58203,-273724549.419492,16300.24609,0.044637,0.0150774,0.0077573,5.3320451,0.1659808,0.4960737,-4.046826,247,0.176850551,0.003798644,0.245142338,0,-81.2515323844501,35.224009395229,34,22,6.4,6.4,12,19,0,0,0,0.45,0,0,0,0,0,0,0,0,0,"0",0.00748758306180964
"692",210,0,53325.92969,-3.68e+08,13681.4209,0.0109093,0.0354729,0.0046255,4.9585962,-0.0987656,0.4715106,-4.182214,221,0.063224618,0.002436292,0.209493886,0,-81.1668635175866,35.321172541908,72,49,8.4,6.9,22,18,0,1.7,0,0.34,0,0,5,0.03,0,9.5,0,0,0,"1",0.076484849929991
"693",212,0,53987.14453,-2.88e+08,2441.986328,0.0046255,0.0049061,0.0032707,2.8235226,-0.0740737,0.4742487,-2.934886,255,0.112276221,0.008750514,0.253981038,18.9,-81.2389928799587,35.2911003042299,32,67,8.7,6.9,9,0,0,0,0.47,0,1.87,0.003,2,0.04,0,0,0,0,0,"1",0.0630723129607692
"694",216,0,54215.23828,-273724549.419492,16706.74805,0.0455709,0.0139247,0.0073136,5.901052,0.082305,0.4943475,-3.947384,250,0.177910034,0.005009442,0.244861532,0,-81.2515261744946,35.2230652561332,16,23,4.7,7.3,5,0,0.00176547231270358,0.568175895765472,0.16,0,0.1,0,1,0,0,0,0,0,0,"1",0.00959158764390432
"695",219,0,54638.38672,-3.52e+08,11257.00098,0.0391295,0.0196585,0.0193845,3.2318566,-0.0932789,0.4850693,-3.93925,246,0.166935498,0.007102995,0.253023269,0.06,-81.2564821174083,35.2376608654517,76,62,11.4,7.4,21,0,0,0,0.87,0.324,0,0,6,0,0,6.4,0,0,0,"1",0.00544730677524191
"696",224,0,55597.98047,-9.44e+08,32924.07813,0.0625838,0.0193845,0.0098801,4.275084,-0.2414268,0.4881595,-4.291256,242,0.032464969,0.011603532,0.278377236,0,-81.2077033013099,35.378374823727,34,40,7,6.8,9,0,0,1.51,0.05,0,0,0.004,3,0,0,0,0,0,0,"1",0.160135404086027
"697",228,0,56345.87109,-273724549.419492,15406.89355,0.047454,0.0197603,0.0165569,6.2932734,0.119342,0.4871637,-3.440845,255,0.177216544,0.004208407,0.253609599,0,-81.2588630729973,35.2276216321014,61,68,9.8,6.9,13,0,0,0,0,0,0.19,0,7,0,0,0,0,0,0,"1",0.0109963431486259
"698",229,0,56434.74219,-273724549.419492,11108.87598,0.0176893,0.018682,0.0032707,2.6465178,0.1165977,0.5213045,-2.717539,250,0.075697202,0.007514515,0.238009888,0,-81.2076168936004,35.3152096680919,28,20,18.6,6.1,9,11.5,0,5.13,0,0,0,0,2,0,0,12.8,0,0,0,"0",0.0380999308344045
"699",231,0,56730.875,-3.68e+08,13250.88574,0.0099476,0.0084186,0.0077573,2.8044105,-0.0891626,0.4865143,-3.569319,234,0.063827801,0.013594134,0.235310193,0,-81.1977837362939,35.3238842766355,72,76,11,7.8,25,14,0,0,0,2.2,0,0,3,0,0,0,0,0,0,"1",0.0418308153671853
"700",233,0,57083.73047,0,2475.67041,0.0051715,0.0067428,0.0023128,1.9973403,0.0027439,0.5134004,-3.216366,250,0.111205238,0.010531898,0.252082074,0.1,-81.2371502530074,35.2910592291613,77,66,2.8,7,28,0,0.00176547231270358,0.568175895765472,0,0,4.27,0.006,2,0.13,0,0,0,0,0,"1",0.061532366541632
"701",234,0,57244.29688,-273724549.419492,30955.91602,0.0543992,0.0279692,0.0275841,2.9538245,0.1262,0.4776102,-3.654878,212,0.015699036,0.008907329,0.260602077,0,-81.1878678822106,35.3730644479087,14,18,4,6.7,4,0,0,0,0,0,0,0,1,0,0,0,0,0,0,"1",0.0949244880631227
"702",243,0,58254.60938,-273724549.419492,12052.90625,0.0404734,0.0217265,0.0188246,1.8575904,0.1152255,0.4901521,-3.484605,253,0.169088783,0.007946092,0.253130036,0,-81.2570591829031,35.2360193839705,38,36,5.1,6.4,11,0,0,0,0,0,0,0,3,0,0,0,0,0,0,"0",0.00430373927200582
"703",244,0,58274.99609,-9.6e+07,11227.53223,0.0227193,0.0259865,0.007034,2.7851665,-0.0246914,0.5022802,-3.644697,239,0.082496983,0.011863424,0.241730844,0,-81.2144312655568,35.3114481200157,24,32,8.8,7,8,0,0,0,0,0,0,0,1,0,0,0,0,0,0,"1",0.0407882109191978
"704",245,0,58553.07031,-273724549.419492,3752.333496,0.0109093,0.0114476,0.0067428,4.1089568,0.1124823,0.4962676,-3.309813,251,0.107310137,0.015901595,0.246903443,0,-81.2311715159832,35.2922743065107,112,85,10.2,7.8,31,0,0,0,0,1.915,0,0,8,0,0,28.3,0,0,0,"1",0.060126423173116
"705",250,0,59051.22656,-273724549.419492,12537.9082,0.042093,0.0223335,0.0196245,2.5001462,0.0946499,0.5125067,-2.959922,255,0.170505759,0.007204882,0.253686461,0,-81.2576389225912,35.2348726686296,52,65,7.1,7.4,14,0,0,0,0,0,0,0,4,0.03,0,0,0,0,0,"1",0.00257756316674026
"706",251,0,59051.22656,-1.92e+08,12537.9082,0.042093,0.0223335,0.0196245,0.9290393,-0.0452676,0.5119241,-3.316524,254,0.170303409,0.006959473,0.253957421,0,-81.2577818271968,35.2350444376484,31,31,6.2,7.4,8,0,0.00176547231270358,0.568175895765472,0.05,0,0.7,0,3,0,0,5.5,0,0,0,"1",0.00255060430008877
"707",256,0,59834.125,-1.28e+08,10996.47266,0.0219408,0.0243939,0.0057819,2.6465178,-0.0301779,0.5115421,-3.366721,237,0.08096024,0.010506615,0.240881498,0.06,-81.2128373904473,35.3115469113045,26,32,9.5,6.8,8,0,0,1.3,0,0,0.64,0,2,0,0,0,0,0,0,"1",0.0378593620469673
"708",259,0,60505.22266,-3.2e+08,11315.70801,0.0212599,0.0228075,0.0047679,2.3215306,-0.0836764,0.5082011,-4.044108,238,0.079551018,0.010308393,0.24101944,0,-81.2122672627922,35.3135688437505,0,0,0,5.4,0,0,0.00176547231270358,0.568175895765472,0,0,0,0,0,0,0,0,0,0,0,"0",0.0372885950476918
"709",269,0,61974.98047,-273724549.419492,17912.52344,0.040868,0.0119057,0.0025858,3.1132982,0.049382,0.5153082,-2.945629,243,0.17925607,0.009428539,0.240377479,0,-81.2471957651516,35.2198628710367,28,34,6.3,6.6,7,0,0.00176547231270358,0.568175895765472,0,0,0,0,2,0,0,0,0,0,0,"1",0.0155714910672802
"710",291,0,65310.08594,-273724549.419492,26972.62109,0.0446819,0.0301548,0.0227781,4.6927934,0.1289434,0.4892904,-3.457603,245,0.030886413,0.012468114,0.260775413,0,-81.1971871201216,35.3621493821644,81,57,9.9,7.3,22,0,0,0,0,0,0,0,7,0,0,17,0,0,0,"1",0.0646640268816144
"711",299,0,66088.14063,-273724549.419492,6562.641113,0.0180633,0.0192461,0.0113891,1.8575904,0.2524015,0.5115439,-2.549733,238,0.098570311,0.011691807,0.247884257,0,-81.2273675444133,35.3002545053159,72,46,12,7.1,20,10.4,0.00176547231270358,0.568175895765472,0,0,0,0,6,0,0,18.2,0,0,0,"1",0.180802649340806
"712",304,0,66514.04688,-6.08e+08,8390.472656,0.0222435,0.0231277,0.0139247,6.2083197,-0.1508921,0.4994718,-3.895296,218,0.094125872,0.005517193,0.251927883,0,-81.2290653281752,35.3064230196133,110,90,11,7.6,37,29,0,0,0.06,1.9,0,0,4,0,0,0,0,0,0,"1",0.0945742440558478
"713",309,0,67361.49219,-273724549.419492,32163.12305,0.0578654,0.0250164,0.0258575,5.5763736,0.0425236,0.4897294,-3.593392,225,0.014167508,0.005928703,0.263597473,0,-81.1882432472266,35.3767849833832,49,38,9.2,7.6,15,0,0,0,0,1.108,0,0,3,0,0,5.8,0,0,0,"1",0.0858025294269004
"714",320,0,68694.46875,-273724549.419492,7996.236328,0.0220017,0.0199623,0.0204912,2.5639057,0.3292178,0.5166165,-2.586709,236,0.201189005,0.012002942,0.219811479,0.1,-81.2291007967173,35.1901101019443,63,56,8,7.2,21,17,0,0,0,0,0,0,2,0,0,0,0,0,0,"1",0.0855023565676118
"715",325,0,69014.07031,-273724549.419492,3685.52124,0.0084186,0.0090316,0.0016354,4.6927934,0.1412888,0.508281,-3.297935,250,0.1085449,0.008974281,0.253892926,0.14,-81.237802571694,35.2947691923418,24,28,7.8,6.5,8,0,0,2.7,0,0.34,0.41,0,1,0,0,0,0,0,0,"1",0.0662352410105782
"716",327,0,69083.1875,-273724549.419492,12779.9873,0.0255454,0.0220927,0.0025858,1.6745193,0.1028802,0.5029037,-1.693134,254,0.078633515,0.014043792,0.244865701,0,-81.2147523568206,35.3158252476653,12,23,7.3,6.8,4,0,0,0,0,0,0,0,0,0,0,0,0,0,0,"1",0.038399542087123
"717",331,0,69271.21875,-273724549.419492,12773.50488,0.0274869,0.0245306,0.0051715,1.9973403,0.0178319,0.4926414,-2.84342,247,0.080828924,0.011329106,0.246908393,0,-81.2180087187135,35.3148804259441,77,20,0,6.4,20,0,0,0,0,0,0,0,4,0,0,11,0,0,0,"0",0.044137902156447
"718",337,0,70096.40625,-1.44e+08,3861.119385,0.0093231,0.0106613,0.0036568,1.3137449,-0.0411524,0.520363,-3.772345,248,0.106969142,0.011823813,0.251284028,0,-81.2344192832959,35.2944456468498,51,58,7.6,6.9,12,0,0,0,0,0,15,0,5,0.17,0,7,0,0,0,"1",0.0592133681761674
"719",349,0,71252.82031,-9.6e+07,26533.00586,0.0435452,0.029002,0.0217265,3.2484376,-0.0274362,0.4913207,-3.927324,239,0.03163213,0.013221602,0.259655268,0.28,-81.1977382968053,35.3613281331432,11,17,5.4,7,3,0,0.00176547231270358,0.568175895765472,0,0,1.35,0,1,0.08,0,0,0,0,0,"1",0.0625386911688063
"720",351,0,71443.79688,0,4550.373047,0.0115638,0.0129288,0.0057819,1.3934064,0.0027436,0.5163231,-3.071607,248,0.104988805,0.013993342,0.249640212,0,-81.2324618513009,35.2957767996396,108,101,10.1,7.6,31,8.5,0,0,0,0.599,0,0,7,0,0,13.9,0,0,0,"1",0.0496604364735862
"721",352,0,71568.96094,-273724549.419492,32155.39648,0.0589869,0.023415,0.0243116,1.9701859,0.0192038,0.4819661,-3.722306,227,0.014852795,0.006029381,0.264939765,0.06,-81.188973061042,35.3777708696363,28,23,10,6.3,9,0,0,3.7,0,0.27,0.12,0,2,0,0,8.8,0,0,0,"0",0.0866541277183573
"722",357,0,71660.86719,-3.36e+08,5099.666992,0.0131848,0.0144895,0.007034,2.3674541,-0.0850478,0.4757043,-3.13843,242,0.102851947,0.014819208,0.249337472,0.2,-81.2308505338248,35.2969894497425,110,100,13,6.7,20,12,0,1.5,0,0,0,0,14,0,0,0,0.2,0,0,"1",0.0377491884719663
"723",358,0,71660.86719,-2.08e+08,5099.666992,0.0131848,0.0144895,0.007034,1.1842326,-0.0534983,0.4767677,-3.075099,241,0.103150422,0.014925008,0.249508362,0,-81.2311220768671,35.2967989367384,160,152,11,6.9,35,14,0,0,0,0.27,0,0,17,0.08,0,6.2,0.1,0,0,"1",0.0288885995587542
"724",359,0,71660.86719,-2.88e+08,5099.666992,0.0131848,0.0144895,0.007034,3.0959876,-0.0781896,0.4866622,-3.153103,241,0.103490067,0.014675787,0.249608874,0,-81.2313982820782,35.2965998102887,49,62,8,7.2,17,7.3,0,0,0,0.31,0,0,7,0,0,13,0,0,0,"1",0.000420809028571312
"725",360,0,71660.86719,-2.88e+08,5099.666992,0.0131848,0.0144895,0.007034,3.0959876,-0.0781896,0.4866622,-3.153103,241,0.103490067,0.014675787,0.249608874,0,-81.2313993518907,35.2965999445139,83,48,8.3,7.4,21,6.4,0,0,0.24,0,0.1,0,8,0,0,15,0,0,0,"1",0.000420798316592814
"726",361,0,71904.63281,-273724549.419492,11977.0791,0.0047679,0.0104715,0.0062273,4.8716373,0.0219478,0.487226,-3.977362,239,0.167893518,0.007923476,0.19156472,0,-81.1979242155544,35.2171596769678,63,48,11.6,6.5,17,0,0.00176547231270358,0.568175895765472,0,0,1.11,0,5,0,0,13.2,0,0,0,"1",0.0333548301075497
"727",365,0,72116.35156,-2.24e+08,13675.36621,0.0104075,0.0051715,0.0025858,3.3781307,-0.0589846,0.5267144,-3.3696,240,0.162172207,0.009238545,0.191642586,0,-81.1965612435216,35.2230854271545,28,30,3.6,6.5,8,0,0,0,0,0,0,0,2,0,0,5.2,0.1,0,0,"1",0.0288330278475622
"728",366,0,72287.70313,-1.024e+09,7482.562012,0.0196585,0.0173843,0.0176893,1.3541625,-0.2537721,0.4598241,-4.243908,208,0.198406926,0.010291339,0.217436692,0.14,-81.2269361640438,35.1922495209425,31,43,7.5,6.6,9,0,0,0,0,0,0.06,0,2,0.01,0,0,0,0,0,"1",0.127884293988281
"729",369,0,72674.71094,-273724549.419492,14389.54297,0.0298428,0.020847,0.0036568,3.0959876,0.1001368,0.5102196,-2.612475,231,0.160852543,0.017377076,0.216287573,0.2,-81.2207851913189,35.2297779582567,51,58,14.5,7.5,16,0,0,0,0.16,0,0.14,0.006,3,0,0,12.8,0,0,0,"1",0.000273335314415218
"730",370,0,72674.71094,-273724549.419492,14389.54297,0.0298428,0.020847,0.0036568,3.0959876,0.1001368,0.5102196,-2.612475,231,0.160852543,0.017377076,0.216287573,0.2,-81.2207821810971,35.2297800369182,51,58,14.5,7.5,16,0,0,0,0.16,0,0.14,0.006,3,0,0,12.8,0,0,0,"1",0.000273322786851549
"731",394,0,75462.85938,-273724549.419492,4900.901367,0.0116215,0.0113891,0.0023128,4.8386173,0.0150883,0.4953423,-4.125413,246,0.105979372,0.008467467,0.255902336,0.14,-81.2373215564754,35.2980917765745,40,18,13,6.2,11,9.9,0,0,0,0,0,0,3,0,0,8.4,0,0,0,"0",0.0750047926764448
"732",401,0,75825.74219,-273724549.419492,13238.37891,0.0154281,0.0011564,0.0016354,1.6420193,0.1248295,0.5240533,-2.886419,248,0.158888892,0.01432297,0.19578983,0.15,-81.2000587826284,35.2269269147588,79,76,12.4,6.3,25,0,0.00176547231270358,0.568175895765472,0,0.682,0,0,4,0,0,10.7,0,0,0,"0",9.25935580016111e-05
"733",402,0,75825.74219,-273724549.419492,13238.37891,0.0154281,0.0011564,0.0016354,1.6420193,0.1248295,0.5240533,-2.886419,248,0.158888892,0.01432297,0.19578983,0,-81.2000600052345,35.2269266544222,93,91,13.1,7.2,30,0,0.00176547231270358,0.568175895765472,0,0.813,0,0,5,0,0,12,0,0,0,"1",9.25946079345611e-05
"734",408,0,76138.46094,-273724549.419492,33069.66016,0.0633061,0.0408844,0.03844,11.4676733,0.1220848,0.4952647,-3.822904,246,0.012378562,0.009860518,0.249219759,0,-81.1645632858165,35.3780258620644,29,40,8.7,7,8,0,0,0,0,0.44,0,0,2,0,0,0,0,0,0,"1",0.106898843431045
"735",416,0,76589.09375,-1.92e+08,6625.442871,0.0168372,0.0170738,0.0077573,1.1842326,-0.0521259,0.4851989,-3.678134,239,0.101183787,0.011655964,0.255376873,0,-81.235461103148,35.3023922393905,16,15,6.1,6.3,6,0,0,0,0,0,0,0,0,0,0,5.6,0,0,0,"0",0.0942062684188782
"736",420,0,76891.11719,-273724549.419492,9767.945313,0.007034,0.0106613,0.0080947,0.9853842,0.0631,0.5011792,-3.15458,245,0.175260624,0.015156627,0.196438094,0,-81.2040709445321,35.2111411449057,35,36,11.6,6.5,11,0,0.00176547231270358,0.568175895765472,0,0,0.6,0,2,0,0,7.8,0,0,0,"1",0.0321565496104177
"737",433,0,78108.72656,-273724549.419492,33006.98828,0.060232,0.0238395,0.0259865,8.3160877,0.0054871,0.4981559,-4.20965,222,0.01144834,0.003056701,0.264013984,0,-81.1871240818371,35.3793244685384,22,27,8.1,6.3,6,0,0,0,0,0.31,0,0,2,0,0,0,0,0,0,"0",0.0972193313687058
"738",434,0,78271.61719,-273724549.419492,14389.54297,0.029002,0.0219408,0.0047679,4.3985453,0.0205764,0.5057156,-2.426802,230,0.161843587,0.016206715,0.217008921,0.07,-81.221733765206,35.228695576755,46,43,13,6.7,14,0,0,0,0.27,0.3,0,0,3,0,0,9.9,0,0,0,"1",0.0163271615358465
"739",448,0,79726.0625,-273724549.419492,36956.19922,0.0746562,0.0354729,0.0391295,3.0959876,0.0109741,0.5128421,-2.982803,240,0.018179712,0.009639413,0.251163495,0,-81.1561534712342,35.3873536934462,66,49,5.4,7.8,19,11,0,0,0,0,0,0,4,0,0,12,0,0,0,"1",0.195821403082072
"740",449,0,79737.79688,-273724549.419492,24273.58398,0.0434068,0.0348645,0.0190716,15.0254936,0.1536349,0.4676263,-3.771393,217,0.050574265,0.006680315,0.210315461,1.1,-81.1438187795097,35.3447367654711,850,67,17,7.6,300,780,0,1.3,0,0,0.84,0,22,0.06,0,0,0,0,0,"1",0.0500944640802551
"741",454,0,80001.00781,-1.92e+08,14854.02344,0.0131848,0.0041694,0.0041694,2.6465178,-0.0507551,0.4979136,-3.563409,238,0.05917123,0.018829554,0.238905733,0.06,-81.1983060561564,35.3292838565203,35,42,7.8,6.9,14,0,0,0,0.09,0,0.64,0,0,0,0,7.7,0,0,0,"1",0.0542673419120195
"742",455,0,80063.32813,-273724549.419492,43685.47656,0.0809551,0.0165569,0.0197941,3.8391652,0.0164605,0.5171448,-3.691734,261,0.038500483,0.01412714,0.254108481,0,-81.1380316172687,35.4016704860057,44,38,2,7.1,15,0,0,0,0,0,0.14,0,2,0,0,0,0,0,0,"1",0.0431751833770627
"743",459,0,80570.52344,-273724549.419492,14814.94043,0.018682,0.0098122,0.0081769,4.9153128,0.1124831,0.4665848,-2.964391,233,0.066087563,0.017669857,0.24468543,0.05,-81.2078246481945,35.3262097731464,26,30,6,6.6,8,0,0,0,0.05,0.38,0,0,2,0,0,0,0,0,0,"1",0.0397996947261684
"744",464,0,80972.84375,-1.024e+09,10174.94336,0.0285606,0.023727,0.0166776,4.6354632,-0.2592596,0.4613665,-4.472933,214,0.201810154,0.012205559,0.226688988,1.1,-81.2362729926615,35.1917185082335,60,52,12,6.8,20,0,0,0,0.15,0,0,0,4,0.07,0,7.6,0,0,0,"1",0.0800221838865108
"745",467,0,81208.25,-273724549.419492,31528.53516,0.0581996,0.0259865,0.015033,4.0032506,0.0658437,0.4871306,-3.839956,247,0.036549364,0.00656762,0.277197135,0,-81.2105054019905,35.3732386067037,21,19,8.1,6.7,6,0,0,0,0,0,0,0,1,0,0,6.4,0,0,0,"1",0.137351484796664
"746",478,0,81826.17969,-20571428,44420.58984,0.0945764,0.0359038,0.0390098,2.0766673,0.0537926,0.4735856,-3.752261,248,0.026501981,0.019441704,0.268746642,0,-81.1571533850085,35.4070792185667,0,11,2.2,6.4,2,0,0,0,0,0.35,0,0,0,0,0,0,0,0,0,"0",0.0902906640852298
"747",482,0,82334.57813,-273724549.419492,10174.94336,0.0069383,0.0117928,0.0081769,1.3541625,0.1001372,0.5141746,-3.135451,246,0.174348078,0.015176414,0.196985908,0.15,-81.2042867748575,35.2121887038939,16,15,8.8,6.2,6,0,0,1.26,0,0,0,0,1,0.01,0,7.7,0,0,0,"0",0.0309364675185478
"748",483,0,82477.71094,-8e+07,43919.9375,0.0825904,0.0188246,0.0220927,4.8716373,-0.0178307,0.4975547,-3.842153,262,0.036400023,0.012964636,0.255469718,0,-81.1402727904402,35.4023593626855,30,23,8.1,6.6,9,0,0,0,0,0,0,0,2,0,0,9.4,0,0,0,"1",0.0456820528814075
"749",498,0,83701.70313,-273724549.419492,23323.49023,0.0456149,0.0228075,0.0188246,3.4254887,0.0425232,0.4956826,-3.731828,207,0.083281995,0.015475312,0.177640533,0,-81.1207385615114,35.3211560794098,80,87,8.6,7.9,23,15.34,0,0,0,0.65,0.1,0,6,0.09,0,0,0,0,0,"1",0.0289021655416914
"750",499,0,84045.875,-273724549.419492,27290.09961,0.0468585,0.0462554,0.0219408,8.5583467,0.1673526,0.4978305,-4.198873,222,0.026375083,0.012406843,0.235038156,0.08,-81.1624626835676,35.3608182242851,36,34,4.8,6.7,9,0,0,1.25,0.01,0.106,0.92,0,4,0.02,0,0,0,0,0,"1",0.67281497078214
"751",502,0,84232.38281,-273724549.419492,23637.42383,0.0360154,0.0259865,0.0220927,2.0766673,0.100137,0.4897179,-3.461735,233,0.031496704,0.013386356,0.246160702,0,-81.1861351688873,35.3543687825246,16,19,2.8,6.1,5,0,0.00176547231270358,0.568175895765472,0,0,0,0,0,0,0,0,0.11,0,0,"0",0.0510774373734564
"752",515,0,84979.55469,-273724549.419492,24043.88867,0.0361451,0.026622,0.0212599,2.2025177,0.0205754,0.4952415,-3.470837,234,0.030982429,0.012790873,0.24610282,0.05,-81.1857731163753,35.3546684007861,36,34,5.7,6.7,13,0,0.00176547231270358,0.568175895765472,0,0,0.4,0,1,0,0,12,0.11,0,0,"1",0.0519689222467893
"753",519,0,85670.00781,-273724549.419492,37973.12891,0.0775381,0.0325641,0.036219,1.9973403,0.1371737,0.5278432,-3.454567,237,0.020842479,0.006469433,0.25128305,0,-81.1528991924372,35.3892503421102,87,49,4.9,6.8,20,8.5,0,0,0,1.1,0,0,9,0,0,14,0,0,0,"1",0.0899577140676295
"754",532,0,86762.6875,-273724549.419492,43504.99219,0.0867365,0.0235857,0.0268221,2.2025177,0.0644714,0.5132369,-3.223601,252,0.032917074,0.011943324,0.257946214,0,-81.1443859700277,35.4024367251919,24,19,7.1,6.4,8,0,0.00176547231270358,0.568175895765472,0,0,0,0,1,0,0,6.7,0,0,0,"0",0.0508344411305013
"755",535,0,86906.69531,-273724549.419492,16706.74805,0.0154281,0.0139247,0.0139247,3.2318566,0.0754466,0.5279148,-3.119485,245,0.050922261,0.02578058,0.233267194,0.24,-81.1862859965372,35.3344318759195,72,89,12,6.7,20,0,0,1.8,0,0.55,0.3,0,6,0,0,0,0,0,0,"1",0.0361981883010275
"756",536,0,87012.98438,-273724549.419492,23198.87109,0.0346915,0.0232718,0.020847,3.0257473,0.0987658,0.5151887,-3.560296,236,0.034146547,0.017077213,0.247951149,0,-81.1899625606626,35.3529380481099,9,18,6.3,6.9,3,0,0,0,0,0,0,0,0,0,0,0,0,0,0,"1",0.0596204097587067
"757",539,0,87226.46094,-5.44e+08,44019.77344,0.0892216,0.0260892,0.0292773,0.9853842,-0.1481487,0.4492897,-4.90667,227,0.031229664,0.013316946,0.260799742,0,-81.1476348237734,35.4035432809607,56,35,9,7.2,17,0,0,0,0,0,0,0,2,0,0,7.3,0,0,0,"1",0.0629974839972258
"758",561,0,89026.875,-2.88e+08,12675.87207,0.0395882,0.0227193,0.0185382,1.0386748,-0.0768173,0.5077176,-3.403075,228,0.209262004,0.021469978,0.23700207,0,-81.2467328214079,35.187293514119,72,76,11,7.6,23,8,0,0,0,0,0,0,4,0,0,0,0,0,0,"1",0.0402199143771659
"759",562,0,89089.85938,-273724549.419492,14904.12109,0.029117,0.0212284,0.0074045,2.1024425,0.0740743,0.5286856,-2.418473,255,0.075341995,0.014457925,0.250973384,0.11,-81.2192085264682,35.3206461991273,32,12,11.1,6.7,10,17.18,0.00176547231270358,0.568175895765472,0.06,0,0,0,2,0,0,15.73,0,0,0,"1",0.0439129546955264
"760",581,0,90639.82031,-2.72e+08,26663.78711,0.0491701,0.0365681,0.0260892,3.4254887,-0.0713309,0.5100955,-3.347988,234,0.045484013,0.014034007,0.215704018,0,-81.1434063067824,35.3524618372842,54,65,9.5,7.1,14,0,0,2.8,0,0.52,0,0,4,0,0,0,0,0,0,"1",0.0542006035654796
"761",584,0,91207.92188,-273724549.419492,18739.58203,0.0485406,0.0057819,0.0134856,7.5400381,0.1961579,0.5417904,-3.436434,256,0.189523787,0.014231784,0.24881578,0,-81.2566535885734,35.2114971240286,15,21,3.1,6.4,4,0,0,0,0,0,0,0.005,1,0,0,0,0,0,0,"0",0.0124064696383026
"762",585,0,91312.74219,-3.68e+08,8738.611328,0.0088068,0.0067428,0.0062273,6.2932734,-0.0932789,0.4922223,-4.496033,222,0.18282809,0.013074243,0.209330279,0.26,-81.2178317837215,35.2052362037411,7,11,3.7,6.4,2,0,0.00176547231270358,0.568175895765472,0,0,0,0,0,0,0,0,0,0,0,"0",0.0537835991220222
"763",589,0,91718.30469,-3.2e+07,16706.74805,0.0165569,0.014068,0.014068,3.6676545,-0.0027428,0.4968286,-2.966361,241,0.050101355,0.026180911,0.233802771,0.12,-81.186407925866,35.3352135261104,56,72,10.5,6.7,14,0,0,0,0.58,0.2,0.4,0,5,0,0,0,0,0,0,"1",0.0357923474367183
"764",599,0,93057.86719,-5.6e+08,8190.671387,0.0197603,0.0176135,0.0181003,4.9585962,-0.1412892,0.473451,-3.875595,225,0.196508206,0.007454404,0.219337322,0.37,-81.2287424562764,35.1946809902334,37,46,7.9,7,10,0,0,0,0,0,0,0,3,0,0,0,0,0,0,"1",0.0864530188183363
"765",611,0,94229.15625,-5.28e+08,9298.806641,0.023415,0.0212599,0.0180633,4.4589748,-0.1303155,0.4922082,-4.028542,225,0.19854074,0.008653128,0.222797645,0,-81.2320413127562,35.1939729032765,39,43,8.3,7.6,14,0,0,2.1,0,0,0,0,5,0,0,0,0,0,0,"1",0.092125151887855
"766",618,0,95103.51563,-1.44e+08,17006.4668,0.018682,0.0312224,0.007034,6.1134639,-0.0370384,0.4863008,-3.435596,244,0.051315843,0.011988013,0.218879551,0,-81.1676951548573,35.3343680729424,52,47,7.3,7.4,15,19,0,0,0,0.52,0,0,4,0,0,0,0,0,0,"1",0.0756957364012776
"767",627,0,96056.95313,-273724549.419492,24433.42578,0.0429266,0.0192461,0.0198952,0.7344942,0.0192031,0.5173452,-3.260676,224,0.082357934,0.016892869,0.178803862,0,-81.1193654509741,35.3241576464547,38,38,7.4,7.3,7,0,0.00176547231270358,0.568175895765472,0,0.111,4.81,0,5,0.16,0,0,0.13,0,0,"1",0.0282998125243961
"768",642,0,98003.09375,-273724549.419492,8738.611328,0.020847,0.018682,0.0191416,4.7268519,0.1975312,0.497137,-3.584112,231,0.196062197,0.006730258,0.219975303,0.56,-81.228971128469,35.1954215757822,13,30,4.8,7,4,0,0,0,0,0,0,0,1,0,0,0,0,0,0,"1",0.0815075753814172
"769",644,0,98150.64063,-1.76e+08,15514.03613,0.0250164,0.0185382,0.0073136,2.7068136,-0.0397806,0.5017129,-4.014422,228,0.163369934,0.018312701,0.213118866,1.1,-81.2181687913771,35.2262168699362,82,56,14,6.5,25,7.4,0,0,0.2,0,0.82,0,5,0,0,37,0,0,0,"1",0.024216219521262
"770",649,0,98569.73438,-1.92e+08,17171.25195,0.018284,0.0165569,0.0143037,2.6465178,-0.0466393,0.5063402,-3.19008,245,0.048809982,0.023949313,0.231917804,0,-81.1836872008159,35.3354331657681,59,86,18,8,21,0,0,0,0,3.3,0,0,1,0,0,0,0,0,0,"1",0.0404036103789163
"771",653,0,98921.60156,-3.52e+08,24504.50781,0.0376491,0.0233864,0.0173458,2.0766673,-0.0905345,0.4760944,-3.458867,247,0.035418205,0.017253863,0.254952554,0,-81.1969637496664,35.3553301530253,71,36,6.9,7.4,6,0,0,0,0.06,0,0.41,0.009,1,0,0,0,0,0,0,"1",0.0561952097640502
"772",661,0,99892.90625,-4.8e+07,16527.31445,0.0395544,0.0057819,0.0073136,3.2813458,-0.0082305,0.4935938,-3.17166,246,0.186314295,0.014788534,0.240016595,0,-81.2470667527304,35.2111467038721,29,35,8.5,6.9,9,0,0,1.4,0.11,0.24,0,0,2,0,0,7.9,0,0,0,"1",0.0215872996087305
"773",663,0,63936.4095552236,-273724549.419492,17768.60938,0.020847,0.0313079,0.0047679,4.312499,0.1550073,0.5096011,-3.216831,248,0.049474828,0.013860765,0.220535232,0,-81.1691143649445,35.3352626214838,16,25,5.6,6.9,4,5.2,0,0,0,0,0,0,2,0,0,0,0,0,0,"1",0.0750187494464301
"774",681,0,63936.4095552236,-1.76e+08,18224.22852,0.0222435,0.0347685,0.0065415,1.6420193,-0.0452679,0.4720608,-4.384979,233,0.049933793,0.011081014,0.217800703,0,-81.165239964029,35.335157320179,250,61,15,7.8,80,200,0,2.2,0,0,0,0,13,0,0,0,0,0,0,"1",0.0934522809194645
"775",690,0,63936.4095552236,-2.88e+08,15444.47754,0.0248286,0.0222435,0.0093231,2.2025177,-0.0740744,0.4798772,-2.732591,225,0.166205864,0.014643844,0.215879525,0,-81.2209982959876,35.2235326390966,41,52,8.3,6.9,11,0,0,10,0,0.2,0.13,0,4,0,0,0,0,0,0,"1",0.0198395203324236
"776",692,0,63936.4095552236,-273724549.419492,17967.92383,0.0219713,0.0247207,0.0062273,5.595448,0.0342933,0.4842022,-2.926769,242,0.047187072,0.018751245,0.226586586,0,-81.1759183602705,35.3355481535427,60,25,12,7,17,0,0,0,0,0.21,0,0,4,0,0,22,0.1,0,0,"1",0.0626584574812396
"777",695,0,63936.4095552236,-273724549.419492,14244.91992,0.0131848,0.0074045,0.0058964,3.3781307,0.1700967,0.5360222,-2.493243,243,0.163272936,0.01581633,0.199156313,0.13,-81.2042599900581,35.2233027897678,59,52,16,7,19,0,0,0,0,0,0.44,0,3,0,0,19,0,0,0,"1",0.0235354919851493
"778",696,0,63936.4095552236,-3.2e+07,17670.45117,0.0201954,0.0190716,0.0117928,1.7684314,-0.0096021,0.5136427,-3.409468,242,0.047625996,0.022897753,0.230996709,0,-81.1820295878529,35.3369192019971,85,79,38,7.5,30,0,0,0,0,2,0.35,0.006,3,0,0.0012,51,0,0,0,"1",0.0415603979341546
"779",697,0,63936.4095552236,-1.28e+08,26978.76172,0.0461686,0.0297305,0.0196585,7.519032,-0.0342935,0.4953237,-3.930986,243,0.039421474,0.006210467,0.266703345,0.32,-81.2078737856173,35.3611650019174,39,51,8.4,7.1,10,0,0,0,0,0,0,0,3,0,0,0,0,0,0,"1",0.0746793684814074
"780",698,0,63936.4095552236,-5.6e+08,17801.20703,0.0218186,0.0224529,0.0084186,3.0257473,-0.1440326,0.5091972,-4.098628,239,0.047035597,0.020795615,0.228848001,0,-81.1786584096309,35.3375122450627,38,40,7.4,6.8,10,0,0,2.92,0,0.43,0,0,3,0,0,0,0,0,0,"1",0.0543816041600779
"781",701,0,63936.4095552236,-273724549.419492,16706.74805,0.0410638,0.0023128,0.0057819,3.2976756,0.0781892,0.4890931,-2.880372,244,0.190109954,0.018480795,0.241859765,0.05,-81.2499433829548,35.2092130536428,55,51,11,6.9,18,0,0,0,0.05,0,0,0,3,0,0,7.9,0,0,0,"1",0.0170650247553386
"782",706,0,63936.4095552236,-273724549.419492,18637.65234,0.0480978,0.0047679,0.0124546,2.0766673,0.1015088,0.521182,-3.274938,256,0.191696786,0.015732335,0.249249015,2.3,-81.2570049512005,35.2104212631653,10,11,4.7,6.9,2,0,0,2.6,0,0,0,0,1,0,0,0,0.1,0,0,"1",0.0124107308543237
"783",713,0,63936.4095552236,-273724549.419492,20042.31445,0.0427862,0.0327483,0.0088068,4.5657005,0.0384094,0.515623,-3.561163,226,0.081397011,0.017517831,0.180122804,1.7,-81.1305796792052,35.3164230753386,51,58,7.4,6.2,11,0,0,0,0,0.21,0.82,0,6,0,0,5,0,0,0,"0",0.0295470965713634
"784",721,0,63936.4095552236,-3.36e+08,15893.76953,0.0179891,0.0025858,0.0011564,1.4687471,-0.083676,0.4519133,-2.8037,243,0.058882204,0.018486997,0.243695806,0,-81.2025381389383,35.3313565580349,60,40,13,6.5,18,9.5,0,0,0,0,0,0,4,0,0,17,0,0,0,"1",0.045318546689226
"785",729,0,63936.4095552236,-273724549.419492,16141.96289,0.0399246,0.0034692,0.0049061,3.0959876,0.0246915,0.46909,-3.30997,246,0.190304172,0.018224549,0.240997528,0,-81.2489239095256,35.208251135286,17,18,2.6,6.1,4,0,0,0,0,0,0,0,2,0,0,0,0,0,0,"0",0.0131101525967279
"786",730,0,63936.4095552236,-8e+07,16141.96289,0.0399246,0.0034692,0.0049061,4.4106984,-0.0205758,0.4708503,-3.108012,244,0.190010322,0.017932329,0.240853785,0,-81.248752322238,35.208522768319,18,16,3.4,6.2,5,0,0,0,0,0,0,0,2,0,0,6,0.11,0,0,"0",0.0131015066152769
"787",732,0,63936.4095552236,-273724549.419492,18023.15234,0.020847,0.018284,0.0127727,5.3320451,0.0013716,0.5064951,-4.072141,242,0.046674026,0.024983303,0.233076249,0,-81.1835923251904,35.3377696168846,64,70,22,8.1,25,26,0,1.6,0,3.8,0,0,0,0,0,0,0,0,0,"1",0.0396836378543635
"788",737,0,63936.4095552236,-273724549.419492,25394.17969,0.0395544,0.0242841,0.0165569,2.8044105,0.3580241,0.4667301,-3.618779,255,0.035824055,0.013905646,0.258295464,0.07,-81.198893896889,35.3578517057783,19,34,6,7,7,0,0,0,0,0,0.12,0,0,0,0,0,0,0,0,"1",0.0613278005776847
"789",739,0,63936.4095552236,-1.6e+08,10860.05371,0.012073,0.0116215,0.0104715,2.5639057,-0.0438952,0.4911096,-3.610045,217,0.174511631,0.020725721,0.205491569,0,-81.2124544088799,35.2135512792972,39,48,13,6.4,11,0,0,0,0,0,0,0,3,0,0,7.5,0,0,0,"0",0.0369999465423357
"790",745,0,63936.4095552236,-273724549.419492,13437.08984,0.013083,0.0090316,0.0073136,2.3900836,0.2414266,0.5206171,-3.414445,241,0.165067369,0.016765882,0.200383426,0,-81.2060917467366,35.2219116914127,32,29,15,6.2,10,0,0,4.2,0,0,0,0,2,0,0,11,0,0,0,"0",0.0189250844315857
"791",757,0,63936.4095552236,-273724549.419492,20676.92578,0.029002,0.0253878,0.0099476,3.0257473,0.2167353,0.5138996,-3.951045,231,0.038542239,0.018246208,0.23426146,0,-81.1785220996277,35.3455101665677,81,94,12,7.6,27,0,0,0,0,0.24,0,0,3,0,0,0,0,0,0,"1",0.064800135660653
"792",759,0,63936.4095552236,-273724549.419492,21296.52344,0.0403908,0.031457,0.0109093,2.5639057,0.0123455,0.4876308,-3.424243,214,0.064592401,0.009986856,0.1965895,0,-81.1388313367768,35.3309583744157,80,70,7.2,7.1,17,0,0,0,1.9,0,0,0,9,0,0,9.6,0,0,0,"1",0.0436809067663689
"793",763,0,63936.4095552236,-273724549.419492,19947.04102,0.0254667,0.0163537,0.0163537,1.3541625,0.1604938,0.4837676,-1.840283,244,0.042370883,0.023405354,0.240857125,0,-81.1892261236325,35.3437346927874,78,31,9.1,6.8,21,0,0,0,0,0.72,0,0,6,0,0,15,0,0,0,"1",0.0539208159903599
"794",769,0,63936.4095552236,-273724549.419492,15195.79297,0.0238114,0.0224529,0.0104715,2.9355664,0.0288071,0.4856237,-3.012301,226,0.167056947,0.014209615,0.215984506,0,-81.2216160811371,35.2231735449546,82,51,14,6.4,25,7.4,0,0,0.12,0,16,0.261,5,0,0,37,0.1,0,0,"0",0.0199377319459802
"795",773,0,63936.4095552236,-7.04e+08,18792.54492,0.0227193,0.0181003,0.0139247,3.7400842,-0.1824409,0.5045279,-3.610379,233,0.044242127,0.02429335,0.235049044,0,-81.1833414955388,35.3403662186567,41,39,11.2,6.7,13,0,0,0,0.06,0,0,0,2,0,0,11.22,0,0,0,"1",0.0471961213216023
"796",776,0,63936.4095552236,-273724549.419492,13455.56836,0.0139247,0.0099476,0.0084186,4.8386173,0.1769537,0.5026993,-3.324097,239,0.165352993,0.018012935,0.201657921,0,-81.2073866525182,35.221907257177,47,44,12,6.8,14,0,0,4.7,0,0,0,0,3,0,0,9.9,0,0,0,"1",0.0149183981638959
"797",777,0,63936.4095552236,-273724549.419492,13455.56836,0.0139247,0.0099476,0.0084186,2.0766673,0.2002739,0.5004667,-3.479204,245,0.165223455,0.017670993,0.20130544,0,-81.2070185680603,35.2218984493953,37,35,12,6.6,11,0,0,0,0,0,0.1,0,2,0,0,9.9,0,0,0,"1",0.0143130205649429
"798",785,0,63936.4095552236,-6.24e+08,40229.00391,0.0679911,0.0139247,0.0173458,1.6420193,-0.1577506,0.4716669,-3.374511,243,0.041345496,0.014387979,0.240483644,0.17,-81.1318162218716,35.3896245439856,12,21,6.1,6.9,4,0,0,0,0,0,0.21,0,0,0,0,0,0,0,0,"1",0.039381633437005
"799",787,0,63936.4095552236,-273724549.419492,20206.93555,0.0274869,0.0238114,0.010343,7.0553284,0.0740743,0.5235091,-3.561827,239,0.039903083,0.019633002,0.234121832,0,-81.1785782064719,35.3442226416772,60,89,21,7.6,22,0,0,0,0,3.1,0,0,1,0,0,5.5,0,0,0,"1",0.0578692252697345
"800",789,0,63936.4095552236,-1.6e+08,29238.75781,0.0535694,0.0485819,0.0286074,2.6465178,-0.0425244,0.5131362,-3.606919,226,0.021416032,0.009090751,0.239502879,0.53,-81.162247758601,35.3666759840201,46,45,10,6.5,12,0,0,3.23,0.02,0.214,0,0.022,4,0.04,0,8.6,0,0,0,"1",0.0400913872599578
"801",791,0,63936.4095552236,-273724549.419492,13933.35742,0.0164353,0.0113891,0.0104715,3.0257473,0.2139915,0.5213544,-2.658991,239,0.16477018,0.020734404,0.20434074,0.16,-81.2099890607113,35.2226004639981,85,43,17.6,6.8,26,24.72,0.00176547231270358,0.568175895765472,0.18,0,0.31,0,5,0,0,17.92,0,0,0,"1",0.0245024866020436
"802",804,0,63936.4095552236,-273724549.419492,39831.75,0.0802834,0.0277532,0.0279692,8.4784079,0.1015092,0.4983888,-3.401523,249,0.009126832,0.018443455,0.270252797,0,-81.1744834776252,35.3973010717945,18,24,4.7,6.1,5,0,0,0,0,0,0,0.011,1,0,0,0,0,0,0,"0",0.127792519395985
"803",805,0,63936.4095552236,-4.8e+08,9605.491211,0.0218186,0.0235857,0.0164353,3.1132982,-0.1179695,0.4734817,-3.029853,253,0.170832379,0.000933504,0.169352815,0,-81.1779058118765,35.200301370522,31,43,8.8,6.6,9,0,0.00176547231270358,0.568175895765472,0,0,0,0,2,0,0,5.3,0,0,0,"1",0.0528021378280663
"804",811,0,63936.4095552236,-273724549.419492,15852.02539,0.0417741,0.0036568,0.0057819,4.147893,0.1920439,0.5238472,-3.099189,246,0.194037234,0.020816766,0.242454299,0.06,-81.2512220788663,35.2053392080687,17,32,7.6,6.7,5,0,0,0,0,0,7.5,0,4,0,0,12,0,0,0,"1",0.0149683533284002
"805",812,0,63936.4095552236,-273724549.419492,16054.5,0.0417741,0.0036568,0.0057819,1.3137449,0.1165982,0.5102357,-2.807463,247,0.19354841,0.020721168,0.242631334,0.28,-81.2510582967613,35.2056926923068,35,51,17,7.2,8,0,0,0,0,0.122,0,0,1,0,0,0,0,0,0,"1",0.0147726317584125
"806",824,0,63936.4095552236,-273724549.419492,13474.02246,0.0359224,0.0115638,0.0057819,0.7344942,0.079561,0.5023304,-2.946021,239,0.197121526,0.015190041,0.236047639,0,-81.2447173805959,35.1992672347976,0,0,0,0,0,0,0,3.2,0,0,0,0,0,0,0,0,0,0,0,"0",0.0398157845052419
"807",834,0,63936.4095552236,-273724549.419492,39681.75781,0.0784042,0.0230408,0.0266972,9.0106621,0.0288063,0.4896651,-3.428508,248,0.030587137,0.003408971,0.247639366,0,-81.1432778387024,35.3908077202359,28,36,6.5,7,8,0,0,0,0,0,0,0,2,0,0,0,0,0,0,"1",0.0283657817415501
"808",846,0,63936.4095552236,-4.8e+07,39681.75781,0.0774864,0.0219408,0.0255977,4.6584816,-0.0123459,0.5059922,-3.435402,242,0.031004698,0.003842062,0.247258969,1.25,-81.1428664474418,35.3907957836888,27,32,6.5,7.1,7,0,0,0,0.51,0,0,0,2,0,0,0,0,0,0,"1",0.0296350821598082
"809",855,0,63936.4095552236,-3.2e+08,29354.66602,0.0527392,0.0502063,0.0278014,2.6465178,-0.0864199,0.5005031,-3.656591,228,0.021944295,0.009761073,0.238956005,0.17,-81.1622977497781,35.3666167351081,31,23,8,6.1,8,0,0,1.9,0.03,0.236,0.24,0.004,5,0.07,0,7.6,0,0,0,"0",0.0382183504256889
"810",856,0,63936.4095552236,-4.32e+08,29354.66602,0.0527392,0.0502063,0.0278014,2.9355664,-0.1083679,0.4860541,-3.654831,226,0.022086939,0.009802984,0.23881935,0.53,-81.1623289328856,35.366412794488,60,56,9.1,6.8,16,0,0,4.16,0.01,0,0,0,3,0,0,7.5,0,0,0,"1",0.0625114838881621
"811",864,0,63936.4095552236,-273724549.419492,33878.74219,0.0620581,0.0305513,0.0231277,1.6745193,0.0397808,0.5384457,-3.460724,246,0.040157772,0.021505393,0.227970936,0.38,-81.1368571297631,35.3719810623399,12,14,2.3,6.1,3,0,0,0,0,0,2,0,1,0.05,0,0,0,0,0,"0",0.0787244089825765
"812",885,0,63936.4095552236,-273724549.419492,25511.32422,0.0399413,0.0148089,0.0155576,2.5639057,0.2085049,0.4982904,-2.992749,238,0.079551172,0.013414009,0.182072846,0,-81.1189925585228,35.3287225542703,31,61,7.6,6.6,9,0,0,0,0,0,0,0,2,0,0,0,0,0,0,"1",0.0255599305171311
"813",890,0,63936.4095552236,-5.44e+08,9146.136719,0.0213227,0.0190716,0.0170738,1.7684314,-0.1316862,0.4746411,-3.420956,232,0.194461241,0.004659176,0.221360592,0,-81.2308271768396,35.1968297883322,8,7,1.4,5.7,3,0,0,0,0,0,0,0,0,0,0,0,0,0,0,"0",0.0874787205165223
"814",896,0,63936.4095552236,-273724549.419492,30915.75781,0.0572147,0.0474681,0.0322546,7.2328529,0.0466395,0.4804603,-4.11912,244,0.01870961,0.009485214,0.242341882,0,-81.1615119613951,35.3712806128096,45,46,7.1,7.2,15,0,0,0,0,0,0,0,2,0,0,8.5,0,0,0,"1",0.103065849076233
"815",898,0,63936.4095552236,-273724549.419492,38664.78516,0.0752005,0.0098801,0.0115638,3.487623,0.2194798,0.5565535,-2.500718,242,0.019287194,0.010893663,0.279365997,0,-81.1915806033109,35.3941837719273,29,47,9,6.9,7,0,0,0,0,0,0,0,3,0,0,0,0,0,0,"1",0.103221858726528
"816",905,0,63936.4095552236,-4.96e+08,20451.38281,0.0391295,0.0326461,0.0095358,1.8575904,-0.1193409,0.5106733,-3.676347,220,0.066936956,0.012222006,0.194446764,0,-81.1388789629113,35.3281575151946,77,67,7.3,6.8,16,0,0.00176547231270358,0.568175895765472,0.07,0,0,0,9,0,0,10,0,0,0,"1",0.0429292480704842
"817",906,0,63936.4095552236,-9.6e+07,30524.83008,0.0560936,0.0481256,0.0311366,7.1372647,-0.0233194,0.4835026,-4.25038,239,0.019452513,0.009524138,0.241531901,0.35,-81.1616187922662,35.3701762668222,78,69,8.1,7.9,21,6.6,0,0,0,1.2,0.15,0,6,0,0,0,0,0,0,"1",0.104360483699594
"818",907,0,63936.4095552236,-8e+07,25174.70898,0.042093,0.0163537,0.0171909,1.3541625,-0.0178326,0.5200928,-3.387967,232,0.078175911,0.013673733,0.183264529,0,-81.1194177223873,35.3295201459538,37,49,8.6,7.5,9,0,0,0,0,0,0.93,0,3,0,0,0,0.1,0,0,"1",0.0248740311608357
"819",936,0,63936.4095552236,-273724549.419492,27678.83789,0.0511169,0.0337735,0.0222134,3.2813458,0.0082305,0.5076956,-3.246813,245,0.05210219,0.013933302,0.275872147,0.07,-81.2219275455868,35.3588352239207,53,60,6.3,6.9,16,0,0,0,0,0.46,0.34,0,3,0,0,0,0,0,0,"1",0.0825862493280162
"820",951,0,63936.4095552236,-273724549.419492,19416.82031,0.0406219,0.0344983,0.0104715,3.7400842,0.1440328,0.5382695,-3.425895,224,0.076897816,0.014835587,0.184984559,0,-81.135263292936,35.3184638795442,110,111,11,6.4,23,11,0,3.2,0,0,0,0,13,0,0,9.3,0.3,0,0,"0",0.0278489566050762
"821",961,0,63936.4095552236,-273724549.419492,27171.48047,0.0484303,0.0311366,0.0196585,1.1842326,0.0699585,0.5056031,-3.646318,240,0.04802761,0.010272482,0.272575023,0,-81.2167939784193,35.3594321043495,30,25,7.3,6.4,8,0,0.00176547231270358,0.568175895765472,0,0,0,0,2,0,0,8.18,0,0,0,"0",0.0790423912649092
"822",963,0,63936.4095552236,-4.8e+08,33309.22656,0.0646955,0.0333552,0.0253878,5.4507232,-0.1234566,0.4796966,-4.435466,230,0.037419679,0.020922278,0.229237524,0,-81.1403196325844,35.3714855388904,93,81,6.9,7.8,31,30,0,0,0,0.49,0,0,4,0,0,0,0,0,0,"1",0.0821634828645118
"823",978,0,63936.4095552236,-1.92e+08,26914.21484,0.0502063,0.0328706,0.0213227,3.0257473,-0.0466386,0.4941036,-3.288016,251,0.052575733,0.013910165,0.274474829,0,-81.2208823224863,35.3580413242906,28,42,8,6.9,8,0,0,3.7,0,0,0.14,0,2,0,0,0,0,0,0,"1",0.071743611571982
"824",983,0,63936.4095552236,-273724549.419492,36094.52734,0.0593373,0.0238395,0.0224529,2.7068136,0.105624,0.5149779,-3.63821,232,0.044508184,0.021648575,0.228430527,0.25,-81.1307171591805,35.3775637283167,17,30,7.1,7.2,5,0,0.00176547231270358,0.568175895765472,0,0,2.24,0.052,1,0.01,0,0,0,0,0,"1",0.000363320032335092
"825",984,0,63936.4095552236,-273724549.419492,36094.52734,0.0593373,0.0238395,0.0224529,2.7068136,0.105624,0.5149779,-3.63821,232,0.044508184,0.021648575,0.228430527,0,-81.1307174056597,35.3775620704625,0,89,44.1,7.6,0,0,0.00176547231270358,0.568175895765472,0.01,0.115,0.52,0,0,0,0,0,0,0,0,"1",0.000300437361780466
"826",985,0,63936.4095552236,-273724549.419492,36094.52734,0.0593373,0.0238395,0.0224529,2.7068136,0.105624,0.5149779,-3.63821,232,0.044508184,0.021648575,0.228430527,0,-81.130715797608,35.3775613160809,87,97,7,7.8,32,0,0.00176547231270358,0.568175895765472,0,0.139,0.28,0,2,0.01,0,0,0,0,0,"1",0.000376463469542036
"827",991,0,63936.4095552236,-7.04e+08,35312.76953,0.066268,0.0279931,0.0278494,3.0959876,-0.1796979,0.5073997,-4.143473,235,0.036846437,0.016377174,0.23299779,0,-81.1394188497175,35.3764222666441,130,65,8.9,6.9,28,0,0,1.9,0,0,0,0,14,0,0,19,0,0,0,"1",0.0637964610127456
"828",994,0,63936.4095552236,-4.8e+07,13681.4209,0.020847,0.0196585,0.0139247,4.6354632,-0.0109746,0.5037696,-3.806979,224,0.171478555,0.014003655,0.215226965,0,-81.2219684338453,35.2186554021798,520,41,7.6,7.1,200,0,0,1.7,0,0,0.25,0,2,0,0,0,0,0,0,"1",0.0176385707631742
"829",1007,0,63936.4095552236,-1.28e+08,38664.78516,0.0763301,0.0106613,0.0119057,1.3137449,-0.027434,0.5326907,-3.649532,246,0.019067949,0.010825655,0.279433109,0,-81.1910625582255,35.3946890268315,23,40,8.3,6.7,7,0,0,0,0,0,0,0,1,0,0,0,0,0,0,"1",0.0998179729559305
"830",1015,0,63936.4095552236,-273724549.419492,13681.4209,0.02151,0.0202285,0.014068,3.5335,0.0288063,0.5132807,-4.070687,221,0.171022366,0.01372208,0.215536808,6.86,-81.2222404112756,35.2190206332134,26,38,7.8,6.7,9,0,0,0,0,0,0,0.004,1,0.01,0,7.5,0,0,0,"1",0.0171645711635428
"831",1018,0,63936.4095552236,-273724549.419492,8350.895508,0.0180633,0.0231277,0.0164353,1.3934064,0.0246914,0.5185184,-2.972461,240,0.176058053,0.006245976,0.174576495,0.1,-81.1831684219039,35.2001412496932,38,42,7.2,7.1,13,9.8,0,0,0,0.46,0,0,2,0,0,0,0,0,0,"1",0.000406273964307076
"832",1019,0,63936.4095552236,-273724549.419492,8350.895508,0.0180633,0.0231277,0.0164353,1.3934064,0.0246914,0.5185184,-2.972461,240,0.176058053,0.006245976,0.174576495,0,-81.1831683162691,35.2001399043812,68,56,8.3,7.2,24,28.9,0,0,0.14,0.524,0.21,0.007,2,0,0,0,0,0,0,"1",0.000406324095792436
"833",1025,0,63936.4095552236,-273724549.419492,35852.78125,0.0683833,0.0192461,0.0213227,1.9973403,0.1097397,0.4964969,-3.454671,228,0.010334176,0.004912518,0.269501042,0.11,-81.1858619657456,35.3870681232502,18,35,8.9,6.7,6,0,0,0,0,0,0,0,0,0,0,0,0,0,0,"1",0.115067862787909
"834",1033,0,63936.4095552236,-273724549.419492,19780.25586,0.0397399,0.0340103,0.0124546,5.2817907,0.1495197,0.4986142,-2.579514,230,0.07356011,0.01362285,0.188190969,0,-81.1369074631966,35.3218271088569,53,70,7.6,7.1,13,0,0,0,0,0,0,0,5,0,0,0,0,0,0,"1",0.0410073157502081
"835",1041,0,63936.4095552236,-3.2e+07,14215.81934,0.0222134,0.020847,0.0143037,1.9147184,-0.0082305,0.5042202,-4.001327,217,0.171255926,0.012152199,0.217106494,0,-81.2233269785258,35.2192775437631,17,29,7.3,6.7,5,0,0,0,0,0,0,0,0,0,0,0,0,0,0,"1",0.0222551578824641
"836",1055,0,63936.4095552236,-273724549.419492,39480.87891,0.0786341,0.0115638,0.012073,4.0032506,0.1165988,0.515252,-3.811664,251,0.019060525,0.008242568,0.280576928,1.1,-81.1899226402769,35.3970435349933,57,43,7.7,6.5,14,0,0,0,0.28,0,2.6,0.062,5,0,0,10,0,0,0,"1",0.117534115394966
"837",1062,0,63936.4095552236,-273724549.419492,13125.28223,0.0323788,0.0125082,0.0049061,4.0564528,0.1303155,0.4865862,-2.834013,244,0.193789821,0.012398019,0.233681364,0,-81.2428247697786,35.2019904505188,78,35,13,6.4,18,0,0,0,0,0,0,0,8,0,0,22,0.2,0,0,"0",0.0397550792945584
"838",1066,0,63936.4095552236,-273724549.419492,24201.82422,0.0466153,0.0266972,0.0179891,6.0082245,0.102881,0.4885035,-3.417537,231,0.060253852,0.009987037,0.200687744,0,-81.1362073089382,35.3387226063895,30,33,7.6,6.8,9,0,0,0,0,0,0,0,2,0,0,0,0,0,0,"1",0.0456690208032844
"839",1085,0,63936.4095552236,-4.8e+08,15577.96777,0.0331138,0.0230408,0.0099476,3.7400842,-0.1193405,0.4531492,-3.294876,260,0.074809724,0.01508073,0.256364746,0,-81.2225225469505,35.3259376899773,31,35,6.9,6.7,8,0,0,0,0,0,0,0,3,0,0,0,0,0,0,"1",0.0368834446503521
"840",1086,0,63936.4095552236,-273724549.419492,26009.66992,0.0484165,0.0311151,0.0196245,5.2817907,0.0054875,0.5214333,-3.246422,256,0.053369568,0.012229027,0.273211286,0.05,-81.2198266738405,35.3570655683389,18,27,4,6.9,5,0,0,0,0,0,0,0,2,0,0,0,0,0,0,"1",0.000533083723217148
"841",1087,0,63936.4095552236,-273724549.419492,26009.66992,0.0484165,0.0311151,0.0196245,5.2817907,0.0054875,0.5214333,-3.246422,256,0.053369568,0.012229027,0.273211286,0,-81.219826550005,35.357066265377,20,30,4,6.9,6,0,0,0,0,0,0,0,1,0,0,0,0,0,0,"1",0.000533090108634981
"842",1094,0,63936.4095552236,-273724549.419492,36774.21875,0.0724473,0.0230408,0.0243116,7.8948574,0.2578877,0.5179635,-3.745376,245,0.006747042,0.009595873,0.268461347,0,-81.1798800427335,35.3900351683249,89,84,11,7.2,26,0,0,1.3,0,1.6,0,0,6,0,0,9.2,0,0,0,"1",0.108783129613371
"843",1099,0,63936.4095552236,-1.76e+08,14337.64648,0.0338526,0.0095358,0.0025858,5.1280046,-0.0425236,0.4815808,-4.157986,246,0.189905391,0.013854021,0.234807413,0,-81.2426287541539,35.2064915412856,41,19,14,6.4,11,0,0,0,0,0,0.14,0,3,0,0,13,0.2,0,0,"0",0.0326659099888744
"844",1107,0,63936.4095552236,-1.6e+07,6773.791992,0.0139726,0.0150774,0.0124546,3.2976756,-0.0068589,0.4820727,-2.920641,235,0.184319529,0.014491807,0.182836516,0.31,-81.19121849062,35.1998088605871,47,44,11,6.8,14,0,0,0,0,0,0,0,3,0,0,6,0,0,0,"1",0.0635780915949355
"845",1108,0,63936.4095552236,-273724549.419492,23486.27344,0.0358666,0.0197941,0.0113891,3.9357235,0.1069958,0.5006113,-3.08924,258,0.041739288,0.014294274,0.257396994,0.07,-81.2018841880511,35.3519826719778,32,29,8.9,6.8,11,0,0,0,0,0,0.12,0,1,0,0,7.9,0,0,0,"1",0.0549623623877492
"846",1119,0,63936.4095552236,-2.4e+08,12934.58984,0.0196925,0.018284,0.0163537,1.6420193,-0.0631009,0.4666525,-4.070449,219,0.173736054,0.013577936,0.21576041,0.17,-81.2218751063228,35.2170783995487,30,38,6.8,7.3,9,0,0,0,0,0.43,0,0,2,0,0,0,0,0,0,"1",0.0260146004803199
"847",1124,0,63936.4095552236,-273724549.419492,31496.99609,0.0616798,0.0379322,0.0285606,5.901052,0.1193416,0.4821819,-3.391888,218,0.034300519,0.022750896,0.229815893,0,-81.1459084382639,35.3699811613608,110,102,7.7,7.5,35,25,0,0,0,0,0,0,4,0,0,0,0,0,0,"1",0.129717263279614
"848",1132,0,63936.4095552236,-273724549.419492,39080.25781,0.0774864,0.0127727,0.0135351,2.7851665,0.1138541,0.5286396,-3.395076,248,0.017576293,0.009831515,0.27886989,0,-81.1900683886325,35.3961915104273,32,36,11,7.1,7,0,0,0,0,0,0,0,3,0,0,5.3,0,0,0,"1",0.107578805085897
"849",1133,0,63936.4095552236,-2.24e+08,15320.63965,0.03517,0.0255977,0.0090316,1.3541625,-0.0548702,0.4820758,-3.364192,261,0.076870717,0.01347919,0.257776624,0.08,-81.2245296041909,35.3249287077497,41,31,7.9,6.5,10,0,0,0,0,0,0,0,4,0,0,8,0.1,0,0,"1",0.0361247898380547
"850",1134,0,63936.4095552236,-1.92e+08,15320.63965,0.03517,0.0255977,0.0090316,2.0766673,-0.0438956,0.4821672,-3.800745,258,0.077327382,0.013144828,0.258054979,0,-81.2253665829188,35.3242978985514,26,76,6.5,8,8,0,0,0,0,0.6,0,0,5,0,0,0,0,0,0,"1",0.0381498856168933
"851",1135,0,63936.4095552236,-273724549.419492,35378.38281,0.0720029,0.028724,0.0321508,5.7178402,0.1207132,0.5102001,-4.411122,243,0.030788159,0.011745616,0.238363788,0.05,-81.143997045721,35.3794923407593,42,50,5.4,7,10,0,0,0,0.05,0,0,0,4,0,0,0,0,0,0,"1",0.0410597018724906
"852",1137,0,63936.4095552236,-273724549.419492,31044.08398,0.0533944,0.0260892,0.014068,3.6676545,0.1207128,0.4691229,-3.614772,239,0.049759258,0.02431527,0.215605823,0.4,-81.1309124159372,35.3599077741596,19,19,4,6.8,6,0,0,0,0.37,0,1.4,0,1,0,0,0,0,0,0,"1",0.0395228035371545
"853",1139,0,63936.4095552236,-2.88e+08,6930.921387,0.0144895,0.0162306,0.0129288,0.4645502,-0.0727025,0.4819619,-3.287449,233,0.182282707,0.012702843,0.180798802,0,-81.1899156900828,35.199197009526,26,38,7.1,7.1,8,0,0,0,0,0,0,0,2,0,0,0,0,0,0,"1",0.0684730810640638
"854",1141,0,63936.4095552236,-1.92e+08,31381.08203,0.0526631,0.0247207,0.0131848,4.7268519,-0.0493831,0.4901085,-3.905735,228,0.04955121,0.024977183,0.216359274,0,-81.1307359346875,35.3618589821979,0,0,0,0,0,0,0,2.7,0,0,0,0,0,0,0,0,0,0,0,"0",0.041290110162702
"855",1146,0,63936.4095552236,-273724549.419492,17632.91602,0.0254667,0.0095358,0.0057819,0.7344942,0.038409,0.4684432,-3.103017,252,0.059933594,0.011992838,0.250978489,0,-81.2092804797677,35.3341950264271,29,38,7.1,7.1,8,0,0,1.5,0,0.24,0.77,0,2,0,0,14,0,0,0,"1",0.0393391380011433
"856",1148,0,63936.4095552236,-3.2e+08,26212.67578,0.0402249,0.0139247,0.0148089,2.2025177,-0.0768182,0.4666162,-3.664064,230,0.076780258,0.010428071,0.185130883,0.28,-81.1189468132836,35.3319173366663,17,30,6.8,7.4,4,0,0.00176547231270358,0.568175895765472,0,0.13,0,0,1,0,0,0,0,0,0,"1",0.0257281488796918
"857",1151,0,63936.4095552236,-273724549.419492,35378.38281,0.0718914,0.0296179,0.0330734,3.5486591,0.1344307,0.5081379,-4.27797,239,0.030455513,0.011806721,0.238462878,0,-81.1443932099323,35.3793651365078,41,47,5.3,6.9,9,0,0,2.4,0,0,0,0,4,0,0,0,0,0,0,"1",0.0173898335564044
"858",1152,0,63936.4095552236,-273724549.419492,35378.38281,0.0713687,0.0294821,0.0328706,1.9147184,0.016461,0.4967896,-3.9969,245,0.030787882,0.012380033,0.237906977,0,-81.1443681584214,35.3793162666571,35,45,5.3,6.9,9,0,0,0,0,0,0,0,3,0,0,0,0,0,0,"1",0.0173954506544803
"859",1173,0,63936.4095552236,-273724549.419492,9852.37207,0.020847,0.0185382,0.0157285,8.1051159,0.0548706,0.4702994,-4.823348,225,0.190848633,0.000954707,0.221613023,0,-81.2312043745609,35.2007806012411,52,61,6.5,6.9,14,0,0,0,0,0,0,0,4,0,0,5.46,0,0,0,"1",0.0747352824328511
"860",1185,0,63936.4095552236,-273724549.419492,33077.17188,0.050723,0.020847,0.0115638,5.1280046,0.0534975,0.5094895,-4.000964,242,0.051537838,0.025638977,0.216934027,0.07,-81.1275910651821,35.3651398823885,48,55,8.5,7.2,15,9.6,0,0,0,0.49,0.29,0,2,0.12,0,0,0,0,0,"1",0.0412135571561325
"861",1188,0,63936.4095552236,-273724549.419492,39918.98828,0.0799245,0.0162306,0.0163537,3.7400842,0.0466401,0.5151983,-2.915477,256,0.015809192,0.009012286,0.278280896,0,-81.1844444826094,35.3984260003082,78,131,12,8.1,19,6.5,0,0,0,1.1,0,0,4,0,0,9.8,0,0,0,"1",0.126871777955426
"862",1262,0,63936.4095552236,-273724549.419492,7818.170898,0.0188246,0.0220927,0.0171909,0.3284902,0.0658432,0.5161312,-2.873292,242,0.176442604,0.007381087,0.174958449,0,-81.1831345016279,35.1979158768924,15,22,7,6.6,5,0,0,0,0,0,0,0,0,0,0,0,0,0,0,"1",0.0792984931937891
"863",1264,0,63936.4095552236,-273724549.419492,39124.73828,0.0776932,0.0173843,0.0179519,3.7112839,0.0466395,0.5050109,-3.193933,256,0.013659762,0.011154374,0.27612537,0,-81.1844410704672,35.3969232658147,36,28,12,6.9,11,0,0,0,0,0.22,0,0,2,0,0,11,0,0,0,"1",0.117706838012313
"864",1267,0,63936.4095552236,-273724549.419492,23888.375,0.0388724,0.0217265,0.0106613,4.6354632,0.0850483,0.468285,-3.373695,262,0.046039974,0.009589052,0.262084248,0.6,-81.2093163998775,35.3524917462316,25,41,8.4,6.9,8,0,0,0,0,0.21,0.16,0,2,0,0,0,0,0,0,"1",0.0549040251789122
"865",1289,0,63936.4095552236,-273724549.419492,21077.60938,0.0294821,0.0129288,0.0057819,3.2318566,0.1248293,0.4985448,-3.088625,255,0.046966765,0.012361608,0.252852622,0.06,-81.20250243005,35.3468138640759,60,24,7.9,7.1,18,0,0,0,0,0.29,0,0,3,0,0,8.9,0,0,0,"1",0.0478142234857209
"866",1295,0,63936.4095552236,-273724549.419492,12209.93164,0.0277773,0.0161066,0.0084186,1.0386748,0.1728395,0.5192786,-2.786482,236,0.190517195,0.007303844,0.228562483,0,-81.2372704933794,35.2037379180659,65,74,9.1,7.5,18,0,0,0,0,0.4,0,0,5,0,0,0,0,0,0,"1",0.0511021815606759
"867",1300,0,63936.4095552236,-2.24e+08,32409.39063,0.0498185,0.021102,0.010343,4.9585962,-0.0548695,0.4943349,-3.852617,238,0.05221103,0.023902633,0.21531602,0,-81.1280279978707,35.3626564213664,51,53,6.7,7.4,16,7.5,0,0,0,0.21,0.14,0,3,0,0,0,0,0,0,"1",0.036664349952988
"868",1312,0,63936.4095552236,-273724549.419492,19249.74414,0.026622,0.0093231,0.0023128,1.3137449,0.0740744,0.4903949,-2.866231,253,0.052756963,0.010863909,0.251407106,0.14,-81.2054951611108,35.3401703847964,48,48,7.7,7,15,0,0,0,0,0,0,0,3,0.22,0,7,0,0,0,"1",0.052908719884312
"869",1314,0,63936.4095552236,-7.84e+08,18818.96875,0.0289096,0.0131848,0.0081769,1.3934064,-0.2002744,0.4654256,-4.273575,249,0.060761473,0.008839642,0.255240674,0,-81.2134889442278,35.3352985034668,23,29,7.7,5.3,7,0,0,0,0,0,0,0,2,0,0,0,0,0,0,"0",0.0374680542825215
"870",1317,0,63936.4095552236,-1.6e+08,22514.00195,0.0341476,0.0171909,0.007034,2.3900836,-0.0425246,0.51166,-3.437215,252,0.046708856,0.009861551,0.257004683,0.07,-81.2057413930093,35.3487900163382,24,24,7.7,6.7,7,0,0,0,0,0.31,0,0,7,0.06,0,76,0.7,0,0,"1",0.0474728461811339
"871",1318,0,63936.4095552236,-1.92e+08,22514.00195,0.0341476,0.0171909,0.007034,0.6569588,-0.0507541,0.5029033,-2.633392,254,0.046383814,0.009705337,0.258064052,0,-81.2062000663335,35.34958647157,63,14,36,6.2,14,0,0,1.3,0,0.2,0,0,2,0,0,0,0,0,0,"0",0.0514813922134486
"872",1332,0,63936.4095552236,-273724549.419492,23202.43945,0.0368957,0.0196585,0.0084186,2.0766673,0.0603562,0.5049678,-2.681719,262,0.048110163,0.007436894,0.261176849,0,-81.2100247629067,35.3502417187137,15,13,4.5,6.1,4,0,0.00176547231270358,0.568175895765472,0,0,0,0,1,0,0,0,0,0,0,"0",0.0613805292190361
"873",1345,0,63936.4095552236,-6.4e+07,21720.10742,0.0337141,0.0165569,0.0057819,3.0257473,-0.0178339,0.4716968,-3.244853,257,0.048335322,0.008510349,0.256957496,0.06,-81.206823571116,35.3474743485126,83,48,24,7.4,24,5.2,0,0,0,0.82,0.48,0.006,2,0,0,22,0,0,0,"1",0.0586784143880687
"874",1347,0,63936.4095552236,-8e+07,20137.13477,0.0291858,0.0119057,0.0016354,3.2318566,-0.0205754,0.4910408,-3.016109,257,0.051319065,0.009563344,0.253234905,0,-81.2060664296996,35.3424359847462,84,85,9.5,8.1,27,8.2,0,4.5,0,1.9,0.12,0,4,0,0,0,0,0,0,"1",0.0538903476770512
"875",1361,0,63936.4095552236,-273724549.419492,21720.10742,0.0327279,0.0155145,0.0046255,3.2813458,0.0233181,0.4582999,-3.121432,259,0.048552739,0.008657161,0.256424059,0.11,-81.2065568784189,35.3463388399433,127,75,14.5,7.6,46,17,0,0,0,0.793,0,0,3,0,0,25.3,0,0,0,"1",0.00178709117598703
"876",1362,0,63936.4095552236,-273724549.419492,21720.10742,0.0327279,0.0155145,0.0046255,3.2813458,0.0233181,0.4582999,-3.121432,259,0.048552739,0.008657161,0.256424059,0.11,-81.2065594153175,35.3463388301922,127,75,14.5,7.6,46,17,0,0,0,0.793,0,0,3,0,0,25.3,0,0,0,"1",0.00178837479007702
"877",1363,0,63936.4095552236,-1.6e+08,26130.39453,0.0395544,0.0125082,0.0134856,1.0386748,-0.0370367,0.4795151,-3.158472,233,0.075020844,0.008831297,0.18706329,0.14,-81.119156570401,35.3342709539877,0,10,2.2,6.4,2,0,0,1.6,0,0,0,0,0,0,0,0,0,0,0,"0",0.0250517653914986
"878",1364,0,63936.4095552236,-4.32e+08,11830.96973,0.020847,0.018682,0.0165569,4.3985453,-0.1111119,0.491738,-4.269669,218,0.183024986,0.007068318,0.221631818,0,-81.2295819796642,35.2086372849563,100,101,13,7,28,0,0,0,0,0.22,0,0,9,1.1,0,0,0,0,0,"1",0.046664601011737
"879",1376,0,63936.4095552236,-1.92e+08,21026.46484,0.0307911,0.0134856,0.0023128,4.6354632,-0.0466391,0.471898,-3.680297,255,0.050716297,0.008054967,0.255258801,1.3,-81.2073279677968,35.3444592856791,250,36,24,6.8,71,7.9,0,0,0,0.95,0,0,2,0,0,12,0,0,0,"1",0.0560489241012333
"880",1377,0,63936.4095552236,-273724549.419492,21026.46484,0.0307911,0.0134856,0.0023128,2.2025177,0.0562409,0.4519897,-3.610531,257,0.050782692,0.007511322,0.255873667,0,-81.2077451242463,35.3444031902498,130,110,11,7.6,49,16,0,0,0,0.39,0,0,2,0.03,0,12,0,0,0,"1",0.0583153742254054
"881",1381,0,63936.4095552236,-273724549.419492,21917.49805,0.0333552,0.016065,0.0047679,2.6261098,0.0329213,0.4628262,-3.004397,260,0.049941326,0.006668758,0.257912267,0,-81.2088183954385,35.3465775199746,48,40,6.9,7.4,17,6.8,0,0,0,0.74,0.32,0,3,0.04,0,5.8,0,0,0,"1",0.332013187651292
"882",1382,0,63936.4095552236,-273724549.419492,21917.49805,0.0333552,0.016065,0.0047679,2.0766673,0.0013714,0.4649065,-2.922229,261,0.049714446,0.006630098,0.258330898,0,-81.2089871873502,35.347030798996,33,3,3.8,5.5,5,0,0,0,0,0,0,0,5,0.09,0,14.5,0.6,0,0,"0",0.13316765520926
"883",1388,0,63936.4095552236,-273724549.419492,32886.32422,0.0476789,0.0188246,0.0083388,2.2025177,0.0438958,0.4856424,-2.79721,249,0.054863211,0.022845604,0.213915086,0.09,-81.124430951261,35.3628420655031,22,36,8.2,6.8,7,0,0,0,0,0,0,0,1,0,0,0,0,0,0,"1",0.0314608618460059
"884",1401,0,63936.4095552236,-273724549.419492,25430.03125,0.0449058,0.0171909,0.018284,3.3461831,0.1015096,0.5033045,-3.574834,227,0.071100996,0.0114352,0.190383862,0.54,-81.1245359944841,35.3341318691874,38,51,10,7.2,10,0,0,2,0,0,0,0,3,0,0,0,0,0,0,"1",0.0336384037114483
"885",1405,0,63936.4095552236,-273724549.419492,20740.91797,0.0312438,0.0139247,0.0025858,0.9290393,0.0342935,0.4653472,-2.30404,260,0.052948505,0.00592049,0.256477908,0,-81.2095967265028,35.3430480552944,22,34,7.1,6.4,6,0,0,0,0,0.44,1.6,0,2,0.09,0,0,0.1,0,0,"0",0.0530711167785977
"886",1411,0,63936.4095552236,-273724549.419492,31420.64648,0.049738,0.0230408,0.0104715,5.5668116,0.1138549,0.5056297,-4.088346,247,0.053511884,0.021137771,0.212583703,0,-81.1269726083815,35.3586089360356,34,36,7.1,6.3,11,0,0,0,0,0,0,0,2,0,0,9,0,0,0,"0",0.0343977902502201
"887",1413,0,63936.4095552236,-6.08e+08,30611.5332,0.0505116,0.0245033,0.0115638,1.1842326,-0.1522629,0.4836034,-3.598217,235,0.052676822,0.021121657,0.212403409,0,-81.130005655593,35.3578111795394,16,23,5.4,6.8,4,0,0,0,0,0,0,0,1,0,0,0,0,0,0,"1",0.0370833750539065
"888",1439,0,63936.4095552236,-3.68e+08,24355.33594,0.0491701,0.0323994,0.015033,1.3137449,-0.0960222,0.5072134,-3.640743,251,0.060518333,0.012675903,0.274466081,0,-81.2268556538311,35.350576146626,66,52,8.8,6.8,17,15,0,0,0,0.26,0,0,6,0.07,0,6.7,0,0,0,"1",0.0707338474147365
"889",1440,0,63936.4095552236,-3.2e+07,32317.25977,0.0472422,0.0190716,0.0077573,1.1842326,-0.0027434,0.4685401,-3.23564,243,0.054521076,0.022221876,0.213497435,0,-81.1255158823848,35.3616906918969,14,20,5.9,6.7,4,0,0,3.9,0,0,0.58,0,0,0,0,0,0,0,0,"1",0.0331757008203716
"890",1443,0,63936.4095552236,-273724549.419492,6199.20459,0.0222435,0.0173458,0.0213227,3.5335,0.0137167,0.4845665,-3.365568,232,0.176974902,0.010120649,0.175482926,0.16,-81.1849242468846,35.1915999673304,86,76,10.8,7,28,23.1,0,0,0.06,0.223,0,0,4,0,0,6.5,0,0,0,"1",0.000967820786512099
"891",1444,0,63936.4095552236,-273724549.419492,6199.20459,0.0222435,0.0173458,0.0213227,3.5335,0.0137167,0.4845665,-3.365568,232,0.176974902,0.010120649,0.175482926,0.16,-81.1849232904812,35.1915977908451,86,76,10.8,7,28,23.1,0,0,0.06,0.223,0,0,4,0,0,6.5,0,0,0,"1",0.000967416111463505
"892",1449,0,63936.4095552236,-273724549.419492,20724.9375,0.0335351,0.0164353,0.0058964,4.4589748,0.024691,0.454782,-3.124676,264,0.055762944,0.003380742,0.258636069,0.09,-81.2131161099105,35.341792120984,19,23,4.8,6.9,5,0,0,0,0,0,0,0,2,0,0,0,0,0,0,"1",0.0414391313376362
"893",1454,0,63936.4095552236,-273724549.419492,24426.64648,0.0475385,0.0307911,0.0157285,6.7407994,0.0109737,0.5070578,-3.385738,252,0.059778014,0.011393657,0.273225791,0,-81.2259673475518,35.3497412017274,71,68,8.1,7.9,26,14,0,0,0,1.32,0,0,2,0,0,0,0,0,0,"1",0.0673073281157071
"894",1479,0,63936.4095552236,-2.08e+08,21010.70313,0.035246,0.0186461,0.0092511,2.3900836,-0.0548687,0.4964063,-3.73021,259,0.058113312,0.00275259,0.261298019,0,-81.2164087524928,35.3424807191886,25,13,4.9,6.1,7,9.5,0,0,0,0,0,0,2,0,0,0,0,0,0,"0",0.0390999979008301
"895",1493,0,63936.4095552236,-273724549.419492,17894.01953,0.0347878,0.0220017,0.0080947,5.7918396,0.0631006,0.4682326,-3.492527,256,0.070105374,0.01498678,0.260245961,0.33,-81.2220265835488,35.3305796045963,11,13,4.3,6.1,3,0,0,1.6,0.28,0,0,0,0,0,0,5.4,0,0,0,"0",0.0381638770419974
"896",1494,0,63936.4095552236,-4.8e+07,33625.99219,0.044502,0.0154281,0.0057819,3.2813458,-0.0192048,0.4882832,-3.897212,233,0.057805804,0.021728817,0.212119392,0,-81.121695766007,35.362803856282,14,23,6.4,7,4,0,0,0,0,0,0,0,0,0,0,0,0,0,0,"1",0.0313164619135085
"897",1514,0,63936.4095552236,-273724549.419492,33878.74219,0.0424095,0.0131848,0.0047679,3.0257473,0.1165979,0.5109931,-3.420518,238,0.059473098,0.021093676,0.211156855,0,-81.1204374083599,35.363493210109,14,22,6.1,7,4,0,0,0,0,0,0,0,0,0,0,0,0,0,0,"1",0.0317629665771837
"898",1520,0,63936.4095552236,-2.08e+08,14702.70508,0.038318,0.0367505,0.0090316,0.6569588,-0.0576132,0.4741614,-3.367401,254,0.084171194,0.014694124,0.26713423,0,-81.235526108712,35.32476986876,18,13,5.8,6,5,0,0,0,0,0,0,0,2,0,0,5.5,0.1,0,0,"0",0.0535760317764209
"899",1523,0,63936.4095552236,-273724549.419492,23626.91016,0.0467871,0.0301548,0.0154281,3.1132982,0.0617284,0.5270348,-3.395278,248,0.061195268,0.010845482,0.272220218,0,-81.2252257320121,35.348693749159,87,81,13.9,7.5,31,26.1,0,0,0,1.98,0,0,3,0,0,0,0,0,0,"1",0.0664055171895081
"900",1542,0,63936.4095552236,-273724549.419492,21490.0957,0.0379322,0.0217265,0.0127202,5.4213028,0.1001372,0.4928498,-3.626826,270,0.061397951,0.00595084,0.263899262,0.2,-81.220203239938,35.3422832040515,23,39,7.9,6.7,6,0,0,0,0.01,0.198,0.11,0,2,0,0,0,0,0,0,"1",0.0326911876827425
"901",1546,0,63936.4095552236,-273724549.419492,26632.70703,0.0401417,0.0124546,0.0135351,2.6465178,0.0521259,0.4737999,-2.858386,236,0.073189636,0.00785139,0.188991865,0,-81.1212810041819,35.335599292858,81,88,8.9,8.2,25,7,0.00176547231270358,0.568175895765472,0,2.475,0,0,5,0.53,0,0,0.19,0,0,"1",0.0306939467032361
"902",1561,0,63936.4095552236,-4.8e+07,28735.88477,0.0328909,0.0051715,0.0062273,0.9853842,-0.0082318,0.5194399,-3.394316,243,0.077033964,0.004473418,0.187000999,0,-81.1138800714089,35.3378180252059,36,48,10,6.7,9,0,0,0,0,0,0.13,0,3,0,0,0,0,0,0,"1",0.0257265420066847
"903",1571,0,63936.4095552236,-273724549.419492,21524.75391,0.0388552,0.0227781,0.0138766,7.3415356,0.0178328,0.4906766,-3.666953,267,0.061365008,0.006098065,0.264661651,0.2,-81.220771940954,35.3423057117465,23,39,7.9,6.7,6,0,0,0,0.01,0.198,0.11,0,2,0,0,0,0,0,0,"1",0.0336631154435292
"904",1580,0,63936.4095552236,-273724549.419492,20740.91797,0.0375246,0.0219408,0.0122925,3.8391652,0.0960241,0.501779,-3.648302,268,0.063548771,0.008002132,0.263174896,0,-81.2208240970627,35.339767876945,25,40,7.5,7,7,0,0,0,0,0.42,0,0,2,0,0,0,0,0,0,"1",0.0301120151211981
"905",1584,0,63936.4095552236,-273724549.419492,29629.88086,0.0496707,0.0250164,0.012073,3.8391652,0.0809328,0.5100765,-3.810513,235,0.054639358,0.018515924,0.209418768,0,-81.1298640161187,35.3542720944805,28,33,7.7,6.7,8,0,0,1.55,0,0.122,1.58,0.003,2,0.05,0,0,0,0,0,"1",0.0306587835374122
"906",1587,0,63936.4095552236,-273724549.419492,33247.00781,0.0414528,0.0139726,0.0025858,2.3900836,0.0260639,0.4973281,-3.220064,226,0.060543701,0.018681923,0.208956769,0.07,-81.1200183850287,35.3601866990875,22,35,7.9,6.8,6,0,0,0,0,0,0,0,2,0,0,0,0,0,0,"1",0.0265722818114704
"907",1599,0,63936.4095552236,-273724549.419492,15599.21973,0.0410638,0.0328909,0.0051715,1.1842326,0.0342931,0.4933013,-2.706837,260,0.080852682,0.015673392,0.266051374,0,-81.2333626967397,35.327223848149,39,47,6.8,7.6,11,0,0,0,0,0,0,0,3,0,0,0,0,0,0,"1",0.045111742364847
"908",1601,0,63936.4095552236,-4.32e+08,19455.17188,0.0367323,0.0222435,0.0093231,1.3541625,-0.1111111,0.5077041,-3.272488,252,0.066754807,0.011244929,0.262627255,0,-81.2225774633196,35.336427878589,21,18,6.9,6.3,6,0,0,1.3,0,0,0.1,0,2,0,0,7.6,0,0,0,"0",0.0355664533375891
"909",1604,0,63936.4095552236,-273724549.419492,28414.1543,0.0502063,0.0243116,0.0144895,2.9719696,0.1755829,0.4928232,-3.821463,235,0.055045813,0.018000986,0.207947479,0.09,-81.131417169762,35.3516220736092,31,53,13,7,9,0,0,0,0,0.21,0,0,2,0,0,8.3,0,0,0,"1",0.0330632951796922
"910",1605,0,63936.4095552236,-4.8e+07,29306.66211,0.0494413,0.0243939,0.0124546,6.5494075,-0.0109741,0.478362,-3.697249,231,0.0554543,0.017607226,0.208362205,0,-81.1293764222337,35.353299670055,11,25,6.4,6.7,3,0,0,0,0.1,0,0,0,0,0,0,0,0,0,0,"1",0.0286327195823857
"911",1606,0,63936.4095552236,-4.8e+07,20239.69922,0.0378793,0.0227193,0.0106613,4.6007166,-0.0109737,0.5135546,-3.882104,261,0.065299444,0.009788241,0.264268819,0,-81.222663008315,35.3391017904418,56,60,9.5,6.7,18,5.9,0,0,0,1.8,0,0,3,0,0,0,0,0,0,"1",0.028182991049551
"912",1614,0,63936.4095552236,-273724549.419492,32934.14063,0.041015,0.0144895,0.0016354,2.0766673,0.0027436,0.4796753,-3.647435,226,0.060784159,0.017945736,0.208312516,0.05,-81.1197045455306,35.3597522249,20,29,7.7,7.1,6,0,0,0,0,0,0,0.01,1,0,0,0,0,0,0,"1",0.0264519211842462
"913",1615,0,63936.4095552236,-1.28e+08,28094.63672,0.0500595,0.0238395,0.0150774,3.1132982,-0.0329213,0.4912314,-4.197668,223,0.055782444,0.017396148,0.206940047,0,-81.1313499281466,35.3504488274262,42,29,9,6.6,13,0,0,0,0.19,0,0,0,2,0,0,0,0.1,0,0,"1",0.0334342249442738
"914",1621,0,63936.4095552236,-273724549.419492,26203.19531,0.0453356,0.0173843,0.0185382,1.6745193,0.1179693,0.5191707,-3.562999,229,0.066871491,0.010144606,0.195044772,0,-81.1255752412844,35.339751821118,24,87,7,9.1,6,0,0,0,0,0.26,0.87,0,2,0.07,0,0,0,0,0,"0",0.0256062716905335
"915",1622,0,63936.4095552236,-273724549.419492,28985.55469,0.0492381,0.0238114,0.0129288,1.6420193,0.0452672,0.4676448,-4.098619,229,0.056013193,0.016992891,0.20752542,0.07,-81.1296940981412,35.3522866886167,34,49,9.1,7.1,8,0,0,0,0.05,0,0,0,3,0,0,0,0,0,0,"1",0.0295951166306466
"916",1628,0,63936.4095552236,-273724549.419492,20927.75781,0.0400917,0.0245033,0.0115638,6.1481314,0.0274342,0.4872718,-3.55149,266,0.064815875,0.009538555,0.26569134,0,-81.2237687291656,35.3399375804922,29,43,5.4,6.5,7,0,0,0,0,0.33,0,0,3,0,0,0,0,0,0,"1",0.0265631510108817
"917",1629,0,63936.4095552236,-273724549.419492,21026.46484,0.0400917,0.0245033,0.0115638,9.8440075,0.0507545,0.4701885,-3.7227,266,0.0639322,0.008688218,0.265559925,0.08,-81.2226232494812,35.3411668996619,23,33,6.3,6.9,6,0,0,0,0,0.25,0,0,2,0,0,0,0,0,0,"1",0.0330361240419634
"918",1639,0,63936.4095552236,-273724549.419492,20532.21875,0.0394698,0.024146,0.0106613,4.9908075,0.1275718,0.5156078,-3.264463,263,0.065351688,0.009919862,0.264993528,0,-81.2232470285677,35.3395313446239,19,31,4.9,6.1,5,0,0,0,0.17,0,0,0,1,0,0,0,0,0,0,"0",0.0235569949579476
"919",1640,0,63936.4095552236,-273724549.419492,20632.81836,0.0394698,0.024146,0.0106613,5.4213028,0.1755835,0.5109224,-3.182852,270,0.064695671,0.00933655,0.265258521,0,-81.2234235953809,35.339734228187,14,25,5.7,6.4,4,0,0,0,0.08,0,0.13,0,1,0,0,0,0,0,0,"0",0.0227228384137441
"920",1645,0,63936.4095552236,-273724549.419492,26501.77148,0.0441854,0.0162306,0.0173843,4.6354632,0.104252,0.5208837,-4.254456,226,0.067379882,0.009349744,0.194675868,0.08,-81.1251542599935,35.3394565890597,39,51,8.9,7.1,10,0,0,0,0,0.28,0,0,4,0,0,19,0.1,0,0,"1",0.0255782059549495
"921",1650,0,63936.4095552236,-273724549.419492,30128.83008,0.0474117,0.0231277,0.0098801,2.3674541,0.0644718,0.5171288,-3.184258,240,0.055850517,0.017721957,0.2090042,0.05,-81.1282009776095,35.3550069411723,44,57,7.5,7.3,14,0,0,0,0.12,0.229,0,0.008,2,0,0,0,0,0,0,"1",0.0306851845303884
"922",1651,0,63936.4095552236,-4.8e+07,16126.5625,0.0417901,0.0302655,0.0023128,0.9290393,-0.01509,0.5132831,-2.613024,259,0.07801085,0.016983653,0.265138737,0.06,-81.2311350318165,35.3294378957729,32,26,6.5,6.6,8,0,0,2.17,0,0.292,0.22,0,3,0.057,0,6.6,0,0,0,"1",0.0392035046224458
"923",1653,0,63936.4095552236,-273724549.419492,26803.20313,0.0485819,0.0213227,0.0171909,6.4432778,0.0109737,0.5004587,-4.234342,224,0.059861898,0.014442304,0.202230683,0,-81.1285391719654,35.3450275181661,82,68,10.6,7.6,27,26,0,1.12,0,1.14,0,0,3,0.02,0,0,0,0,0,"1",0.0246318716782798
"924",1667,0,63936.4095552236,0,17001.5957,0.0409824,0.029002,0.0016354,2.3900836,0.0013714,0.4902984,-3.060337,263,0.076090548,0.018521111,0.265136731,0,-81.230288463817,35.3302121760631,48,51,8.1,7.4,15,0,0,0,0,0,0,0,3,0,0,0,0,0,0,"1",0.0375184663508227
"925",1673,0,63936.4095552236,-273724549.419492,29811.01953,0.0471714,0.0224529,0.010343,4.5657005,0.2441708,0.507705,-2.924082,240,0.056662392,0.01660204,0.207717731,0,-81.1275982151817,35.3537405671159,133,141,8.7,7.9,47,5.2,0,0,0,0,0,0,4,0,0,0,0,0,0,"1",0.0294780197746415
"926",1674,0,63936.4095552236,-1.28e+08,27076.82227,0.0474117,0.0199623,0.0173458,4.8716373,-0.0342938,0.5011611,-3.719794,215,0.061511993,0.012733342,0.200750196,0,-81.1284648426257,35.3446019271224,47,43,11.6,6.6,11,23.5,0,0,0,0,1.08,0,4,0.05,0,9.2,0,0,0,"1",0.0247796027203041
"927",1679,0,63936.4095552236,-273724549.419492,27681.83008,0.0474681,0.0204912,0.0155576,1.7684314,0.0205758,0.4994067,-2.58948,221,0.060002174,0.013418366,0.20270496,0,-81.128013654216,35.3469230443119,47,56,11.1,6.9,12,0,0,2.62,0,0,0,0,4,0,0,0,0,0,0,"1",0.0293470380257201
"928",1680,0,63936.4095552236,-273724549.419492,17401.23438,0.0413235,0.0289327,0.0011564,2.5001462,0.1591224,0.5007014,-2.625395,270,0.074611722,0.019071792,0.26563069,0,-81.2302177402075,35.3323270413075,100,60,18,7.9,40,66,0,0,0,2.6,0,0,0,0,0,0,0,0,0,"1",0.0354187289517966
"929",1681,0,63936.4095552236,-273724549.419492,31740.60352,0.0409824,0.0173458,0.0032707,4.1736455,0.146776,0.4783432,-3.699328,228,0.06212363,0.014463734,0.20538149,0.06,-81.1202156473493,35.3552531213499,17,23,5.8,7,4,0,0,3.6,0,0,0,0,2,0,0,0,0,0,0,"1",0.0285242077442791
"930",1682,0,63936.4095552236,-273724549.419492,19645.81055,0.0403411,0.0258575,0.0074045,4.9585962,0.0644718,0.5086094,-2.950691,259,0.068317018,0.012923689,0.266044725,0,-81.2263911530549,35.3379946098646,43,54,6.7,7.2,12,0,0,0,0,0.64,0,0,3,0,0,0,0,0,0,"1",0.0372973028141391
"931",1685,0,63936.4095552236,-3.04e+08,17267.45117,0.0435298,0.0312438,0.0011564,3.5335,-0.0768169,0.4986247,-3.694403,261,0.076177447,0.02028331,0.267432482,0,-81.2312012710123,35.3321796217094,47,51,5.8,6.8,14,0,0,0,0,0,0,0,3,0,0,0,0,0,0,"1",0.0357144088756968
"932",1686,0,63936.4095552236,-4e+08,28256.3125,0.0463853,0.0197603,0.0139247,3.6086526,-0.1001372,0.4805213,-3.103147,228,0.060443867,0.012621624,0.202837613,0,-81.1274900621524,35.3484458575982,20,27,7.8,6.7,5,0,0,3.5,0,0,0,0,2,0,0,0,0,0,0,"1",0.0298679742791682
"933",1687,0,63936.4095552236,-273724549.419492,30018.66797,0.0437749,0.0196925,0.0074045,2.1024425,0.0754459,0.4903097,-2.539759,230,0.06002741,0.013785903,0.205220408,0.31,-81.1243037607998,35.3530047431042,66,60,11.2,6.7,16,0,0,4.68,0.037,0,1.18,0.003,6,0.057,0,8.8,0,0,0,"1",0.028949588706828
"934",1688,0,63936.4095552236,-273724549.419492,30794.96484,0.03517,0.0115638,0.0084186,4.9153128,0.0274336,0.499339,-3.635558,228,0.068597216,0.007564288,0.198040949,0,-81.116349133219,35.3494709489382,40,48,9,7.3,8,0,0,0,0,0,0.43,0,5,0,0,0,0,0,0,"1",0.0278382786514184
"935",1689,0,63936.4095552236,-2.72e+08,18677.60352,0.0414528,0.0278494,0.0041694,1.3934064,-0.0658422,0.5121306,-3.74415,255,0.071320093,0.015853592,0.266189393,0,-81.2279009409733,35.3349474073908,38,33,4,6.5,11,0,0,0,0,0,0.35,0,2,0,0,0,0,0,0,"1",0.0377364906130424
"936",1690,0,63936.4095552236,-3.68e+08,30592.58789,0.0426453,0.0188246,0.0065415,5.8010211,-0.0960226,0.5027704,-3.417342,226,0.060924602,0.01365202,0.205074627,0,-81.1229574414394,35.3540944034997,50,42,12.5,6.5,14,16.2,0,0,0,0,0,0,3,0,0,9,0,0,0,"1",0.0289719553555085
"937",1691,0,63936.4095552236,-2.08e+08,27627.92188,0.0439426,0.0165569,0.0155145,3.6234941,-0.0534977,0.5096771,-3.647373,217,0.064766249,0.009060785,0.198047404,0,-81.1250322618311,35.3437991800544,82,78,9.4,7.1,27,18,0,0,0,0.71,0.71,0,4,0.14,0,0,0,0,0,"1",0.0169045984810437
"938",1692,0,63936.4095552236,-273724549.419492,27633.91602,0.0439426,0.0165569,0.0155145,1.6745193,0.0068591,0.4918835,-3.456737,215,0.063958969,0.009823144,0.198801701,0,-81.1252234532795,35.3441054739653,82,85,9,8,26,15,0,0,0,0.87,0.28,0,4,0.15,0,0,0,0,0,"1",0.0197197135233192
"939",1695,0,63936.4095552236,-273724549.419492,27633.91602,0.0416459,0.014068,0.0152099,9.8912992,0.1412896,0.4710701,-3.976157,215,0.067003766,0.006773901,0.196090112,0,-81.1225844305408,35.3434202797045,310,78,13,7.2,120,210,0,0,0,2.2,0,0,5,0.04,0,0,0,0,0,"1",0.0216728042399235
"940",1697,0,63936.4095552236,-273724549.419492,19876.32813,0.0429266,0.0283491,0.0073136,9.1200142,0.0397802,0.5108438,-3.774049,257,0.069228134,0.014206325,0.268221307,0,-81.2282313474589,35.338754799308,21,19,5.9,6.3,6,0,0,0,0,0,0,0,1,0,0,7.4,0.2,0,0,"0",0.0420197392968613
"941",1698,0,63936.4095552236,-273724549.419492,27929.06055,0.04049,0.0129288,0.014068,5.9280319,0.1961589,0.5169412,-2.737604,220,0.068201437,0.005289265,0.19522567,0,-81.1212093428657,35.3427256270424,29,45,7.7,7.1,9,0,0,0,0,0,0,0,2,0,0,0,0,0,0,"1",0.0204854029739465
"942",1699,0,63936.4095552236,-273724549.419492,28226.98633,0.0393341,0.0117928,0.0129288,6.2932734,0.1426606,0.510098,-3.029862,227,0.068664224,0.004840207,0.194810709,0,-81.1207745910199,35.3428066493423,65,79,9.2,6.9,21,0,0,0,0,0.2,0,0,3,0.03,0,0,0,0,0,"1",0.0203317909199001
"943",1700,0,63936.4095552236,-3.2e+08,27627.92188,0.0427862,0.0154281,0.015033,3.8391652,-0.0836764,0.4925044,-4.142861,211,0.065182186,0.008567801,0.197724451,0,-81.1249295509277,35.3435754562708,92,87,9.9,7.9,28,19,0,0,0,0,0,0,5,0.08,0,0,0,0,0,"1",0.0179835636418048
"944",1701,0,63936.4095552236,-273724549.419492,30827.22266,0.0401417,0.0163537,0.0062273,3.9628742,0.0192046,0.5180899,-3.868473,221,0.063169649,0.011545123,0.202892562,23,-81.1223835506349,35.3520086724016,10,37,4.9,7.1,3,13,0,0,0,0,0,0,0,0,0,0,0,0,0,"1",0.0285169640545945
"945",1703,0,63936.4095552236,-1.152e+09,27917.19531,0.0416298,0.0143037,0.0146272,2.0766673,-0.2908094,0.453661,-4.266478,209,0.065760307,0.00768507,0.197432311,0.15,-81.1232836540982,35.3434751089965,191,87,11.1,7,69,160.56,0,0,0,1.8,0.24,0,4,0.08,0,0,0,0,0,"1",0.0218693406200315
"946",1704,0,63936.4095552236,-2.08e+08,28802.09961,0.0381607,0.0109704,0.012073,5.1175842,-0.0548697,0.4901905,-3.936965,223,0.069043293,0.003959767,0.195100107,0,-81.1198004613625,35.3436992330508,229,88,12.4,7.6,84,150.3,0,0,0,2.11,0.19,0,4.29664508534432,0.04,0,0,0,0,0,"1",0.0218972370239082
"947",1705,0,63936.4095552236,-273724549.419492,19404.01953,0.043453,0.0292773,0.0058964,1.9147184,0.1028797,0.4884787,-3.396693,258,0.070854088,0.015667716,0.268024183,0.07,-81.228370873824,35.3367357990596,22,20,4.3,6.3,7,0,0,0,0,0,0.31,0,1,0,0,0,0.16,0,0,"0",0.0383469844342032
"948",1706,0,63936.4095552236,-2.88e+08,28504.37305,0.0393171,0.012073,0.0131848,3.0257473,-0.0727034,0.4842241,-3.765761,222,0.068208087,0.00484056,0.195705093,0,-81.120385548461,35.3440057767103,46,62,9,6.8,13,0,0,0,0,0.22,0,0,3,0,0,0,0,0,0,"1",0.0212453957334256
"949",1707,0,63936.4095552236,-2.72e+08,29655.02734,0.0370765,0.0109093,0.0115638,1.4687471,-0.0685873,0.5066561,-3.92456,217,0.068773174,0.005001889,0.196380643,0.05,-81.1181357978647,35.3467706022572,79,72,8.8,7.6,25,18.8,0.00176547231270358,0.568175895765472,0,1.09,0.1,0,4,0.02,0,0,0,0,0,"1",0.0264930279176229
"950",1710,0,63936.4095552236,-7.52e+08,29068.30078,0.039385,0.0129288,0.0117928,4.374136,-0.190672,0.4796399,-4.165092,213,0.066972203,0.006095214,0.197400173,0,-81.1205183448277,35.3459197621894,120,85,8.2,7.4,44,44,0,0,0,1.5,0,0,3,0,0,0,0,0,0,"1",0.0241197752548993
"951",1711,0,63936.4095552236,-1.6e+07,29354.66602,0.0394698,0.0134856,0.0106613,3.2484376,-0.0027434,0.5036241,-3.915554,216,0.065981348,0.007216568,0.198598266,0.05,-81.1213078348625,35.3473968226215,35,45,8.6,7.4,10,0,0,0,0,0,0,0,2,0,0,0,0,0,0,"1",0.0253616115077123
"952",94,0,31672.67773,-273724549.419492,17981.74805,0.0188246,0.0124546,0.0150774,2.5639057,0.1879265,0.5161269,-1.621908,293,0.180671796,0.010416203,0.310535117,0.45,-81.3096152433392,35.2626698526332,54,51,2.6,7.2,12,0,0,2.3,0,0,0,0,7,0,0,7.5,0,0,0,"1",0.0651444398257901
"953",95,0,31672.67773,-273724549.419492,18023.15234,0.0188246,0.0124546,0.0150774,6.017067,0.0562409,0.5108943,-2.987196,285,0.181034659,0.010041187,0.309889966,0,-81.3090619842196,35.2617332217875,30,49,9.1,6.7,8,0,0,1.8,0,0,0,0.007,6,0,0,0,0,0,0,"1",0.0672807353729197
"954",121,0,40257.57813,-273724549.419492,16612.28906,0.0294367,0.0245306,0.0074045,3.7400842,0.0713309,0.5335323,-2.6275,275,0.135064755,0.016706868,0.304129973,0.23,-81.2869806882294,35.3073969329473,29,33,2.4,6.7,6,0,0,0,0,0,0,0,3,0,0,0,0,0,0,"1",0.101159005831369
"955",122,0,40257.57813,-273724549.419492,16612.28906,0.0294367,0.0245306,0.0074045,1.6420193,0.0411528,0.5272681,-2.668491,277,0.135740829,0.016029067,0.304440325,0,-81.2870869241167,35.3068631088892,44,45,2.4,7.2,13,0,0,0,0,0,0.24,0,3,0.02,0,0,0,0,0,"1",0.0969402632934028
"956",174,0,47871.58984,-273724549.419492,21354.7793,0.0129288,0.0092511,0.0131848,3.2976756,0.0576134,0.5051003,-3.506406,281,0.180501825,0.004144436,0.324262871,11.503,-81.3202147750157,35.2754635844787,64.75486152033,61.2816735415439,9.90723366686286,0,18.7782352941176,9.90949941107185,0,1.2,0.0304176470588235,0.119623820754717,0.653395882352941,0.0188840188014101,4.29664508534432,0.0450829411764706,1.2948793407887e-06,5.24281176470588,0.0124105882352941,0,0,"0",0.0818091611914157
"957",388,0,74881.07031,-273724549.419492,42647.45703,0.0897595,0.0224529,0.0165569,6.2509456,0.2908105,0.5242707,-3.695874,258,0.051506644,0.022087745,0.306635285,0,-81.223353639757,35.4024366888596,20,18,2.6,6.3,4,0,0,0,0,0,0,0,3,0,0,0,0,0,0,"0",0.358226058171205
"958",469,0,81210.07031,-4.64e+08,34728.61719,0.0672892,0.018284,0.0058964,0.9290393,-0.11797,0.5002146,-4.043869,238,0.035888015,0.01530167,0.283832273,0.08,-81.2112096094494,35.3823814322304,51,59,5.2,7.4,12,5.3,0,0,0,0.307,0,0,6,0,0,0,0,0,0,"1",0.523827168394142
"959",550,0,88018.74219,-3.2e+07,40791.24219,0.0856817,0.0196925,0.0138766,2.3215306,-0.0096012,0.5168426,-3.244054,240,0.047088203,0.018104037,0.30153047,0,-81.2205238731756,35.3984937510223,21,23,3.5,6.5,6,0,0.00176547231270358,0.568175895765472,0,0,0,0,1,0,0,0,0,0,0,"1",0.311528264700146
"960",557,0,88785.98438,-273724549.419492,41283.69531,0.0848505,0.014068,0.0081769,1.7684314,0.1673522,0.5301795,-2.715278,243,0.042483012,0.012953699,0.29908803,0.06,-81.2147160565335,35.400401904493,85,99,16.6,7.7,25,22,0,0,0,0.73,0,0,5,0,0,5.8,0,0,0,"1",0.00605268333817664
"961",558,0,88785.98438,-273724549.419492,41283.69531,0.0848505,0.014068,0.0081769,1.7684314,0.1673522,0.5301795,-2.715278,243,0.042483012,0.012953699,0.29908803,0,-81.2147158563616,35.4004046619156,85,92,18,8.3,26,16.6,0,0,0,0.495,0,0,5,0,0,5.2,0,0,0,"1",0.0060453020706997
"962",568,0,89988.29688,-273724549.419492,40953.35547,0.0837481,0.0139247,0.0080947,1.1842326,0.1330587,0.5205763,-1.977908,243,0.042655367,0.01332013,0.298610635,0,-81.2156749334748,35.3991771900711,53,46,7.4,6.9,12,0,0,0,0,0,0,0,6,0,0,8.99,0,0,0,"1",0.376428504394964
"963",590,0,91882.75781,-273724549.419492,27150.13477,0.0657819,0.061201,0.010343,5.8284774,0.0809341,0.5032269,-3.196481,277,0.107219256,0.021533421,0.31707716,0.13,-81.2782491002816,35.3520013856386,36,53,7.8,7,9,0,0,0,0.07,0,11.27,0.009,3,0.13,0,0,0,0,0,"1",0.217216895446253
"964",593,0,92211.75781,-273724549.419492,36477.98828,0.0724196,0.0164353,0.0036568,1.9973403,0.0041159,0.5074692,-2.725531,254,0.038243666,0.014864326,0.288625736,0,-81.2137975439843,35.3865295832743,17,19,3.6,6.8,4,0,0,0,0,0,0,0,2,0,0,0,0,0,0,"1",0.141829319472254
"965",594,0,92211.75781,-273724549.419492,36477.98828,0.0724196,0.0164353,0.0036568,2.2025177,0.0246919,0.5089521,-2.521924,254,0.038554006,0.015190141,0.288762753,0,-81.2141151607087,35.3864031016618,21,16,3.2,6.3,6,0,0.00176547231270358,0.568175895765472,0,0,0,0,2,0,0,0,0,0,0,"0",0.141562067007088
"966",605,0,93513.57031,-273724549.419492,41205.37891,0.088974,0.030066,0.0227781,2.2025177,0.2071334,0.5225682,-3.539087,257,0.057807476,0.029329309,0.309123092,0,-81.2320037479282,35.3978563069154,19,26,4.5,6.9,6,0,0,0,0,0,0,0,1,0,0,0,0,0,0,"1",0.306576638033962
"967",637,0,97531.82031,-273724549.419492,40799.36328,0.0895209,0.0312224,0.0238395,3.3781307,0.1385466,0.5187498,-3.322258,260,0.058263741,0.029900076,0.309199784,0.12,-81.2327699640473,35.3973306695648,14,23,5.2,7.1,4,0,0,0,0,0,0,0,1,0,0,0,0,0,0,"1",0.308906158749227
"968",705,0,63936.4095552236,-2.08e+08,30955.91602,0.0744499,0.050999,0.0189661,6.4515057,-0.0562409,0.4873787,-4.372702,285,0.070566021,0.034856052,0.300237,0,-81.2443569505051,35.3687976127341,72,79,14,7.9,23,0,0,0,0,0,0,0,16,0,0,0,0,0,0,"1",0.195036031240529
"969",817,0,63936.4095552236,-1.12e+08,30652.08984,0.0811531,0.0661973,0.0093231,5.5763736,-0.0274338,0.5071758,-3.704463,288,0.086517826,0.035828126,0.31134176,0.06,-81.2602986293106,35.3669347964965,25,12,10,6.3,4,0,0,3.5,0,0,0.41,0,4,0,0,19,0,0,0,"0",0.211375971843631
"970",843,0,63936.4095552236,-273724549.419492,30652.08984,0.0799997,0.0667305,0.0081769,5.9280319,0.0329228,0.5229149,-3.239268,286,0.086904899,0.035194644,0.311218428,0,-81.2604974873087,35.3663249943426,54,52,4.8,7.2,13,8.8,0,0,0,0,0.77,0,6,0,0,0,0,0,0,"1",0.207156131714922
"971",854,0,63936.4095552236,-5.12e+08,31341.4668,0.0735918,0.0484303,0.02151,6.7329373,-0.1275718,0.503262,-4.261746,276,0.067867357,0.032591889,0.299340942,0.31,-81.2407673967748,35.3702424433908,23,28,2.4,6.6,6,0,0,0,0,0,0,0,2,0,0,0,0,0,0,"1",0.192168083701154
"972",953,0,63936.4095552236,-273724549.419492,27377.97266,0.0525614,0.035246,0.0222134,2.5001462,0.1193418,0.5151319,-3.677121,254,0.054154958,0.015929963,0.277347409,0,-81.2236304800321,35.3586816109839,42,46,2.9,6.9,10,0,0,0,0,0,0,0,4,0,0,0,0,0,0,"1",0.0901129056844371
"973",975,0,63936.4095552236,-1.6e+07,29354.66602,0.0551681,0.0372923,0.0249093,1.0386748,-0.0041157,0.484661,-4.029464,253,0.047984013,0.010026699,0.278304586,0,-81.220412047662,35.3664064034658,0,4,1,5.1,0,0,0,0,0,0,0,0,0,0,0,0,0,0,0,"0",0.00304366554678264
"974",976,0,63936.4095552236,-1.6e+07,29354.66602,0.0551681,0.0372923,0.0249093,1.0386748,-0.0041157,0.484661,-4.029464,253,0.047984013,0.010026699,0.278304586,0.2,-81.2204138900625,35.3664043067688,0,7,1.4,6.3,2,0,0,0,0.41,0,0,0.005,1,0,0,0,0,0,0,"0",0.00304378013520361
"975",1001,0,63936.4095552236,-273724549.419492,33861.625,0.0662276,0.0245851,0.0115638,1.0386748,0.0288084,0.4987127,-3.785383,255,0.042163945,0.014582199,0.286256473,0.19,-81.2176397159894,35.3794205694553,70,73,4.3,7.6,17,0,0,0,0,0,0.26,0,7,0.03,0,0,0,0,0,"1",0.169856841701597
"976",1009,0,63936.4095552236,-3.2e+08,24232.60547,0.0572147,0.0590775,0.0197603,2.9719696,-0.0768167,0.4766409,-3.410147,259,0.112070945,0.01471285,0.313560793,1.2,-81.2799503906631,35.3420800229269,52,59,4.9,7.6,13,0,0,2.2,0,0,0,0,5,0,0,0,0,0,0,"1",0.184630029253359
"977",1010,0,63936.4095552236,-273724549.419492,20276.49414,0.0435912,0.0439578,0.0150774,6.5413065,0.0096019,0.4753374,-4.407885,239,0.120596266,0.014202208,0.308351812,1.8,-81.2823614472182,35.3274588104503,65,57,3.8,7,21,0,0,2.8,0,0,0,0,3,0,0,0,0,0,0,"1",0.161329043912828
"978",1014,0,63936.4095552236,-1.6e+08,28830.83984,0.0555185,0.0381782,0.026166,3.7400842,-0.0425232,0.489133,-3.739624,249,0.050963508,0.012853582,0.279014582,0,-81.2228188165426,35.3633042209934,7,8,1.2,6.2,0,0,0,0,0,0.21,0,0,1,0,0,0,0,0,0,"0",0.118908346261517
"979",1030,0,63936.4095552236,-273724549.419492,29534.68945,0.0764614,0.0682658,0.0051715,2.8235226,0.0809307,0.5056785,-2.484044,287,0.088595489,0.03167249,0.310020491,0,-81.2614717954923,35.3631731970755,45,40,5.4,7.1,10,8.7,0,0,0,0,0.42,0,5,0.04,0,0,0,0,0,"1",0.210684598141847
"980",1053,0,63936.4095552236,-273724549.419492,28068.0918,0.0717051,0.0689965,0.0016354,3.6676545,0.2455407,0.4794661,-3.034982,290,0.095812195,0.025416556,0.311818246,0,-81.2678193118459,35.3575483664486,17,18,1.2,6.7,5,0,0,0,0,0,0,0,1,0,0,0,0,0,0,"1",0.360667194865458
"981",1070,0,63936.4095552236,-4.96e+08,21490.0957,0.0472422,0.0474117,0.0186461,4.147893,-0.1275725,0.4636056,-4.690884,248,0.1203318,0.014722359,0.311000188,1.5,-81.2822161681428,35.330689037444,100,107,5.2,7.4,26,5.8,0,0,0,0.55,0.26,0,9,0,0,0,0,0,0,"1",0.168133459842619
"982",1093,0,63936.4095552236,-4.8e+07,35239.98828,0.0693059,0.0245851,0.0115638,2.2982233,-0.0137188,0.5151322,-3.109833,256,0.043888863,0.017586405,0.289258402,0.06,-81.2194327235986,35.3819946451376,61,21,16,6.4,13,0,0,0,0,0,0,0,7,0,0,11,0,0,0,"0",0.183439389991046
"983",1117,0,63936.4095552236,-273724549.419492,28738.76563,0.0753072,0.0677645,0.0041694,3.2813458,0.0301774,0.5132831,-2.839226,288,0.088715049,0.030573331,0.309205441,0.05,-81.2610719417091,35.3621390553853,16,17,2,6.9,6,0,0,0,0,0,0,0,1,0,0,0,0,0,0,"1",0.210804512616635
"984",1167,0,63936.4095552236,-273724549.419492,28431.63867,0.0740898,0.0683344,0.0041694,1.1842326,0.0315514,0.4848875,-2.704845,287,0.089886113,0.028445679,0.308583835,0,-81.2622759035175,35.360109715782,40,50,4.5,7.5,9,0,0,0,0,0,0.26,0,4,0,0,0,0,0,0,"1",0.295110171696713
"985",1169,0,63936.4095552236,-273724549.419492,26047.85352,0.0636011,0.0471997,0.0115638,3.9898379,0.0576123,0.5057092,-3.541194,281,0.070817935,0.028166968,0.289375009,0.16,-81.240796790477,35.3568597042569,18,31,6.4,6.4,5,0,0.00176547231270358,0.568175895765472,0.08,0,2.94,0.007,1,0,0,0,0,0,0,"0",0.0643408864169116
"986",1180,0,63936.4095552236,-3.2e+08,26457.98242,0.0626799,0.046212,0.0116215,2.8235226,-0.0795616,0.4770158,-3.660188,277,0.069930971,0.027649465,0.289021152,0,-81.2403984726852,35.3566803714865,0,0,0,0,0,0,0,0,0,0,0,0,0,0,0,0,0,0,0,"0",0.00287440581648668
"987",1181,0,63936.4095552236,-3.2e+08,26457.98242,0.0626799,0.046212,0.0116215,2.8235226,-0.0795616,0.4770158,-3.660188,277,0.069930971,0.027649465,0.289021152,0,-81.2403999384349,35.3566825238519,31,31,5.1,7.2,7,0,0.00176547231270358,0.568175895765472,0,0,0,0,3,0,0,0,0,0,0,"1",0.00287822523135988
"988",1186,0,63936.4095552236,-273724549.419492,20772.83789,0.0460816,0.0475385,0.0185382,1.0386748,0.0507537,0.5399684,-2.864739,263,0.116673262,0.010915444,0.308031969,0,-81.2794709023408,35.3305947137001,32,36,1.7,7.3,4,0,0.00176547231270358,0.568175895765472,0,0,1.41,0,5,0,0,0,0,0,0,"1",0.169828339444621
"989",1215,0,63936.4095552236,-273724549.419492,32582.70313,0.0721235,0.0432988,0.026622,3.9493225,0.1865585,0.5279479,-2.715539,276,0.063089991,0.028695876,0.297533203,0,-81.23784560719,35.3737953190666,26,36,5.6,6.8,6,0,0,15,0.08,0,0.19,0,3,0,0,0,0,0,0,"1",0.198106164789976
"990",1230,0,63936.4095552236,-8e+07,36498.41406,0.0755907,0.0284433,0.0165569,2.5001462,-0.0205771,0.4818474,-2.986121,264,0.050897786,0.024064981,0.296217746,0,-81.226769000855,35.3842059059144,19,38,8.7,6.7,6,0,0,0,0,0,0,0,1,0,0,0,0,0,0,"1",0.227430928725887
"991",1231,0,63936.4095552236,-273724549.419492,37859.53906,0.0846928,0.0381432,0.0277532,2.6465178,0.141289,0.5431596,-2.579911,258,0.06288602,0.035791798,0.307864658,0,-81.2382870045145,35.3884835741944,70,85,8.2,7.6,21,0,0,0,0,0,0,0,4,0,0,0,0,0,0,"1",0.344861112359014
"992",1237,0,63936.4095552236,-2.88e+08,37045.73828,0.0872285,0.0440338,0.0325846,2.6261098,-0.0754457,0.4880152,-3.760184,255,0.068768083,0.039676474,0.311017567,0,-81.2440470257953,35.3875990596883,36,37,3.4,7.3,11,8.1,0,0,0,0,1.4,0,2,0.057,0,0,0,0,0,"1",0.458414144465039
"993",1256,0,63936.4095552236,-273724549.419492,26047.85352,0.0629141,0.0466153,0.0104075,5.3320451,0.0315488,0.4984329,-3.578455,279,0.070574276,0.027725882,0.288927626,0.08,-81.2404141243047,35.3566262006218,31,42,7.8,6.6,10,0,0,0,0,0,0.27,0,2,0.04,0,0,0,0,0,"1",0.0229690836095186
"994",1257,0,63936.4095552236,-1.6e+07,26047.85352,0.0629141,0.0466153,0.0104075,2.7851665,-0.0082315,0.4997194,-3.712788,282,0.070489566,0.027435959,0.288610429,0,-81.2401503811698,35.3564688380088,29,43,9.5,6.8,8,0,0,1.3,0.33,0,2.2,0,2,0,0,0,0,0,0,"1",0.0518466873132775
"995",1269,0,63936.4095552236,-3.84e+08,26051.0332,0.0619826,0.0456149,0.0104715,1.6745193,-0.0973952,0.4953986,-3.988567,281,0.070111974,0.026964618,0.28816922,0.09,-81.2397606074086,35.3562306144213,65,71,9.6,7,21,0,0,0,0,0,3.56,0,3,0.12,0,0,0,0,0,"1",0.068850543659024
"996",1270,0,63936.4095552236,-3.04e+08,37036.79297,0.0848899,0.042093,0.0313079,0.6569588,-0.0781891,0.4723381,-3.937678,254,0.06648816,0.037295083,0.308752057,0,-81.242532749751,35.3859234299716,25,36,5.3,7.2,8,0,0,0,0,0.27,0,0,1,0,0,0,0,0,0,"1",0.401929881820966
"997",1273,0,63936.4095552236,-1.44e+08,32175.99609,0.0713687,0.0423464,0.0275841,2.6465178,-0.0342931,0.4971226,-3.257434,266,0.061813874,0.027350172,0.296373347,0,-81.2366129339999,35.3733129774754,24,33,5.3,6.8,6,0,0,0,0,0,0,0,2,0,0,0,0,0,0,"1",0.190003650814014
"998",1274,0,63936.4095552236,-4.32e+08,36629.79688,0.0839793,0.0424253,0.0314145,0.9290393,-0.1097399,0.4689586,-3.760621,253,0.066651465,0.037083731,0.308402026,0,-81.2427103921529,35.3851844966651,22,31,5.9,6.8,5,0,0,0,0,0,0,0,2,0,0,0,0,0,0,"1",0.350786319447441
"999",1287,0,63936.4095552236,-1.92e+08,27450.48047,0.069383,0.0698536,0.0011564,5.0861926,-0.0480109,0.4886386,-3.939017,275,0.094345248,0.024257024,0.309490905,0.62,-81.2659241019088,35.3571372023262,36,38,3.3,7,10,5.4,0,0,0,0,0.52,0,3,0.04,0,0,0,0,0,"1",0.265526843893715
"1000",1291,0,63936.4095552236,-273724549.419492,25653.77344,0.0601431,0.0436372,0.0109704,5.4507232,0.005486,0.5136756,-2.925923,280,0.068186719,0.024668171,0.28604586,0,-81.2378539801334,35.3551435066554,100,105,7.5,7.8,35,9.5,0,0,0,0,0,0,3,0.07,0,0,0,0,0,"1",0.0762158752277329
"1001",1299,0,63936.4095552236,-1.76e+08,33878.74219,0.0672793,0.0286307,0.0155576,1.0386748,-0.0480098,0.4859618,-3.09544,254,0.04659326,0.015757852,0.287954319,0,-81.2220077836077,35.377247511933,60,32,7,6.5,13,0,0,0,0,0,0,0,7,0,0,13,0,0,0,"1",0.166860478333142
"1002",1302,0,63936.4095552236,-273724549.419492,31315.0293,0.0615822,0.0361266,0.0231277,4.275084,0.1097395,0.5189633,-3.184618,254,0.05124593,0.015012251,0.284819375,0,-81.2253697379639,35.3693396585135,15,14,2.2,6.2,3,0,0,0,0,0,0.21,0,2,0.01,0,0,0,0,0,"0",0.134767976971313
"1003",1311,0,63936.4095552236,-2.56e+08,25498.33398,0.0523575,0.0353974,0.0157285,2.8044105,-0.0617258,0.4776004,-3.111035,260,0.060658087,0.016167116,0.27811274,0,-81.2294598267392,35.354030060015,37,41,2.4,7,7,0,0,0,0.06,0,0,0,5,0,0,0,0,0,0,"1",0.0919667492148761
"1004",1315,0,63936.4095552236,-273724549.419492,31315.0293,0.062241,0.0368776,0.0238395,2.1024425,0.0795603,0.5129746,-3.490436,254,0.051585506,0.015629688,0.285600972,0.32,-81.2253537434328,35.369913690697,22,30,4.5,6.5,6,0,0,0,0,0,0.51,0,2,0.06,0,0,0,0,0,"1",0.00592714177204691
"1005",1316,0,63936.4095552236,-273724549.419492,31315.0293,0.062241,0.0368776,0.0238395,2.1024425,0.0795603,0.5129746,-3.490436,254,0.051585506,0.015629688,0.285600972,0.32,-81.2253572365903,35.3699150582677,22,30,4.5,6.5,6,0,0,0,0,0,0.51,0,2,0.06,0,0,0,0,0,"1",0.00592859204094501
"1006",1328,0,63936.4095552236,-273724549.419492,25653.77344,0.060365,0.0440338,0.0095358,2.7068136,0.0534977,0.5363795,-3.172888,275,0.069053782,0.024935394,0.286099254,1.5,-81.2381426131303,35.3546238616993,18,29,4.9,6.6,4,0,0,0,0,0,0.32,0,2,0,0,0,0,0,0,"1",0.0135006383336052
"1007",1329,0,63936.4095552236,-273724549.419492,25653.77344,0.060365,0.0440338,0.0095358,1.0386748,0.024691,0.5346669,-3.279893,276,0.069229303,0.025247963,0.286413617,0,-81.2381519121084,35.3546123053154,160,127,16,8,59,58,0,0,0,0.63,0,0,3,0.21,0,0,0,0,0,"1",0.0135045577791942
"1008",1338,0,63936.4095552236,-4.16e+08,31717.11133,0.0631898,0.0360154,0.0229536,3.2484376,-0.100138,0.5055376,-4.019136,254,0.051560876,0.016090585,0.286450754,0,-81.2252698848944,35.3708817647181,32,32,2.2,6.8,6,0,0,0,0,0,0,0,4,0,0,0,0,0,0,"1",0.140886666739599
"1009",1340,0,63936.4095552236,-8e+07,33006.98828,0.0724196,0.0400917,0.0274139,0.7344942,-0.0205753,0.491975,-3.498279,268,0.060279103,0.026859061,0.296980552,0.12,-81.2350839968386,35.375473753202,39,52,7.1,7.4,11,0,0,0,0,0,0,0,1,0.09,0,0,0,0,0,"1",0.215386289855503
"1010",1352,0,63936.4095552236,-273724549.419492,33842.05078,0.0742431,0.0388724,0.0264203,3.6676545,0.0919073,0.4916155,-4.017014,271,0.059878069,0.027312471,0.297995663,0.12,-81.234275420843,35.3769929579355,50,66,5.6,7.4,15,0,0,0,0,0,0,0,3,0.14,0,0,0,0,0,"1",0.241897800836911
"1011",1373,0,63936.4095552236,-273724549.419492,35152.91797,0.074414,0.033134,0.020847,3.9493225,0.0150908,0.5217226,-3.166279,266,0.054758571,0.024671188,0.296633597,0,-81.2301432272598,35.3801037641613,42,54,9.2,6.8,13,0,0.00176547231270358,0.568175895765472,0,0,1.89,0,3,0,0,9.23,0,0,0,"1",0.208500478445614
"1012",1396,0,63936.4095552236,-1.76e+08,34306.3125,0.0731362,0.0353029,0.0227781,0.3284902,-0.0411516,0.4736541,-2.807821,267,0.056490655,0.025171562,0.296730296,0,-81.2320889778359,35.3794679448356,29,44,10,6.6,7,0,0,0,0,0,0,0,3,0,0,0,0,0,0,"1",0.217462984129485
"1013",1407,0,63936.4095552236,-273724549.419492,25263.38086,0.0644781,0.0486232,0.0088068,3.2813458,0.0246917,0.5026672,-3.290638,283,0.075417808,0.030582318,0.290523153,0.05,-81.2445460944342,35.3536990180141,43,64,9.2,7.2,12,0,0,0,0,0,0,0,3,0,0,0,0,0,0,"1",0.105550706987844
"1014",1416,0,63936.4095552236,-7.2e+08,24840.20117,0.0590209,0.0429266,0.0073136,2.8235226,-0.1838119,0.5002736,-4.278701,260,0.070035814,0.024063623,0.284646491,0,-81.2382112735996,35.3523512468044,41,43,4.9,7,13,10,0,0,0,0,0,0,2,0,0,0,0,0,0,"1",0.0832908558149765
"1015",1438,0,63936.4095552236,-9.6e+07,16996.72461,0.0437749,0.0438817,0.0228952,3.7112839,-0.0260628,0.4887702,-3.084214,267,0.097968513,0.012662608,0.286912754,0,-81.2570988059826,35.3284497136066,20,32,6.5,6.9,6,0,0,0,0,0,0,0,2,0,0,0,0,0,0,"1",0.0781994006674014
"1016",1467,0,63936.4095552236,-273724549.419492,16100.86328,0.042093,0.0409824,0.0231277,6.0347114,0.130314,0.5235959,-3.13774,258,0.09812625,0.014656584,0.284465509,0.05,-81.25565478901,35.3266601470287,42,46,8.1,6.8,14,0,0,0,0.05,0,0,0,2,0,0,0,0,0,0,"1",0.0703006531016108
"1017",1468,0,63936.4095552236,-2.4e+08,24423.25391,0.0612884,0.0455563,0.0058964,2.8044105,-0.0589856,0.4937444,-3.444489,278,0.074038328,0.027738717,0.287416782,0.18,-81.2419637010357,35.3513197306682,48,63,8.7,6.8,16,0,0,0,0,0,0.28,0,2,0.05,0,0,0,0,0,"1",0.088583647706827
"1018",1480,0,63936.4095552236,-6.4e+08,15961.36914,0.0401417,0.041015,0.026217,3.6676545,-0.1659793,0.4636243,-3.7113,255,0.100681058,0.012832884,0.28634528,0,-81.2575605257205,35.3259260367767,30,41,8,6.8,9,0,0,0,0,2.5,0,0,2,0,0,0,0,0,0,"1",0.0710182048631885
"1019",1509,0,63936.4095552236,-273724549.419492,16203.41699,0.0432061,0.041275,0.0202285,1.9973403,0.0466376,0.5050873,-2.544254,269,0.093682634,0.015422387,0.281945924,0.08,-81.2510627021654,35.3282957427929,60,75,9.1,7.3,17,0,0,0,0,0,0,0,5,0,0,0,0,0,0,"1",0.049432471090355
"1020",1510,0,63936.4095552236,-273724549.419492,16203.41699,0.0432061,0.041275,0.0202285,2.1024425,0.0205753,0.5032924,-2.706346,268,0.093584675,0.01521253,0.281633689,0,-81.250809776124,35.3281154129494,53,59,3.4,7,14,6.1,0,0,0,0.3,0,0,4,0.02,0,0,0,0,0,"1",0.0494589705887468
"1021",1524,0,63936.4095552236,-2.4e+08,14931.88086,0.0387691,0.0376669,0.0255977,3.0257473,-0.0589867,0.4825689,-4.183549,254,0.099721907,0.011869264,0.282754201,0,-81.254655763368,35.3233342735137,10,8,9.1,5.6,2,0,0,0,0,0,0,0,1,0.09,0,6.2,0,0,0,"0",0.0447645652572123
"1022",1533,0,63936.4095552236,-1.6e+07,26663.78711,0.0697291,0.0633483,0.0023128,1.6745193,-0.0027424,0.4857393,-4.040588,283,0.088494681,0.025763117,0.304465274,0.11,-81.2596842719554,35.3567366182803,52,61,4.3,7.4,18,0,0,0,0.07,0,0,0,2,0,0,0,0,0,0,"1",0.183978583547092
"1023",1543,0,63936.4095552236,-273724549.419492,23619.89844,0.0577382,0.0419179,0.0051715,0.9290393,0.0617273,0.4804436,-3.155081,272,0.071316908,0.023593177,0.283330839,0,-81.2379228493214,35.3495558023611,26,33,3.8,6.9,7,0,0,0,0,0,0,0,2,0,0,0,0,0,0,"1",0.0798548701024697
"1024",1547,0,63936.4095552236,-273724549.419492,26429.79492,0.0699971,0.061201,0.0032707,2.8235226,0.0150896,0.4805383,-3.19124,290,0.085671409,0.026300068,0.301259169,0,-81.2563677319058,35.3557810850684,8,17,5.2,6.6,3,0,0,0,0,0,0,0,0,0,0,0,0,0,0,"1",0.159609249688077
"1025",1569,0,63936.4095552236,-273724549.419492,18133.10742,0.0474117,0.0456296,0.0157285,2.6465178,0.0480106,0.4690901,-3.525128,281,0.089931326,0.018969105,0.283385759,0.07,-81.2492215182787,35.3327654093592,46,52,8.4,6.9,16,0,0.00176547231270358,0.568175895765472,0,0,0.27,0,2,0.273,0,0,0,0,0,"1",0.0621403385965217
"1026",1574,0,63936.4095552236,-1.12e+08,23198.87109,0.0591002,0.0435912,0.0034692,2.0766673,-0.0301777,0.5121199,-2.637885,276,0.074023362,0.025573109,0.284292502,0,-81.240643898493,35.3484146895302,87,97,3.9,7.9,27,0,0,0,0,0,0,0,5,0,0,0,0,0,0,"1",0.0773211512333697
"1027",1576,0,63936.4095552236,-273724549.419492,23202.43945,0.0600986,0.044667,0.0036568,2.1024425,0.0521274,0.5392545,-2.575248,275,0.074595168,0.026401543,0.285100919,0.21,-81.2409468460848,35.3488900039171,120,132,13,8.1,43,6.1,0,0,0,0,0.83,0,4,0.11,0,0,0.1,0,0,"1",0.077121815038531
"1028",1589,0,63936.4095552236,-5.44e+08,23637.42383,0.0621119,0.04683,0.0049061,0.6569588,-0.1344311,0.4869599,-3.421337,279,0.077155349,0.029579984,0.287943639,0,-81.2443116122279,35.3494428631106,110,125,11,7.9,39,9.5,0,0,0,0,0,0,4,0.16,0,0,0,0,0,"1",0.0962190552512824
"1029",1600,0,63936.4095552236,-2.72e+08,18476.97852,0.0494413,0.047763,0.0131848,1.3934064,-0.065843,0.4837903,-3.480933,276,0.08789337,0.020308538,0.283417643,0.05,-81.2483119046952,35.3347890026417,9,16,7.3,6.5,3,0,0.00176547231270358,0.568175895765472,0.06,0,0,0,0,0,0,0,0,0,0,"1",0.0185807701191501
"1030",1608,0,63936.4095552236,-1.6e+07,25702.15625,0.0677053,0.060365,0.0051715,2.0766673,-0.0041157,0.5000458,-2.656021,287,0.087038455,0.024072915,0.300562682,0,-81.2569229525142,35.3530838226283,12,12,2.8,6.3,4,0,0,0,0,0,0.15,0,0,0.04,0,0,0,0,0,"0",0.135426274350175
"1031",1610,0,63936.4095552236,-2.72e+08,18476.97852,0.0492381,0.0474681,0.0125082,1.9973403,-0.0644716,0.4886374,-3.550776,275,0.087387457,0.020810947,0.283116356,0,-81.248196696895,35.3351460251574,16,15,7.5,6.1,4,0,0,2.62,0,0,0.17,0,1,0.02,0,5.1,0,0,0,"0",0.0409545191561548
"1032",1611,0,63936.4095552236,-3.84e+08,18476.97852,0.0492381,0.0474681,0.0125082,2.3215306,-0.0973936,0.4866485,-3.569882,275,0.087719714,0.020604296,0.283058862,0,-81.2483569702662,35.3347892823323,48,55,7.3,7,16,0,0,1.77,0,0,0,0,2,0.11,0,0,0,0,0,"1",0.0186446542947517
"1033",1619,0,63936.4095552236,-273724549.419492,18880.48438,0.0503791,0.0475385,0.0115638,1.6420193,0.0342931,0.5074306,-3.310938,273,0.087094169,0.02078574,0.283646449,0,-81.2479041363976,35.3357015251513,56,67,5.7,7,18,0,0,2.23,0,0,0,0,2,0.09,0,0,0,0,0,"1",0.0520515756841289
"1034",1624,0,63936.4095552236,-1.44e+08,22116.87109,0.057413,0.0572147,0.0152099,3.6234941,-0.0288067,0.4974826,-4.326577,297,0.090576955,0.01657085,0.294913291,0.08,-81.2569808463149,35.3433687477467,0,6,1.9,5.9,1,0,0,0,0.16,0,0,0.008,1,0,0,0,0,0,0,"0",0.0983802656734981
"1035",1626,0,63936.4095552236,-273724549.419492,19236.83203,0.0515208,0.0476368,0.0106613,2.9538245,0.0150896,0.510105,-2.386688,276,0.085767618,0.021903649,0.283385585,0.83,-81.2474025576074,35.336877468132,8,17,6.8,6.7,2,0,0,0,0.93,0,0,0,0,0,0,0,0,0,0,"1",0.0627555691737821
"1036",1631,0,63936.4095552236,-273724549.419492,25302.69141,0.0665599,0.0599761,0.0062273,5.0014973,0.0096017,0.5124698,-2.875516,285,0.087666482,0.023286996,0.300530162,0,-81.2573242553527,35.352408090754,14,12,2.1,6.6,5,0,0,0,0,0,0.76,0,0,0.08,0,0,0,0,0,"1",0.135540406536953
"1037",1641,0,63936.4095552236,-273724549.419492,16706.74805,0.0440793,0.0427862,0.0127727,4.0032506,0.1728391,0.4903423,-2.961139,283,0.086073661,0.018659311,0.276693576,0.3,-81.2435276440274,35.3303924942296,76,73,3.4,7.5,18,5,0,0,0,0.23,0,0,7,0.04,0,0,0,0,0,"1",0.0553120852217664
"1038",1644,0,63936.4095552236,-3.2e+07,22116.87109,0.0585546,0.0578308,0.014068,4.1089568,-0.0109739,0.4912566,-4.30157,296,0.090178527,0.01696536,0.294751078,0,-81.256315494722,35.3436053480186,24,11,1.9,6.4,3,0,0,0,0.07,0,0,0,4,0,0,11.4,0,0,0,"0",0.0956890618512947
"1039",1652,0,63936.4095552236,-2.72e+08,22605.7832,0.0595285,0.0592019,0.0127727,2.6465178,-0.0740737,0.5004277,-3.851753,284,0.09152163,0.01649203,0.297235083,0,-81.2587274844342,35.3449397784225,7,5,3.6,5.9,2,0,0,0,0.06,0,0,0,0,0.1,0,0,0,0,0,"0",0.117552107493622
"1040",1655,0,63936.4095552236,-273724549.419492,21708.66406,0.0572381,0.0485406,0.0073136,2.3900836,0.0438952,0.524572,-3.400022,278,0.083082876,0.023441538,0.28768557,0.14,-81.2461859181414,35.3431274942766,170,107,16,7.9,61,82,0,1.9,0,0,0,0,3,0.05,0,0,0,0,0,"1",0.0918068964006078
"1041",1661,0,63936.4095552236,-6.4e+07,22828.18359,0.0598869,0.0569453,0.0131848,3.7400842,-0.0178321,0.4867882,-3.888685,291,0.089086523,0.018434585,0.295351354,0,-81.255184058702,35.3452457602859,21,5,8,5.9,3,0,0,0,0.09,0,0,0,3,0,0,21.5,0,0,0,"0",0.100238031100399
"1042",1665,0,63936.4095552236,-273724549.419492,23084.3418,0.0614627,0.0549739,0.0127727,3.7400842,0.203018,0.5399293,-2.693361,305,0.086136984,0.021143895,0.293630348,0,-81.2531709256708,35.3463287391082,130,100,3.3,7.8,40,18.93,0,1.49,0,0,0,0,8,0,0,6.65,0,0,0,"1",0.108458141067225
"1043",1668,0,63936.4095552236,-4.8e+08,23227.41406,0.061026,0.0572147,0.012073,5.1175842,-0.1193418,0.4641967,-4.084317,287,0.088691526,0.01918244,0.296008082,0.006,-81.2566830680022,35.346692535922,61,67,9.1,7.5,15,8.1,0,0,0,0,0,0,6,0,0,0,0,0,0,"1",0.0375065222631239
"1044",1669,0,63936.4095552236,-3.04e+08,23309.2832,0.0619826,0.0586231,0.0106613,2.8044105,-0.0781894,0.4751863,-4.281253,282,0.089008085,0.01924891,0.29687395,0.21,-81.2567148815244,35.3467280228859,18,32,8.6,6.9,5,0,0,0,0.23,0,0,0,1,0,0,0,0,0,0,"1",0.0375694629009884
"1045",1683,0,63936.4095552236,-273724549.419492,17098.74805,0.0462698,0.0381607,0.0081769,1.6745193,0.0397806,0.4668721,-2.505724,273,0.081288917,0.021944413,0.273170656,0,-81.2385066492566,35.3324753255831,13,16,3.8,7.2,4,0,0.00176547231270358,0.568175895765472,0,0,0,0,0,0,0,0,0,0,0,"1",0.0398194090617885
"1046",1684,0,63936.4095552236,-273724549.419492,17505.63477,0.0462698,0.0381607,0.0081769,0.9853842,0.1234579,0.4874773,-2.123741,273,0.080733506,0.022774838,0.273808106,0,-81.2381715608465,35.3328956473143,14,14,1.5,6.3,2,0,0,0,0.01,0,0,0,2,0,0,0,0,0,0,"0",0.0389149970140411
"1047",1693,0,63936.4095552236,-3.2e+07,17543.44336,0.0463853,0.0358479,0.0058964,3.9628742,-0.0054875,0.48544,-3.753164,269,0.079288928,0.021966199,0.271684789,0,-81.2358550098759,35.3323959730083,58,57,3.5,7.8,15,0,0,0,0.12,0,0,0,5,0,0,0,0,0,0,"1",0.0379254593173295
"1048",1694,0,63936.4095552236,-6.4e+07,21632.22656,0.0512214,0.036219,0.0062273,0.7344942,-0.0164618,0.446914,-2.866404,264,0.071917073,0.019907803,0.276948591,0,-81.2351489107271,35.3434690264258,61,60,2.9,7.2,17,0,0,0,0,0.2,2.3,0,4,0,0,0,0,0,0,"1",0.0720695941144556
"1049",1696,0,63936.4095552236,-3.04e+08,17576.45898,0.0464861,0.0346915,0.0047679,1.4687471,-0.0768184,0.4929145,-3.609133,262,0.078246822,0.021891788,0.270901542,0,-81.2355624034745,35.3329537113005,19,9,2.5,6.1,4,0,0,3.26,0,0,0,0,2,0,0,0,0,0,0,"0",0.0368229666025304
"1050",1702,0,63936.4095552236,-2.08e+08,17949.47656,0.0475385,0.0358666,0.0062273,3.2976756,-0.0480109,0.4942616,-3.763707,265,0.077867569,0.02300849,0.272107498,0.16,-81.2359821192514,35.3339565651387,43,47,3.7,7.2,11,0,0,0,0,0,1.8,0,4,0,0,0,0,0,0,"1",0.0398291223627686
"1051",1708,0,63936.4095552236,-273724549.419492,20414.90234,0.0491293,0.0344983,0.0083388,1.1842326,0.0521267,0.5250793,-2.710501,265,0.073128485,0.019632292,0.27445333,0,-81.2337814339963,35.3402009997363,64,138,51,7.4,16,11,0,0,0,5,0,0,6,0,0,5.9,0,0,0,"1",0.0362556671549403
"1052",1709,0,63936.4095552236,-273724549.419492,20046.44531,0.0486232,0.0342454,0.0088068,2.3215306,0.2057616,0.5353875,-2.30841,263,0.07286252,0.019199033,0.273903924,0,-81.2338459844977,35.3400362321777,25,128,64.4,8.7,6,8,0,0,0,5.892,0,0,2,0,0,0,0,0,0,"0",0.0362347000053379
"1053",10,0,8763.626953,-273724549.419492,9835.543945,0.0307259,0.0256759,0.0219408,2.7068136,0.1200955,0.553283,-2.772615,220,0.209477523,0.023656238,0.207976618,0,-81.2157884373586,35.1600120468591,24,39,8.3,7,7,0,0,0,0,0.142,0,0,2,0,0,0,0,0,0,"1",0.095046505790199
"1054",31,0,16210.87891,-5.92e+08,15124.77148,0.0092511,0.0150774,0.0098122,1.3137449,-0.1481478,0.5073079,-3.27889,227,0.11238508,0.021313728,0.144973816,0,-81.1240258580347,35.2714844700638,100,107,9.8,7.2,24,9.3,0,0,0,0,0.55,0,10,0.29,0,6.5,0,0,0,"1",0.0154051480690269
"1055",37,0,18696.07813,-273724549.419492,14674.51172,0.0090316,0.0058964,0.0023128,2.8044105,0.1042516,0.4719148,-2.808037,248,0.112264936,0.020444187,0.156297595,0,-81.1312638938962,35.2808913912505,48,49,6.4,6.8,11,0,0.00176547231270358,0.568175895765472,0,0,0,0,5,0,0,0,0,0,0,"1",0.0136152420408195
"1056",39,0,19218.64648,-273724549.419492,20353.95508,0.0315631,0.0223335,0.0144895,9.0511141,0.0658439,0.5028666,-3.735801,239,0.098323372,0.002654233,0.163549344,0,-81.1219384021599,35.301670030697,24,19,5.6,7,5,11.4,0,0,0.036,0.241,1.26,0,3,0.102,0,0,0,0,0,"1",0.0261323004449049
"1057",43,0,20130.87695,-273724549.419492,12636.60742,0.023243,0.0222435,0.0157285,3.9898379,0.2427988,0.5255746,-2.246514,237,0.08964146,0.020501876,0.180387577,0,-81.1478886926228,35.2987102540424,41,49,7.3,7,9,14.5,0,0,0,0,0.69,0,5,0.114,0,0,0,0,0,"1",0.0392052843511166
"1058",44,0,20229.83008,-273724549.419492,13529.23145,0.0122925,0.0331138,0.0023128,3.8251698,0.1165977,0.5052959,-3.607726,254,0.15222264,0.006018498,0.150786847,0,-81.1562957132702,35.2173285630766,41,53,8,7.5,14,0,0,0,0,0,0.76,0,1,0,0,0,0,0,0,"1",0.0436121661836956
"1059",47,0,21317.70508,-1.44e+08,19506.19141,0.0254667,0.0135351,0.0116215,2.5639057,-0.0329217,0.5128943,-3.356079,234,0.098522698,0.012496692,0.151545151,0,-81.1174289120172,35.2888545087993,180,74,11,7.6,67,120,0,0,0,0.24,0,0,3,0.25,0,0,0,0,0,"1",0.0230963697104814
"1060",49,0,21910.00977,-1.44e+08,19506.19141,0.0238395,0.0143037,0.0104075,2.9538245,-0.0301783,0.5068032,-3.459513,239,0.099414109,0.012278979,0.152051434,0,-81.118349241694,35.2888130349752,89,86,9.3,8,35,22,0,0,0,0.36,0.13,0,0,0.09,0,0,0,0,0,"1",0.022536558706059
"1061",50,0,22087.99805,-273724549.419492,24989.79297,0.0551318,0.0286074,0.0196585,5.2918806,0.0480106,0.5069408,-3.182677,279,0.210793463,0.003029321,0.308754111,0,-81.3151427102402,35.2264467212762,87,84,8.3,8,23,23,0,0,0,0.39,0,0,6,0,0,0,0,0,0,"1",0.0183793960863635
"1062",51,0,22440.23828,-273724549.419492,21628.39648,0.0289789,0.0062273,0.0062273,3.5486591,0.1097397,0.5131063,-2.670598,228,0.092055375,0.005648488,0.145114431,0,-81.1097500310802,35.2878193266858,95,89,8.3,8,32,16,0,0,0,0,0.11,0,4,0.09,0,0,0,0,0,"1",0.0378389577623118
"1063",56,0,23108.22656,-273724549.419492,4402.353516,0.0240628,0.0098801,0.0092511,4.8716373,0.0096015,0.4758038,-3.68745,232,0.149356638,0.014061856,0.259437445,0.23,-81.2575017441604,35.2588629077871,58,50,5.1,7,20,0,0,0,0,0,0.81,0,2,0,0,9.8,0,0,0,"1",0.0274402748254017
"1064",58,0,23688.25586,-273724549.419492,26060.57031,0.0852044,0.05671,0.0588962,2.6465178,0.1207136,0.5118347,-3.219327,267,0.246179375,0.023390429,0.278948512,0.63,-81.287958358746,35.1652188901621,27,43,6.7,7,7,0,0,2.5,0,0,0,0,3,0,0,0,0,0,0,"1",0
"1065",59,0,23769.94336,-273724549.419492,21109.02148,0.0463131,0.020847,0.0134856,2.6261098,0.0411528,0.5079131,-3.842961,274,0.198927657,0.013091294,0.302364682,0,-81.3089603301104,35.2336082870742,46,47,3.3,7.5,10,0,0,0,0,0,0,0,5,0,0,0,0,0,0,"1",0.0115001316164099
"1066",60,0,24135.43164,-273724549.419492,24756.70508,0.0374533,0.0067428,0.0138766,0.4645502,0.0836758,0.5108876,-3.497385,228,0.083175918,0.006370285,0.150528225,0,-81.1044480139613,35.2996417534942,35,24,6,7.1,9,0,0,1.5,0,0,0,0,2,0,0,0,0,0,0,"1",0.0304394660771744
"1067",61,0,24367.45508,-1.12e+08,18387.10938,0.0170738,0.0141155,0.0081769,1.1842326,-0.0274355,0.5154878,-2.425918,241,0.102115842,0.010978831,0.142333628,0,-81.1158683923413,35.27747656979,30,23,11,6.2,8,0,0,0,0,0,0,0,2,0,0,8.9,0,0,0,"0",0.0255146244117327
"1068",63,0,24514.26563,-273724549.419492,22954.81641,0.050999,0.0222435,0.0171909,2.3215306,0.3484215,0.5355447,-3.369596,283,0.203917527,0.009264763,0.303217151,0.39,-81.3087845616857,35.2295165272394,140,137,3.2,7.7,45,11,0,0,0,0,0.39,0,7,0.72,0,0,0,0,0,"1",0.0156717692114694
"1069",66,0,24913.68555,-273724549.419492,12721.52734,0.0185382,0.0176514,0.015033,1.6745193,0.0562403,0.4934306,-3.156916,239,0.094508126,0.022570185,0.176077164,0.05,-81.1458691562535,35.2945242288036,30,40,7.9,6.7,6,7.9,0,0,0,0,0.38,0,4,0.03,0,0,0,0,0,"1",0.0238013693920304
"1070",67,0,24913.68555,-273724549.419492,12779.9873,0.0185382,0.0176514,0.015033,3.9357235,0.0809321,0.5002255,-2.486263,240,0.09377397,0.022482249,0.176618404,0,-81.1459174195007,35.29523858085,70,76,8.7,7.4,21,15,0,0,0,0.45,1.5,0,4,0.23,0,0,0,0,0,"1",0.0242045255783942
"1071",68,0,24949.08789,-1.44e+08,24396.10938,0.0385962,0.0074045,0.0139247,1.0386748,-0.0329222,0.5091768,-3.91452,229,0.083650978,0.005878136,0.151099292,0.05,-81.1047553017267,35.3001156811862,26,34,5.9,7.6,6,0,0,0,0,0,0,0,3,0,0,0,0,0,0,"1",0.030064349735429
"1072",69,0,25023.23047,-273724549.419492,18937.42578,0.0202285,0.0109093,0.0088068,0.6569588,0.0137177,0.5068358,-2.672742,235,0.099669205,0.008511823,0.142115308,0,-81.1140127939258,35.279201907652,38,34,7.5,6.4,10,0,0.00176547231270358,0.568175895765472,0.05,0,0,0,3,0,0,7.1,0,0,0,"0",0.0235165567246161
"1073",72,0,25886.08789,-2.56e+08,35928.93359,0.1077921,0.0690159,0.0721513,3.2813458,-0.0631013,0.4915085,-3.955881,274,0.255681601,0.034277835,0.313191874,0,-81.3225845741416,35.1746799543383,38,53,8.4,7.2,11,0,0,0,0.01,0,0,0,3,0,0,0,0,0,0,"1",0
"1074",75,0,27000.46094,-273724549.419492,11802.93359,0.0146272,0.015033,0.0104075,2.5001462,0.0452676,0.5201107,-3.411722,251,0.097569461,0.027490657,0.176326657,0.11,-81.149303982706,35.2898166579941,103,98,5.1,7.6,35,0,0,0,0.14,0,0,0.009,4,0,0,0,0,0,0,"1",0.0249977590946
"1075",77,0,27193.74609,-1.6e+07,11830.96973,0.0154281,0.0157285,0.0116215,1.7684314,-0.0027438,0.5106996,-2.800694,249,0.096356718,0.026173592,0.176572256,0,-81.1485327233342,35.2913756185105,23,27,6.5,7.1,29,11,0,0,0,0,0.54,0,3,0,0,0,0,0,0,"1",0.0304028290402154
"1076",78,0,27218.35156,-273724549.419492,10199.33398,0.0051715,0.0057819,0.0016354,2.5639057,0.0699572,0.5285199,-2.878742,255,0.107330115,0.029977944,0.168559608,0.06,-81.1468614220218,35.2804332106659,16,14,2.7,6.4,5,0,0.00176547231270358,0.568175895765472,0.04,0,0.25,0,1,0.01,0,0,0,0,0,"0",0.0302791567000582
"1077",81,0,28317.75391,-273724549.419492,26753.7168,0.0870597,0.0573315,0.059831,0.7344942,0.1673528,0.520042,-2.771673,264,0.246512845,0.022051312,0.281768265,0,-81.2910564664325,35.1654382125638,18,34,7.9,7.2,5,0,0,0,0,0,0,0,1,0,0,0,0,0,0,"1",0
"1078",83,0,28434.94727,-273724549.419492,12570.89453,0.0088068,0.0065415,0.0047679,5.4896989,0.0054866,0.4837107,-4.220056,235,0.105351777,0.02326419,0.166343301,0,-81.1412797541053,35.284254152704,56,57,8.8,6.5,15,0,0,0,0,0.96,0,0,5,0,0,5.9,0,0,0,"1",0.026543173034682
"1079",84,0,28822.58008,-273724549.419492,8469.074219,0.026217,0.0259865,0.0263696,2.6465178,0.1508923,0.5225143,-3.072751,237,0.218078785,0.031242138,0.216576504,0,-81.2255496125443,35.1713952445687,26,30,5.2,6.7,7,0,0,0,0,0,0,0,2,0.05,0,0,0,0,0,"1",0.0839278289872456
"1080",87,0,29433.72461,-4e+08,24786.79688,0.0390098,0.0093231,0.0162306,1.6420193,-0.102881,0.4682155,-3.587986,223,0.083644889,0.003507061,0.153326726,0.15,-81.1060516941677,35.3020061218855,44,33,5.7,6.9,16,17.4,0,0,0.05,0.239,0,0,1,0,0,0,0,0,0,"1",0.0367159364750455
"1081",90,0,30156.66797,-273724549.419492,3453.490234,0.0119057,0.0106613,0.0115638,10.3214102,0.0850478,0.4940868,-3.868749,218,0.204220023,0.023245127,0.202718902,0,-81.2120656305603,35.1774637648286,47,53,8.3,7.7,15,5.8,0,0,0,0.59,0.14,0,2,0.01,0,0,0,0,0,"1",0.132009213932373
"1082",102,0,34840.01953,-2.56e+08,32934.14063,0.0842257,0.0475385,0.0486919,1.1842326,-0.0685873,0.4799573,-4.203271,319,0.234639877,0.020916635,0.309259504,0.5,-81.3177717214493,35.1982087505083,15,18,2.1,5.9,3,0,0,0,0,0,0.44,0,2,0,0,0,0,0,0,"0",0
"1083",109,0,37370.10156,-273724549.419492,32828.34766,0.0188246,0.0025858,0.0016354,3.5486591,0.0562407,0.5215974,-2.715289,259,0.075302237,0.01802341,0.194564591,0,-81.0936151148372,35.3583423336868,150,133,8.7,8.1,53,0,0,0,0,0,0,0,3,0,0,6.2,0,0,0,"1",0.52886958220078
"1084",110,0,37370.10156,-273724549.419492,32828.34766,0.0188246,0.0025858,0.0016354,3.5486591,0.0562407,0.5215974,-2.715289,259,0.075302237,0.01802341,0.194564591,0,-81.0936159983648,35.3583424372185,32,40,7.2,6.4,10,0,0,0,0,0,0,0,2,0.11,0,0,0,0,0,"0",0.461298837389314
"1085",112,0,37519.15625,-273724549.419492,27095.16797,0.0755996,0.0296404,0.0429266,2.0766673,0.2139915,0.5320999,-3.229742,286,0.216216254,0.006818533,0.28871977,0.12,-81.2970733443253,35.2052374814109,27,27,1.5,7.1,8,0,0,0,0.08,0,0,0,2,0,0,0,0,0,0,"1",0
"1086",114,0,38370.75,-273724549.419492,6906.980469,0.0312438,0.0011564,0.0011564,5.2918806,0.0219474,0.4776573,-2.841272,225,0.157138928,0.011372024,0.265385319,2.9,-81.2651155976057,35.2554252348889,70,106,12,7.6,18,0,0,0,0,0,0.23,0,6,0,0,8.2,0,0,0,"1",0.0348910631105368
"1087",115,0,38623.76563,-273724549.419492,8556.636719,0.020847,0.014068,0.0115638,2.1024425,0.0096021,0.5137324,-3.108818,258,0.153737759,0.017223064,0.281663244,0,-81.2773218331653,35.269101251974,62,64,3.1,7.4,13,0,0,0,0,0,0,0,3,0,0,0,0,0,0,"1",0.0713225549802118
"1088",116,0,38831.98828,-273724549.419492,14561.19336,0.0326461,0.018284,0.0016354,4.3985453,0.1522643,0.5293874,-2.738959,273,0.178078847,0.013913118,0.291390932,0,-81.2934708184384,35.2503156677164,180,140,8.9,7.7,9,37,0,0,0,0,0.32,0,6,0.28,0,6.5,0,0,0,"1",0.0439366325827338
"1089",117,0,38899.69922,-273724549.419492,15342.24902,0.0051715,0.0256759,0.0051715,1.9973403,0.1248286,0.5076781,-2.72991,243,0.145550346,0.005705177,0.144111135,0.09,-81.1500468508086,35.2147302455274,30,42,7.3,6.8,7,0,0,0,0,0,0,0,3,0,0,0,0,0,0,"1",0.0408259856985084
"1090",127,0,41418.78516,-1.6e+07,26266.33594,0.0374533,0.0129288,0.020847,2.8044105,-0.0041152,0.4854387,-3.941733,207,0.08010062,0.004277512,0.154813174,0,-81.1035565228767,35.3061563671231,57,52,9.9,7.4,18,8.5,0,0,0,0.527,0,0,3,0,0,10.1,0,0,0,"1",0.0423334102360135
"1091",134,0,42175.59766,-2.72e+08,27657.88281,0.0767494,0.0307259,0.0440793,3.5486591,-0.0699591,0.499504,-4.024625,282,0.217051161,0.006172463,0.289188354,0,-81.2978742140772,35.2043172338331,7,6,1.2,5.7,2,0,0,0,0,0,0.11,0,1,0,0,0,0,0,0,"0",0
"1092",139,0,42965.09766,-9.28e+08,11511.63379,0.0415173,0.013083,0.013083,7.3054957,-0.2427988,0.4789169,-4.589867,231,0.170469194,0.01506535,0.27375118,0,-81.2761439522085,35.2462669469055,150,72,9,7.7,52,86,0,1.9,0,0,0.16,0,4,0.2,0,0,0,0,0,"1",0.0218937186610895
"1093",142,0,43071.39844,-273724549.419492,13474.02246,0.0315631,0.0199623,0.0036568,2.9355664,0.1673531,0.5568348,-2.935358,268,0.174247534,0.013571317,0.2890482,0,-81.2897958839448,35.2523202106645,55,40,7.9,6.5,13,20.4,0,0,0,0,3.31,0,5,0.45,0,9.7,0,0,0,"1",0.0319887328259226
"1094",143,0,43134.24609,-273724549.419492,21879.67578,0.039824,0.0245851,0.0150774,1.1842326,0.1632366,0.5039355,-4.106226,218,0.093888599,0.007826474,0.167122821,0,-81.1191501679381,35.3084895600318,57,66,8.9,7,16,18,0,0,0,0,0.97,0,4,0.41,0,0,0,0,0,"1",0.0227167466446613
"1095",146,0,43480.95703,-273724549.419492,9605.491211,0.0393341,0.0081769,0.0081769,4.1992383,0.0973944,0.4836277,-3.643499,255,0.164995915,0.00855261,0.265659626,0,-81.2669623297602,35.2465278878687,86,89,8,7.5,21,0,0,0,0,0.31,0.21,0,9,0,0,0,0,0,0,"1",0.0183171128487812
"1096",149,0,44178.71875,-1.6e+07,27543.85547,0.0766361,0.0311366,0.0441854,5.7271438,-0.0096017,0.5087903,-3.904066,285,0.217665573,0.006530075,0.290500914,0,-81.2989444127539,35.2038787746689,41,37,1.3,6.9,13,0,0,0,0,0,0,0,2,0,0,0,0,0,0,"1",0
"1097",154,0,44936.28125,-3.68e+08,14291.3584,0.0490748,0.0220017,0.0231566,0.3284902,-0.0932802,0.4877926,-3.994579,269,0.176670699,0.003925641,0.260385718,0,-81.2646257898764,35.2320788762083,45,58,9.1,7.4,11,0,0,0,0,0,0,0,4,0,0,0,0,0,0,"1",0.005687659762516
"1098",158,0,45536.91016,-4.48e+08,7775.680664,0.0227781,0.0139247,0.0135351,1.8575904,-0.1083674,0.4723213,-4.368032,246,0.154865668,0.020686212,0.278733305,0,-81.2756596278167,35.2656700472796,37,47,6.7,6.9,7,0,0,0,0,0,0,0,5,0,0,0,0,0,0,"1",0.0622531479435253
"1099",163,0,46326.25391,-273724549.419492,13651.11816,0.033134,0.0186461,0.0032707,2.8235226,0.2290804,0.5364061,-2.499759,268,0.175082996,0.014501628,0.288698349,0,-81.2902784487789,35.2515215916556,0,0,0,0,0,0,0,0,0,0,0,0,0,0,0,0,0,0,0,"0",0.0310760638335695
"1100",167,0,47017.79297,-273724549.419492,16746.36133,0.053806,0.0462698,0.0435452,5.2918806,0.0603559,0.5221832,-3.262718,228,0.234287051,0.01653734,0.245148136,0.08,-81.2538455190222,35.163099733153,10,19,7.1,6.6,2,0,0,0,0,0,0,0,1,0,0,0,0,0,0,"1",0.033850917386348
"1101",172,0,47592.77734,-1.92e+08,28576.92188,0.0919961,0.0597415,0.0629141,3.6676545,-0.0493837,0.4999218,-3.775887,255,0.247010068,0.020163281,0.287700483,0,-81.296823928386,35.169138807475,32,48,9.1,6.7,8,0,0,0,0,0,0.09,0,3,0.01,0,0,0,0,0,"1",0
"1102",177,0,48623.55859,-411428576,18201.49219,0.057413,0.0476368,0.0454387,1.8575904,-0.102293,0.4995697,-3.405663,235,0.23686627,0.016217751,0.248242033,0,-81.2568106550909,35.1614217956694,0,13,4.5,6.4,1,0,0,0,0,0,0,0.006,0,0,0,0,0,0,0,"0",0.0331920744191966
"1103",188,0,49938.09375,-273724549.419492,11865.9209,0.042093,0.0165569,0.0165569,3.9493225,0.2139923,0.5276742,-3.651167,262,0.169829968,0.003334973,0.259739117,0,-81.2635669142069,35.2369354256844,55,66,6.3,8.1,17,0,0,0,0,0,0.44,0,3,0,0,0,0,0,0,"1",0.00583302339730099
"1104",194,0,50324.91797,-3.52e+08,27639.91016,0.0806241,0.0331138,0.0474117,1.9147184,-0.0905362,0.491938,-3.584164,274,0.218050961,0.004189472,0.285177291,0,-81.293480075897,35.2008575671673,14,10,2.8,6.3,4,0,0,3.8,0,0,0,0,0,0,0,0,0,0,0,"0",0
"1105",207,0,53092.17578,-6.4e+07,14314.52148,0.0476789,0.0227781,0.0196585,5.5668116,-0.0123462,0.4654141,-3.509593,257,0.176144472,0.004809046,0.256000001,0.12,-81.2612998303277,35.2295830115414,40,54,8.2,7.3,10,0,0,0,0,0.5,0,0,4,0,0,0,0,0,0,"1",0.00564260506329173
"1106",215,0,54172.99609,-9.6e+07,45803.07031,0.0812848,0.0141155,0.0165569,1.6420193,-0.0205764,0.4914722,-3.394423,266,0.04413575,0.020168942,0.255719005,0,-81.1340696249012,35.4067143749224,18,14,4.4,6.2,6,0,0,0,0,0.22,0,0,0,0.02,0,6.5,0,0,0,"0",0.0275500729225959
"1107",225,0,55895.25781,-273724549.419492,8585.625977,0.0311366,0.0081769,0.0081769,3.5486591,0.1262011,0.4971466,-4.236968,249,0.161210555,0.018933455,0.274670748,0,-81.2739744512817,35.2565401070241,130,77,22,7.1,37,10,0,0,0,0,4.1,0,10,1.4,0,54,0.2,0,0,"1",0.051486721272783
"1108",230,0,56515.10156,-1.6e+07,17576.45898,0.051973,0.0011564,0.0176135,2.3215306,-0.0013722,0.5101509,-4.256148,283,0.188480436,0.022433887,0.282228166,0,-81.2865957642798,35.2324505628843,16,20,2.7,6.9,5,0,0,0,0,0,2.96,0,1,0,0,0,0,0,0,"1",0.00973617948950064
"1109",236,0,57276.17188,-273724549.419492,15444.47754,0.0494008,0.0381607,0.0353785,1.7684314,0.2716055,0.5258736,-3.400058,228,0.226795569,0.013198329,0.243274257,0,-81.2527020202448,35.1705475115254,130,76,11,7.2,43,61,0,0,0,0,0,0,5,0.19,0,5.8,0,0,0,"1",0.0326997550805418
"1110",238,0,57460.01172,-2.08e+08,22217.75195,0.0694793,0.0188246,0.035113,3.4254887,-0.0548687,0.4802136,-3.853428,274,0.200338487,0.009192275,0.275614336,0.22,-81.2832441781127,35.2149359032265,68,80,7,7.5,16,0,0,0,0,0,0.26,0,7,0.04,0,0,0,0,0,"1",0.00499942171486915
"1111",265,0,61612.95313,-4.96e+08,32805.63281,0.0849214,0.0462554,0.0497245,7.4627132,-0.1248293,0.4899035,-5.131704,330,0.233802722,0.01706251,0.305116743,0,-81.3146449860087,35.1970258849776,181,170,4.5,7.5,67,0,0.00176547231270358,0.568175895765472,0.21,0,0,0,3,0,0,0,0,0,0,"1",0
"1112",279,0,62891.05078,-273724549.419492,25128.60742,0.0414528,0.0474117,0.0189661,7.623457,0.0356654,0.4985663,-3.797137,223,0.038492675,0.016225642,0.222686393,0,-81.1546837376526,35.3514378794813,56,65,7.8,7.6,12,0,0,0,0,0.22,0,0,6,0,0,0,0.1,0,0,"1",0.0837201026639659
"1113",281,0,62959.09766,-273724549.419492,8556.636719,0.0320675,0.0049061,0.0201954,2.7068136,0.0905344,0.5316182,-2.57225,228,0.169030627,0.008317555,0.167528479,0,-81.1769657638255,35.1744452530531,0,46,29,6.9,0,10,0,0,0,0,0.7,0,0,0,0,0,0,0,0,"1",0.0557784212303706
"1114",286,0,64396.50391,-273724549.419492,16607.30273,0.0526631,0.038318,0.036219,3.487623,0.1769554,0.5098202,-3.289583,218,0.228031156,0.010125605,0.246720314,0,-81.2556379145513,35.1705106311609,0,0,0,0,0,0,0,0,0,0,0,0,0,0,0,0,0,0,0,"0",0.0291715672455922
"1115",292,0,65346.69922,-273724549.419492,25394.17969,0.0794799,0.0403411,0.0453503,3.0257473,0.2016455,0.4858636,-2.608652,269,0.223607218,0.004073663,0.278352544,0,-81.2875254717867,35.1909267686925,34,43,4.2,6.9,12,0,0,0,0,0,1.7,0.006,0,0,0,0,0.5,0,0,"1",0
"1116",308,0,66757.84375,-273724549.419492,26304.14648,0.0814738,0.0406219,0.0468585,1.3137449,0.0329221,0.4547444,-3.32071,269,0.222683695,0.005070381,0.280962243,0,-81.2904322616917,35.192740823276,10,9,3,5.9,2,0,0.00176547231270358,0.568175895765472,0,0,0.23,0,2,0.01,0,0,0,0,0,"0",0
"1117",311,0,67490.16406,-4.8e+08,19284.13477,0.0513257,0.0062273,0.0173843,6.2509456,-0.1207121,0.4935151,-3.926151,275,0.193156352,0.020484545,0.287323332,0.09,-81.2942672074701,35.2298515599857,42,50,5.9,7.4,9,0,0.00176547231270358,0.568175895765472,0.04,0,0,0,5,0,0,0,0,0,0,"1",0.010776340813347
"1118",312,0,67884.88281,-1.44e+08,23818.93164,0.0417101,0.0371666,0.0186461,1.7684314,-0.0356653,0.4766412,-3.311844,209,0.049112458,0.006222967,0.21186852,0,-81.1465807416689,35.3444448012374,0,98,120,7.8,0,140,0,0,0,0,0,0,0,0,0,0,0,0,0,"1",0.0557449667919836
"1119",321,0,68817.64063,-3.52e+08,44825.21484,0.0583373,0.0266972,0.0171909,2.7068136,-0.085048,0.4814929,-3.320446,255,0.079641372,0.040599726,0.234226622,0.33,-81.0949825930124,35.4006351049814,95,112,12,7.1,29,0,0,0,0,0,0,0,6,0.08,0,5.4,0,0,0,"1",0.0083086119519041
"1120",323,0,68960.14063,-273724549.419492,20848.45508,0.0586231,0.0098801,0.0245306,2.5639057,0.0438945,0.500869,-3.284034,287,0.197597866,0.013579571,0.284547775,0,-81.2910478071451,35.223352268392,45,51,6.1,7.2,8,0,0,0,0,0,0,0,6,0,0,0,0,0,0,"1",0.00437541537427931
"1121",324,0,68960.14063,-3.2e+07,20596.6582,0.0586231,0.0098801,0.0245306,1.1842326,-0.0082315,0.4926581,-3.32428,287,0.197326374,0.013675586,0.2842318,0,-81.290719308428,35.2234619369074,34,18,11,6,8,0,0,0,0,0.65,0,0,3,0.07,0,14,0.1,0,0,"0",0.00437366341017448
"1122",328,0,69131.94531,-273724549.419492,21323.72852,0.0682658,0.0212284,0.0325641,7.3702354,0.0233181,0.4942081,-3.738432,270,0.19694911,0.011222635,0.268702088,0,-81.276320903231,35.2146570713431,39,49,8.1,7.9,8,11,0,0,0,0,0.27,0,5,0.12,0,0,0,0,0,"1",0.0047457659282338
"1123",334,0,69482.375,-1.76e+08,45044.55469,0.0586231,0.0255454,0.0168372,1.7684314,-0.045267,0.5044076,-3.507285,255,0.078558467,0.041811202,0.235045793,0,-81.0957654775384,35.4002504433111,14,26,8.5,6.7,4,0,0,1.37,0,0,0,0,1,0,0,0,0,0,0,"1",0.0116687890114832
"1124",342,0,70422.01563,-273724549.419492,31129.33984,0.0173843,0.014068,0.0127727,2.5001462,0.0891629,0.4476911,-2.632358,247,0.066791132,0.018851493,0.192504642,0,-81.0820121476702,35.3609657013858,34,45,9.9,6.8,11,0,0,0,0,0,0.07,0,2,0.007,0,0,0,0,0,"1",0.0282921182868935
"1125",350,0,71276.01563,-7.68e+08,25547.00977,0.040075,0.0243116,0.0243939,4.4589748,-0.1975301,0.4804789,-4.308583,208,0.085173304,0.00749954,0.167713703,0.05,-81.1105207932971,35.3167783557755,32,36,5.9,6.6,7,0,0.00176547231270358,0.568175895765472,0.07,0,0.22,0.014,3,0,0,0,0,0,0,"1",0.0381273147447734
"1126",368,0,72657.89063,-273724549.419492,13081.03613,0.0417901,0.028136,0.0243939,2.9719696,0.2414263,0.5144119,-2.596845,250,0.215438191,0.017984352,0.237944083,0,-81.2475417513416,35.1793359346896,28,47,8.5,6.8,7,0,0,0,0,0,0,0,2,0,0,0,0,0,0,"1",0.0402851640101363
"1127",376,0,73203.10938,-273724549.419492,16746.36133,0.0074045,0.0204912,0.0074045,3.0257473,0.0219482,0.5062656,-3.425396,237,0.146735971,0.006925887,0.14526956,0.63,-81.1530049776739,35.2047535344707,63,77,6.6,7,13,0,0,0,0,0,1,0,7,0.05,0,0,0,0,0,"1",0.0132934580116539
"1128",380,0,73840.19531,-2.24e+08,29576.72266,0.079824,0.0362005,0.0465579,1.9701859,-0.0576145,0.4602506,-3.777673,296,0.223058351,0.005805299,0.293876455,0,-81.3027368957224,35.2010910081598,57,55,2.8,7.4,17,0,0,0,0,0,0,0,4,0,0,0,0,0,0,"1",0
"1129",384,0,74382.66406,-273724549.419492,47980.87109,0.065924,0.0176135,0.0129288,5.3320451,0.1042518,0.4736691,-2.686756,271,0.070042028,0.043277618,0.242625503,0.06,-81.1055180758814,35.4051994850674,75,73,7.6,7.4,24,14,0,0,0,0,0.3,0,4,0.22,0,0,0,0,0,"1",0.00879365784319484
"1130",389,0,74944.125,-1.76e+08,11865.9209,0.0245033,0.0245306,0.010343,4.8716373,-0.0466388,0.4719807,-3.891325,275,0.163702397,0.006594878,0.162226224,0.15,-81.1704983565217,35.2021706863048,0,16,4.9,6.5,2,0,0,0,0,0,0,0,0,0,0,0,0,0,0,"1",0.043634622771844
"1131",390,0,75074.02344,-1.44e+08,26504.89648,0.0834682,0.0450396,0.0498185,10.1241789,-0.0356662,0.4835578,-4.462236,258,0.228242762,0.000917446,0.282214595,0,-81.2916911275774,35.1877173564748,9,11,3.1,6.1,2,0,0,0,0,0,5,0,0,0.06,0,0,0,0,0,"0",0
"1132",391,0,75074.02344,-1.44e+08,26504.89648,0.0834682,0.0450396,0.0498185,10.1241789,-0.0356662,0.4835578,-4.462236,258,0.228242762,0.000917446,0.282214595,0,-81.291694369045,35.1877172383017,33,46,4.2,6.9,11,0,0,0,0,0,0,0,1,0.01,0,0,0.44,0,0,"1",0
"1133",405,0,75975.5625,-3.52e+08,16943.03711,0.0081769,0.0193845,0.0081769,3.0257473,-0.0864196,0.4795675,-3.553707,240,0.146379825,0.007042032,0.144912079,0,-81.152869289341,35.2047248957801,41,55,7.3,7.2,10,0,0,1.5,0,0,0,0,4,0,0,0,0,0,0,"1",0.0129743096717075
"1134",406,0,76013.26563,-6.88e+08,29136.60352,0.0811531,0.0358666,0.0486369,2.0766673,-0.1742113,0.4617491,-4.117496,280,0.221989253,0.002756725,0.290806683,0,-81.2996994144543,35.2003497705089,27,27,0,6.8,7,0,0,0,0,0,0,0,2,0,0,0,0,0,0,"1",0
"1135",422,0,76971.58594,-273724549.419492,26775.37695,0.0376136,0.0224529,0.0238114,1.6745193,0.0205758,0.5061151,-3.030608,232,0.079961444,0.005605447,0.163298365,0,-81.1057523957038,35.315522192674,30,24,14,6.4,10,19,0,0,0,0.46,0,0,1,0,0,8.4,0,0,0,"0",0.0473485219130317
"1136",432,0,78061.96094,-273724549.419492,11865.9209,0.023415,0.020847,0.0139247,3.9628742,0.0425242,0.4804265,-3.164416,260,0.159891318,0.008410201,0.158408297,0,-81.1673919670003,35.1976263496351,9,16,8,6.4,3,0,0,2.2,0.02,0,0,0,1,0,0,0,0,0,0,"0",0.0446552036531413
"1137",436,0,78560.39063,-273724549.419492,21758.20703,0.0701211,0.0407369,0.0425197,5.901052,0.0960219,0.494807,-2.910246,226,0.230747948,0.010710423,0.265951509,0,-81.2757245651685,35.1756425063728,37,44,7.7,7.2,8,0,0.00176547231270358,0.568175895765472,0.08,0,0,0,4,0,0,0,0,0,0,"1",0.00452707206612707
"1138",442,0,78883.94531,-8e+07,29125.23047,0.0810789,0.0362928,0.048292,1.6745193,-0.0178324,0.4821122,-4.103208,281,0.222194395,0.003647815,0.291670357,0,-81.3005701031279,35.2005686109316,20,18,1,6.8,6,0,0,0,0.15,0,0,0,1,0,0,0,0,0,0,"1",0
"1139",451,0,79833.60938,-4.16e+08,33463.03516,0.0918216,0.051973,0.0566628,8.8527851,-0.1028778,0.4905187,-4.344425,298,0.239591582,0.019978583,0.305792684,0,-81.3152295524487,35.1891883713408,32,33,1.3,7.1,9,0,0,1.9,0,0,0,0,2,0,0,0,0,0,0,"1",0
"1140",479,0,81887.53125,-7.52e+08,22071.88867,0.0678729,0.0232718,0.031984,6.8653235,-0.1934172,0.5036638,-4.284761,259,0.19905778,0.009797875,0.269202902,0,-81.2780688329899,35.211999487708,30,43,7.5,7.1,7,0,0,0,0,0,0,0,3,0,0,0,0,0,0,"1",0.00436675666527301
"1141",489,0,82775.92969,-273724549.419492,21354.7793,0.0689965,0.0400917,0.0417101,4.6584816,0.0576132,0.4852477,-2.919502,229,0.230866852,0.009925919,0.265179754,0.34,-81.2743259601936,35.1752565169596,34,42,6.1,7,9,0,0,0,0,0,0.53,0,3,0,0,0,0,0,0,"1",0.00330285892357712
"1142",490,0,82775.92969,-273724549.419492,21758.20703,0.0689965,0.0400917,0.0417101,6.4267893,0.0397808,0.4819893,-2.997481,224,0.231276478,0.010141038,0.265389127,0,-81.2744967083661,35.1748208569643,35,32,3.3,6.7,9,0,0,0,0,0,0.52,0,3,0,0,0,0,0,0,"1",0.00347410198063922
"1143",492,0,82942.64063,-273724549.419492,43319.93359,0.0589869,0.041886,0.0278494,3.7400842,0.3484211,0.5115183,-2.957893,274,0.0948678,0.030978505,0.231641729,1.44,-81.0800722862849,35.4037533240082,0,3,1.4,5.3,2,5.6,0,0,0.16,0,2.58,0.003,0,0.02,0,0,0,0,0,"0",0.0131691992816324
"1144",494,0,83077.91406,-273724549.419492,26454.85156,0.0449951,0.0496572,0.0213227,5.1797853,0.1385455,0.4757236,-4.02004,234,0.033803516,0.02030247,0.227250537,0.07,-81.1566881363348,35.3560427366131,22,29,5,6.7,6,0,0,0,0.07,0,3.6,0,2,0,0,0,0,0,0,"1",0.107168495039928
"1145",508,0,84371.71094,-273724549.419492,21666.65625,0.0454387,0.0282309,0.013083,2.7851665,0.1810698,0.5188255,-2.474849,227,0.083377115,0.016539638,0.177631847,0,-81.1259061558311,35.3162945007606,55,46,9.2,7.5,14,0,0,0,0.05,0,0,0,5,0,0,6.8,0,0,0,"1",0.0172358252038178
"1146",510,0,84515.96875,-2.24e+08,20931.71484,0.0440338,0.0298428,0.0114476,3.6676545,-0.0576129,0.4943137,-3.596252,224,0.083930929,0.016294572,0.177189681,0.56,-81.1262660664952,35.316331053411,24,26,6.4,6.6,8,0,0,1.3,0,0,0.21,0,1,0,0,8.1,0,0,0,"1",0.0194785595386112
"1147",517,0,85480.125,-273724549.419492,28504.37305,0.0109704,0.0190716,0.0171909,6.4924836,0.0685864,0.4960962,-3.865346,255,0.059583105,0.014011593,0.184681232,0.06,-81.077949971035,35.3544259504272,44,56,7.7,6.6,12,0,0,0,1.35,0,24,0,2,0.27,0,5.5,0,0,0,"1",0.000544193371414804
"1148",518,0,85480.125,-273724549.419492,28504.37305,0.0109704,0.0190716,0.0171909,6.4924836,0.0685864,0.4960962,-3.865346,255,0.059583105,0.014011593,0.184681232,0.08,-81.0779477449421,35.3544268278946,21,23,7.7,6.5,5,0,0,0,0.01,0,0,0,3,0.02,0,0,0,0,0,"1",0.000544174365286739
"1149",521,0,85880.22656,-273724549.419492,28209.375,0.0098801,0.0193845,0.0168372,1.6745193,0.1989023,0.5130817,-3.629438,248,0.059351631,0.013430533,0.184124799,0,-81.0777810549816,35.3540726283168,37,54,13,7.1,9,0,0,0,0,0,0,0,4,0,0,0,0,0,0,"1",0.0190567315187782
"1150",560,0,88974.03906,0,46746.30469,0.0622732,0.0176893,0.0129288,2.3215306,-0.0013714,0.5059611,-2.396902,264,0.070699901,0.043689548,0.239109497,0.1,-81.1043436365676,35.4025965499798,25,38,7.4,6.8,7,0,0,0,0,0,3.1,0,2,0,0,0,0,0,0,"1",0.00837415394432975
"1151",563,0,89200.30469,-273724549.419492,27317.40039,0.0343818,0.0197941,0.0196925,2.9719696,0.0562413,0.4899994,-2.46204,240,0.080496565,0.011646262,0.168849408,0.2,-81.1054896800855,35.3210902912302,43,49,4.2,7.1,17,0,0,0,0,0,0,0.006,0,0.03,0,0,0,0,0,"1",0.017720441850568
"1152",570,0,90015.57031,-273724549.419492,21304.29883,0.0687344,0.0391295,0.0408844,4.5657005,0.1316873,0.496538,-2.859874,232,0.230163758,0.009923315,0.265147788,0,-81.2742247660155,35.1761901779178,51,49,5.8,7.8,15,11,0,0,0,0,1.7,0,3,0,0,0,0,0,0,"1",0.00420196474405849
"1153",574,0,90248.52344,-273724549.419492,26576.66992,0.0365681,0.0174993,0.0176893,1.3934064,0.412894,0.5278631,-3.432303,246,0.085222184,0.014315326,0.173503826,0,-81.110783737606,35.3221959551492,36,37,5.3,6.6,8,6.9,0,0,0,0.16,0.26,0,4,0.13,0,0,0,0,0,"1",0.0337057548322182
"1154",588,0,91649.71875,-1.6e+08,27522.79688,0.0335351,0.0199623,0.0197941,1.6420193,-0.037037,0.497851,-2.955438,238,0.079501728,0.01134867,0.16804011,0,-81.1054183309925,35.3211284942666,12,13,7.1,6.4,4,0,0,0,0.21,0.64,0,0,0,0,0,0,0,0,0,"0",0.0177476619781696
"1155",615,0,94484.78906,-8e+08,31912.35938,0.023243,0.0191416,0.0176135,8.6798077,-0.2057612,0.518355,-4.857907,214,0.067565295,0.021714295,0.196949064,0,-81.0790873090274,35.3671444825727,24,32,7.7,6.6,8,0,0,0,0,0,0.26,0,1,0.057,0,0,0,0,0,"1",0.0200183605822156
"1156",620,0,95542.01563,-273724549.419492,27489.67578,0.0327483,0.0188246,0.0186461,0.9853842,0.1083668,0.5128696,-2.674627,245,0.080023137,0.012439371,0.169488216,0,-81.1050630888361,35.3219941171876,0,0,0,0,0,0,0,0,0,0,0,0,0,0,0,0,0,0,0,"0",0.0388295390679696
"1157",629,0,96144.92188,-1.76e+08,16157.34863,0.023415,0.0471714,0.0034692,2.6465178,-0.0425238,0.5072381,-3.785586,229,0.064474393,0.005679888,0.201426154,0,-81.1535089982704,35.3237016881849,53,65,9.1,7.3,15,0,0,0,0,0,0,0,3,0,0,0,0,0,0,"1",0.00661639727920619
"1158",634,0,97077.73438,-273724549.419492,42102.14063,0.0543624,0.0393171,0.0231277,6.2509456,0.1742111,0.5100746,-4.304129,261,0.091371207,0.029459214,0.227859502,0,-81.0842047372709,35.3983883222767,61,49,8.5,6.9,16,16,0,0,0,0.27,0.35,0,5,0.25,0,15,0,0,0,"1",0.0113860335529588
"1159",635,0,97238.125,-3.04e+08,9579.588867,0.0307259,0.0129288,0.0069383,2.3215306,-0.0821324,0.5069733,-3.835887,221,0.189279728,0.004857841,0.187779811,0,-81.195936512305,35.1592439672972,71,69,11,7,21,0,0,0,0,0,0,0,5,0.04,0,8.6,0,0,0,"1",0.0639039801172006
"1160",645,0,98276.32813,-273724549.419492,16938.14844,0.0228075,0.0443214,0.0023128,0.7344942,0.0521261,0.5104318,-3.619666,242,0.059907048,0.00683495,0.206224171,0,-81.1571693153299,35.3269904531066,140,28,7.5,7.2,43,13,0,0,0,0,0,0,3,0.03,0,0,0,0,0,"1",0.0640241446287036
"1161",654,0,99010.49219,-273724549.419492,30216.66797,0.0973357,0.060043,0.0651692,1.7684314,0.0617288,0.5145579,-2.760099,272,0.24460466,0.017837673,0.294406673,0.22,-81.3046387182923,35.1745627846749,26,35,8.8,7,7,0,0,0,0,0,0,0,5,0,0,0,0,0,0,"1",0
"1162",655,0,99079.35156,-273724549.419492,9579.588867,0.0321508,0.0127727,0.0219408,1.9973403,0.0288071,0.5064355,-2.997024,242,0.164975957,0.004988269,0.163483532,0.21,-81.1734522185084,35.1911014735835,44,15,5.1,7,8,0,0,3.1,0,0,0,0,0,0,0,0,0,0,0,"1",0.0552657409526107
"1163",656,0,99302.48438,-273724549.419492,23581.29492,0.0683833,0.0255454,0.0323994,4.9261703,0.186556,0.5065758,-3.079829,258,0.204601147,0.006793718,0.269653462,0.24,-81.2776415658172,35.2063481454487,60,76,12.7,7.4,22,9.9,0,0,0,0,0.21,0,2,0.07,0,0,0.25,0,0,"1",0.00308414920417273
"1164",657,0,99421.19531,-273724549.419492,16467.07031,0.0238395,0.0469583,0.0023128,0.4645502,0.0041154,0.535226,-3.155511,231,0.063715006,0.006237204,0.201920007,1.1,-81.1535061229048,35.3237447359017,78,88,8.3,7.6,20,0,0,0,0,0.84,0.18,0,6,0,0,0,0,0,0,"1",0.00052075682112152
"1165",658,0,99421.19531,-273724549.419492,16467.07031,0.0238395,0.0469583,0.0023128,0.4645502,0.0041154,0.535226,-3.155511,231,0.063715006,0.006237204,0.201920007,0,-81.1535061503807,35.3237431875612,74,89,8.1,7.6,19,0,0,0,0.14,0.593,0,0,7,0,0,0,0,0,0,"1",0.000520109047700571
"1166",659,0,99619.67969,-273724549.419492,41902.98047,0.0543501,0.0404734,0.0240628,2.6465178,0.0672152,0.493795,-4.040507,264,0.091783007,0.028403604,0.227269071,0,-81.0821383083268,35.3974132723823,19,28,3.9,6.7,4,0,0,0,0,0,0,0,2,0,0,0,0,0,0,"1",0.0116226447931782
"1167",662,0,99954.35156,-273724549.419492,44259.94922,0.0737552,0.0081769,0.0115638,6.621851,0.2263383,0.5074213,-4.063803,261,0.045403636,0.019010597,0.248357081,0,-81.1300547403261,35.399600058553,19,32,9.3,6.8,5,0,0,0,0,0,0,0,1,0,0,5.2,0,0,0,"1",0.0219413008861285
"1168",667,0,63936.4095552236,-8e+07,28109.37305,0.0098801,0.015033,0.0088068,5.8558011,-0.0178315,0.4808127,-3.691791,255,0.06660277,0.005748156,0.177479607,0.07,-81.0923428691591,35.3400091157463,36,47,7.3,7.2,11,0,0,0,0,0,0.13,0,2,0,0,0,0,0,0,"1",0.0311591804529407
"1169",671,0,63936.4095552236,-4.48e+08,8027.25,0.0289096,0.0067428,0.007034,3.0257473,-0.1138552,0.4716855,-3.916258,203,0.182118373,0.003309214,0.180616599,0,-81.1886383329437,35.1648807238121,93,99,9.5,7.7,23,7.7,0,0,0,0,0.19,0,9,0.24,0,0,0.1,0,0,"1",0.057789751189681
"1170",678,0,63936.4095552236,-273724549.419492,31315.0293,0.084424,0.041902,0.0503791,3.6676545,0.0631013,0.4835301,-3.783356,311,0.229481939,0.01011961,0.298113075,0.12,-81.3078533794816,35.1950933821888,99,79,3.9,7.4,32,0,0,0,0,0,0.2,0,5,0.05,0,6.7,0,0,0,"1",0
"1171",693,0,63936.4095552236,-3.68e+08,9936.081055,0.0238114,0.023243,0.0147184,4.275084,-0.0864201,0.4877909,-4.175224,256,0.169252483,0.001522874,0.167771953,0,-81.1765214381202,35.2000767445489,22,39,8.1,6.9,6,0,0,0,0,0,0,0,2,0,0,0,0,0,0,"1",0.0517826259105089
"1172",702,0,63936.4095552236,-2.24e+08,43350.51172,0.0728155,0.0093231,0.0129288,2.2982233,-0.0562411,0.4873577,-3.953831,254,0.043786274,0.017063044,0.247031829,0,-81.131097746958,35.3972171904856,254,84,24,7.8,88,222,0.00176547231270358,0.568175895765472,0,0.419,0,0,8,0,0,0,0,0,0,"1",0.0321636948826332
"1173",711,0,63936.4095552236,-273724549.419492,9911.041992,0.0320675,0.0095358,0.0077573,7.3415356,0.1824414,0.4924279,-3.862926,211,0.185215765,0.003953958,0.183716114,0,-81.1916187790165,35.159118872482,200,182,11,7.4,73,0,0,0,0,0,0.1,0,4,0,0,15,0,0,0,"1",0.0284838792880432
"1174",712,0,63936.4095552236,-273724549.419492,9911.041992,0.0320675,0.0095358,0.0077573,6.621851,0.1550069,0.4963861,-3.565335,216,0.185650316,0.004001965,0.184150684,0,-81.19203678784,35.158998446214,36,35,9.7,6.5,10,0,0,0,0,0,0.24,0,3,0,0,14,0,0,0,"1",0.0296180277514941
"1175",717,0,63936.4095552236,-273724549.419492,9674.225586,0.0325846,0.0084186,0.0083388,9.4894276,0.1124829,0.4915227,-4.216696,211,0.184019711,0.00382787,0.182519969,0.05,-81.1904549277814,35.1594574993438,270,90,14,8,98,150,0,0,0,0.85,0,0,6,0.04,0,0,0,0,0,"1",0.042273424768072
"1176",722,0,63936.4095552236,-273724549.419492,23202.43945,0.0672296,0.0243939,0.0312438,0.9853842,0.064471,0.511563,-3.284481,256,0.204585417,0.005411639,0.268375293,0.95,-81.2772996868562,35.2065976851074,44,58,6.9,6.9,15,0,0,0,0.08,0,0.24,0.003,2,0.33,0,0,0,0,0,"1",0.00306909679456103
"1177",723,0,63936.4095552236,-3.2e+07,42070.65234,0.0727787,0.012073,0.0157285,1.6745193,-0.0082301,0.5041642,-3.383486,248,0.041489687,0.014382358,0.244936474,0.05,-81.1319462177463,35.3945279003052,31,39,7.1,6.9,9,9.5,0,0,0,0.33,2.3,0,2,0.05,0,0,0,0,0,"1",0.0338079659110355
"1178",725,0,63936.4095552236,-273724549.419492,30622.35352,0.0992943,0.0596071,0.0667205,0.7344942,0.0507545,0.494269,-2.793252,271,0.245041985,0.018838528,0.296319062,0,-81.3061451100635,35.1757858762451,72,79,6.1,7.6,24,0,0,0,0,0,0,0,3,0.02,0,5.4,0,0,0,"1",0
"1179",738,0,63936.4095552236,-273724549.419492,17040.52344,0.0259865,0.0457466,0.0032707,3.2813458,0.0068593,0.5166208,-3.726037,233,0.063674755,0.006024275,0.201304612,0,-81.152548039371,35.3249035781413,21,34,6.3,6.7,7,0,0,0,0,0,0,0,1,0,0,0,0,0,0,"1",0.0442722407270576
"1180",740,0,63936.4095552236,-273724549.419492,28784.83984,0.012073,0.016065,0.0081769,5.1280046,0.0534979,0.4999305,-2.604772,256,0.069102883,0.008184166,0.178760343,0.009,-81.0932044961804,35.3408541808831,85,85,8.1,7.5,30,15.7,0,0,0.02,0.023,0,0,3,0.03,0,0,0,0,0,"1",0.0285323896141851
"1181",742,0,63936.4095552236,-3.2e+08,29349.02344,0.0953579,0.0563908,0.0625945,1.7684314,-0.0850485,0.5217276,-4.499387,254,0.241115994,0.014443348,0.292408167,0,-81.3017944874628,35.1788484424704,97,110,6.1,7.1,35,0,0,0,0,0,0,0,2,0,0,0,0,0,0,"1",0
"1182",747,0,63936.4095552236,-1.312e+09,23084.3418,0.0710024,0.0315631,0.0365681,5.8010211,-0.3347047,0.4978385,-4.827093,236,0.217326743,0.011756326,0.271428701,0,-81.2799287047979,35.1938842364331,203,86,18.3,7.8,72,139,0,0,0,1.26,0,0,6,0.03,0,0,0,0,0,"1",0.00491963500684601
"1183",748,0,63936.4095552236,-273724549.419492,28724.35352,0.0881586,0.042093,0.0546934,5.6522746,0.0631006,0.5153623,-3.445329,279,0.227551278,0.00611403,0.289109847,0,-81.2988369724521,35.192968280803,140,76,7.8,7.8,37,84,0,0,0,0,1.2,0,6,0,0,0,0,0,0,"1",0
"1184",751,0,63936.4095552236,-273724549.419492,47463.68359,0.0646438,0.012073,0.0073136,2.7068136,0.0891622,0.5085163,-3.070885,273,0.065221935,0.038258892,0.240834127,0.1,-81.1100425012323,35.4021044126209,24,31,8.9,6.9,5,13.8,0,0,0,0,0.16,0,3,0.05,0,0,0,0,0,"1",0.0147923404585049
"1185",752,0,63936.4095552236,-273724549.419492,29349.02344,0.014068,0.0139247,0.007034,1.1842326,0.004115,0.4968417,-3.614807,258,0.071036979,0.009554635,0.180162814,0,-81.0952566756981,35.341787758482,100,100,9.2,8,35,17.37,0,0,0,0,0.27,0,3,0.2,0,0,0,0,0,"1",0.0303887216563731
"1186",756,0,63936.4095552236,-4.16e+08,22770.05859,0.0651281,0.0219713,0.029117,3.487623,-0.1069973,0.4793983,-3.90529,263,0.200557164,0.005287466,0.265841289,0,-81.2743515215848,35.2094726194249,59,69,8.8,7.9,19,7.78,0.00176547231270358,0.568175895765472,0,0,0,0,3,0,1.2948793407887e-06,0,0,0,0,"1",0.00435142980587074
"1187",762,0,63936.4095552236,-273724549.419492,39396.875,0.0811943,0.0263696,0.0300215,0.9290393,0.0891637,0.499187,-3.761418,238,0.027076405,0.000384351,0.249719714,0,-81.1456367363885,35.3909223415524,86,79,6.3,7.8,29,12,0,2.4,0,0.57,0,0,3,0,0,0,0,0,0,"1",0.0188205815340659
"1188",772,0,63936.4095552236,-273724549.419492,30448.76172,0.0855802,0.0419179,0.0519344,1.7684314,0.1728403,0.5131093,-3.64251,313,0.228808766,0.00777213,0.295102303,0.21,-81.3043641069603,35.1947531407327,8,9,1.4,6.3,2,0,0,0,0,0,0,0,1,0,0,0,0,0,0,"0",0
"1189",775,0,63936.4095552236,-273724549.419492,18187.83594,0.0279453,0.0438817,0.0025858,6.0082245,0.120714,0.4920273,-3.467966,243,0.062276921,0.007440629,0.201558383,4.7,-81.1503320549541,35.3266812073485,31,48,5.6,7.6,7,0,0,0,0,0,0,0,3,0,0,0,0,0,0,"1",0.0486032825168052
"1190",778,0,63936.4095552236,-273724549.419492,29125.23047,0.0131848,0.015033,0.0080947,4.4106984,0.023319,0.4898951,-2.589437,254,0.069565475,0.008800803,0.178702224,0,-81.0937695783247,35.3407391653785,80,79,9.9,7.4,28,21.6,0,0,0,0.16,0.57,0,3,0.21,0,0,0,0,0,"1",0.028478426333365
"1191",779,0,63936.4095552236,-273724549.419492,28631.93555,0.0893115,0.0432061,0.0549739,1.3137449,0.004115,0.520752,-2.777724,282,0.228747519,0.007406553,0.289301929,0.81,-81.2995214449952,35.1908443691646,59,52,9.3,7.1,19,16.24,0,0,0,0,0,0,3,0,0,0,0.12,0,0,"1",0
"1192",781,0,63936.4095552236,-273724549.419492,29811.01953,0.0152099,0.0127727,0.0073136,2.3900836,0.0342946,0.4993921,-2.991611,254,0.072405243,0.009002653,0.180747059,0,-81.0961623700567,35.3411549050999,21,16,4.5,6.5,6,0,0,0,0.08,0,0,0,1,0.04,0,0,0,0,0,"1",0.0312284924788749
"1193",782,0,63936.4095552236,-273724549.419492,17277.04102,0.0270703,0.044667,0.0025858,2.2025177,0.0548697,0.5211248,-2.847088,235,0.064401491,0.005512313,0.2000241,1.31,-81.1505954556196,35.3246804481824,35,43,8.2,6.8,10,5.3,0.3,0,0,0.111,0,0,2,0.007,0,0,0,0,0,"1",0.0473251145372739
"1194",786,0,63936.4095552236,-273724549.419492,31839.60547,0.0914714,0.0496572,0.0568513,4.1089568,0.030177,0.4891474,-2.909807,295,0.23662245,0.01567925,0.30087729,1.6,-81.3097467707768,35.189256104614,49,46,0,7.4,17,0,0,0,0,0,0,0,2,0,0,0,0,0,0,"1",0
"1195",790,0,63936.4095552236,-273724549.419492,32409.39063,0.0258575,0.0222435,0.020686,1.7684314,0.0068593,0.4812054,-4.0502,217,0.067176203,0.017882863,0.198580146,0,-81.0759972726267,35.3697900663026,49,64,7.6,6.5,12,0,0,0,0,0,0,0,4,0,0,0,0,0,0,"1",0.0189560042643155
"1196",797,0,63936.4095552236,-5.92e+08,31552.16797,0.0879156,0.0455122,0.0536443,3.5335,-0.150891,0.4767283,-4.025548,305,0.232353765,0.012038478,0.299033377,0,-81.3068368177092,35.1934306428001,21,9,7.1,5.6,5,0,0,0,0.09,0,0,0.008,2,0,0,8,0,0,0,"0",0
"1197",802,0,63936.4095552236,-3.2e+07,44958.05078,0.0707949,0.0036568,0.0069383,3.5335,-0.0082311,0.493159,-3.424971,268,0.050135395,0.023456256,0.246152396,0.13,-81.1250589189362,35.3992462410076,21,27,8.1,6.5,4,13,0,0,0,0.29,0.98,0,2,0.03,0,0,0,0,0,"1",0.0197928142389939
"1198",806,0,63936.4095552236,-4.32e+08,28594.30469,0.0899456,0.0454387,0.0556027,2.0766673,-0.1111107,0.5142618,-3.961232,274,0.230275398,0.007977489,0.289428697,0,-81.2994166530172,35.1904051583685,9,12,2.5,6.3,2,0,0,0,0,0,0,0,1,0,0,0,0,0,0,"0",0
"1199",808,0,63936.4095552236,-9.6e+08,39156.48047,0.0795807,0.0255977,0.0292545,2.6465178,-0.2455416,0.4709461,-3.951283,239,0.028375702,0.001368192,0.248196812,0.1,-81.1454103704689,35.3908601889522,50,42,6.2,6.8,14,16,0,5.8,0,0.32,0,0,5,0,0,5.4,0,0,0,"1",0.00069094751143107
"1200",809,0,63936.4095552236,-9.6e+08,39156.48047,0.0795807,0.0255977,0.0292545,2.6465178,-0.2455416,0.4709461,-3.951283,239,0.028375702,0.001368192,0.248196812,0,-81.1454123114637,35.390861265449,79,57,7.7,6.9,24,0,0,0,0,0,0,0.005,4,0,0,0,0,0,0,"1",0.000690933003682449
"1201",813,0,63936.4095552236,-273724549.419492,30794.96484,0.0867288,0.043453,0.0528532,2.7851665,0.1042537,0.491263,-3.376716,311,0.230451878,0.009606153,0.296666423,0,-81.3059697030829,35.1942739029417,15,9,3.9,5.6,4,0,0,4,0,0,0,0,1,0,0,5.5,0,0,0,"0",0
"1202",820,0,63936.4095552236,-273724549.419492,46767.5625,0.0620581,0.0127727,0.0080947,3.3461831,0.0617284,0.4797244,-3.203281,261,0.065369753,0.038287161,0.238800371,0.6,-81.1094114299775,35.3997920578941,32,42,6.5,7.4,6,0,0,4.5,0,0,3.6,0,4,0.04,0,0,0,0,0,"1",0.0129478844119189
"1203",821,0,63936.4095552236,-6.88e+08,39537.47656,0.0793283,0.024146,0.0278014,2.8044105,-0.1769543,0.4779883,-4.224843,239,0.029176242,0.001995863,0.248339972,0,-81.1447424888263,35.3908450513371,0,0,0,0,0,0,0,0,0,0,0,0,0,0,0,0,0,0,0,"0",0.0214841973380499
"1204",822,0,63936.4095552236,-6.72e+08,39537.47656,0.0793283,0.024146,0.0278014,2.8044105,-0.1728389,0.4754901,-4.11258,238,0.028863757,0.00168066,0.248539249,0,-81.1450634323206,35.3908798919601,26,34,4.3,7,6,0,0,0,0,0,0,0,2,0,0,0,0,0,0,"1",0.0178720974199229
"1205",839,0,63936.4095552236,-273724549.419492,46062.72266,0.069277,0.0041694,0.0025858,3.2813458,0.1083657,0.4909776,-2.894241,275,0.056490294,0.029773652,0.244874925,0,-81.1189438376089,35.4018467469051,54,66,10.6,7.5,18,0,0,1.43,0,0,0,0,2,0.12,0,5.6,0,0,0,"1",0.0145160639237156
"1206",845,0,63936.4095552236,-273724549.419492,28945.52148,0.0279931,0.015033,0.0146272,0.3284902,0.0466393,0.5102592,-2.620839,244,0.077269939,0.007119294,0.171821143,0.11,-81.1030245123219,35.3268204873011,37,39,7.4,7.3,11,9.54,0.00176547231270358,0.568175895765472,0.05,0,2.81,0,2,0.52,0,0,0,0,0,"1",0.0407265597201154
"1207",852,0,63936.4095552236,-6.4e+07,25286.32031,0.0074045,0.0093231,0.0093231,4.7718778,-0.0178328,0.4963655,-3.576193,246,0.058810355,0.0066641,0.170061574,0,-81.0837005622565,35.3359199318635,42,33,13,7.1,11,0,0,0,0,0,0,0,4,0,0,16,0,0,0,"1",0.0387492215893394
"1208",857,0,63936.4095552236,-6.4e+07,38776.01172,0.0779681,0.0249093,0.0285606,4.4589748,-0.016461,0.4689676,-3.271842,251,0.028664684,0.002481702,0.246882936,0,-81.1449671695663,35.3896433670176,0,52,14,7.6,0,80,0,0,0,1.4,0,0,11,0,0,11,0,0,0,"1",0.000162547877152297
"1209",858,0,63936.4095552236,-6.4e+07,38776.01172,0.0779681,0.0249093,0.0285606,4.4589748,-0.016461,0.4689676,-3.271842,251,0.028664684,0.002481702,0.246882936,0,-81.1449676445282,35.3896432298144,0,72,71.6,8.2,2,69.6,0.00176547231270358,0.568175895765472,0,1.54,0,0,0,0,0,6.2,0,0,0,"1",0.00016255047608219
"1210",870,0,63936.4095552236,-273724549.419492,28779.08594,0.0282309,0.0135351,0.0131848,4.1992383,0.2263374,0.5175822,-3.901044,246,0.078951731,0.007691176,0.173452907,0,-81.1047216497071,35.3278790921817,164,130,12.5,7.5,57,48.9,0,0,0,0.203,0,0,5,0.1,0,0,0,0,0,"1",0.0362997922435266
"1211",877,0,63936.4095552236,-273724549.419492,31496.99609,0.0196585,0.0088068,0.0077573,2.3215306,0.1385462,0.5086359,-2.973746,254,0.077894571,0.010907587,0.185784946,0.34,-81.1014050518011,35.3441760367998,28,30,6.4,6.6,9,0,0,0,0.17,0,0,0.008,1,0,0,6.6,0,0,0,"1",0.0310337031291466
"1212",881,0,63936.4095552236,-2.88e+08,44777.14844,0.069383,0.0016354,0.0046255,3.6676545,-0.0740737,0.4747422,-3.190838,265,0.052274444,0.025395543,0.244278672,0,-81.122691347776,35.3993732056461,16,12,4.5,6.7,6,0,0,0,0,0,0,0,0,0.04,0,0,0,0,0,"1",0.0189086845921946
"1213",899,0,63936.4095552236,-1.12e+08,46075.30469,0.0599984,0.0127727,0.0081769,3.4254887,-0.0260628,0.4964096,-3.73469,261,0.065081993,0.037912658,0.236301965,0.08,-81.1092646040114,35.3971084748899,54,60,9.4,7.2,16,0,0,0,0,0,0.08,0,4,0.027,0,0,0,0,0,"1",0.00674852012080395
"1214",900,0,63936.4095552236,-1.6e+08,45730.67969,0.0599984,0.0127727,0.0081769,3.487623,-0.0397806,0.5017672,-3.729574,264,0.065219239,0.038047504,0.236129483,0,-81.1091114885737,35.3969886100927,38,52,10,6.8,9,12.9,0,0,0,0.146,1.41,0,3,0.216,0,0,0,0,0,"1",0.00630372736111257
"1215",903,0,63936.4095552236,-273724549.419492,30293.31836,0.0890716,0.044667,0.0555666,6.0347114,0.0823052,0.4827764,-3.049545,293,0.231464947,0.009595009,0.29447433,0.05,-81.3038765548447,35.1909486385181,15,14,1.2,6.1,4,0,0,0,0.01,0,0.14,0,1,0.04,0,0,0,0,0,"0",0
"1216",904,0,63936.4095552236,-273724549.419492,39512.33203,0.0435452,0.0270949,0.0117928,5.2817907,0.0699574,0.5147664,-3.328085,255,0.08463369,0.029207987,0.218888732,0.08,-81.0888880022701,35.3862848206143,170,82,6.7,7.5,38,13,0,0,0.05,0,0,0.069,2,0.26,0,0,0,0,0,"1",0.011743876871104
"1217",919,0,63936.4095552236,-1.44e+08,45897,0.0670503,0.0051715,0.0011564,0.6569588,-0.0356645,0.4889092,-3.137407,267,0.058048491,0.031186138,0.243322029,0,-81.1168887275795,35.4002995772172,140,94,15,7,43,57,0,0,0,0,0,0,7,0.12,0,8.5,0,0,0,"1",0.0167418388865859
"1218",920,0,63936.4095552236,-1.92e+08,36740.42188,0.0329113,0.0168372,0.0083388,1.3541625,-0.0507541,0.5078287,-3.562285,241,0.082272437,0.030608734,0.209143193,0.23,-81.0917673745194,35.375685134999,83,79,8.4,7.3,21,7.6,0,0,0,0,0,0,7,0,0,6.5,0,0,0,"1",0.0149881404027253
"1219",928,0,63936.4095552236,-273724549.419492,22071.88867,0.0637691,0.020943,0.0277773,4.275084,0.1303168,0.5106791,-4.027327,265,0.202568786,0.002109895,0.26437347,0,-81.2726632597344,35.2058745457186,27,36,4.9,7.2,5,0,0,0,0,0,0,0,3,0,0,0,0,0,0,"1",0.00685803516626538
"1220",932,0,63936.4095552236,-9.6e+07,30120.58203,0.0966117,0.0526631,0.0629353,1.9147184,-0.0274349,0.4892515,-3.837622,271,0.237771033,0.01366746,0.294499337,11.503,-81.3035118758455,35.1841146997525,64.75486152033,61.2816735415439,9.90723366686286,0,18.7782352941176,9.90949941107185,0,0,0.0304176470588235,0.119623820754717,0.653395882352941,0.0188840188014101,4.29664508534432,0.0450829411764706,1.2948793407887e-06,5.24281176470588,0.0124105882352941,0,0,"0",0
"1221",933,0,63936.4095552236,-9.6e+07,30120.58203,0.0966117,0.0526631,0.0629353,1.9147184,-0.0274349,0.4892515,-3.837622,271,0.237771033,0.01366746,0.294499337,0,-81.3035096871744,35.1841131375916,58,67,8.1,7.4,18,0,0,0,0,0,0,0,3,0.01,0,0,0.33,0,0,"1",0
"1222",937,0,63936.4095552236,-273724549.419492,45730.67969,0.0589756,0.0129288,0.0084186,2.6465178,0.1454038,0.5157591,-3.605418,263,0.065007822,0.037827538,0.235550685,0.1,-81.108905529052,35.3967226403808,58,61,10,7.4,16,14,0,0,0,0,1.5,0,5,0.2,0,0,0,0,0,"1",0.00817210962268285
"1223",946,0,63936.4095552236,-273724549.419492,19578.24023,0.0354729,0.0362928,0.0058964,1.7684314,0.0150889,0.5018979,-2.770668,232,0.066117831,0.010823044,0.195928439,0,-81.142373087466,35.3265784834389,62,58,1.4,6.9,0,0,0,0,0,0,0.43,0,0,0.04,0,14,0,0,0,"1",0.0377634659680866
"1224",947,0,63936.4095552236,-273724549.419492,29811.01953,0.0913836,0.04683,0.0578308,1.7684314,0.0425249,0.5020689,-3.612239,289,0.232901264,0.01094553,0.293689569,0,-81.3036005042119,35.1888451807088,12,17,1.8,6.5,4,0,0,0,0,0,0,0,0,0.04,0,0,0,0,0,"1",0
"1225",950,0,63936.4095552236,-2.88e+08,45514.64844,0.060542,0.0116215,0.007034,1.1842326,-0.0727023,0.518971,-3.640425,266,0.063753867,0.036584971,0.236702151,0.06,-81.1105235984073,35.3966583238435,16,22,5.9,6.1,4,7.2,0,0,0.07,0,0.24,0,2,0,0,0,0,0,0,"0",0.0114399173132793
"1226",952,0,63936.4095552236,-273724549.419492,30216.66797,0.0913617,0.0472422,0.0576107,2.8044105,0.0109743,0.5041837,-3.213992,289,0.233226344,0.011269406,0.294598691,0.09,-81.3037385215755,35.1892464391879,11,12,1,5.9,3,0,0,0,0,0,0,0,1,0,0,0,0,0,0,"0",0
"1227",955,0,63936.4095552236,-1.44e+08,30128.83008,0.0959868,0.0515727,0.0621657,3.6676545,-0.0411494,0.485119,-3.664526,276,0.237472547,0.01417048,0.295266986,0,-81.3039750238269,35.1848421772406,27,30,2.8,6.8,10,0,0,0,0,0,0,0,0,0,0,0,0,0,0,"1",0
"1228",957,0,63936.4095552236,-273724549.419492,40785.15234,0.0449802,0.0238114,0.0062273,4.3985453,0.0274353,0.5280005,-3.596096,259,0.078775217,0.035049217,0.221740113,0,-81.0949250950217,35.3875223273178,64,69,5,7.5,23,11,0,0,0,0,0,0,2,0,0,0,0,0,0,"1",0.0109524547723622
"1229",959,0,63936.4095552236,-3.2e+07,19578.24023,0.0365681,0.035227,0.007034,2.3215306,-0.0068591,0.5092824,-2.905282,231,0.066445338,0.011194602,0.195511032,0,-81.1418116930125,35.3265832721631,28,49,0,7,7,0,0,0,0,0,0,0,2,0,0,0,0,0,0,"1",0.0372974259361145
"1230",965,0,63936.4095552236,-273724549.419492,29735.91211,0.0936957,0.0490067,0.0600986,2.9538245,0.0740752,0.4995424,-3.25615,284,0.234902691,0.012111896,0.293548805,0.06,-81.3035688967832,35.1868972041937,14,17,1.7,6.9,5,0,0,0,0,0,6,0,0,0,0,0,0.3,0,0,"1",0
"1231",966,0,63936.4095552236,-273724549.419492,30142.57031,0.0936957,0.0490067,0.0600986,1.6745193,0.1289451,0.5230907,-3.091219,279,0.235377417,0.012861961,0.294293167,0,-81.3037710241092,35.1864777315166,18,18,3.3,6.9,6,0,0,0,0,0,0,0,1,0.1,0,0,0.527,0,0,"1",0
"1232",967,0,63936.4095552236,-273724549.419492,39887.85156,0.0432061,0.0240628,0.0081769,1.1842326,0.2126201,0.5292333,-2.520066,263,0.081164106,0.032273956,0.218792322,0.1,-81.0926316696716,35.3849438775849,31,35,4.8,6.8,9,5,0,0,0.1,0,0.11,0,2,0.03,0,0,0,0,0,"1",0.00839243837505257
"1233",969,0,63936.4095552236,-273724549.419492,21860.74219,0.0615605,0.0185382,0.0255454,3.7400842,0.1495199,0.4986398,-2.740981,271,0.200137245,0.003619742,0.262635371,0.25,-81.2705502645583,35.2084671755261,28,15,5.4,6.4,9,0,0,0,0,0,8.3,0,2,0.12,0,17,0,0,0,"0",0.00837688618030444
"1234",974,0,63936.4095552236,-273724549.419492,37056.91406,0.0340103,0.0179519,0.0090316,3.2813458,0.0672159,0.5331524,-3.450509,242,0.083008659,0.030515752,0.210234988,0,-81.0913328372795,35.3765521821686,63,31,20.2,6.4,20,0,0,14.39,0,0,0,0,3,0.115,0,19.6,0.227,0,0,"0",0.0142836310678424
"1235",982,0,63936.4095552236,-8e+07,28431.63867,0.0245851,0.0150774,0.0150774,1.7684314,-0.0233186,0.4950592,-3.425801,245,0.074194747,0.00440297,0.171319688,0.05,-81.1010801192465,35.3276047273019,8,16,7.9,6.6,2,0,0,0,0,0,0,0,1,0,0,0,0,0,0,"1",0.039861024631804
"1236",988,0,63936.4095552236,-273724549.419492,39319.01172,0.0417901,0.0238395,0.0092511,2.9355664,0.065843,0.5079994,-2.616565,259,0.082324809,0.031018119,0.217653811,0.1,-81.0911746990568,35.3843917344848,13,11,7.4,6.3,3,0,0,0,0.1,0,0,0,1,0,0,9.4,0,0,0,"0",0.0085234410544357
"1237",989,0,63936.4095552236,-273724549.419492,39648.34766,0.0417901,0.0238395,0.0092511,4.9585962,0.0864198,0.5149623,-2.805104,259,0.081996969,0.031430989,0.218332871,0,-81.0920305168761,35.3847001937809,81,76,8.1,7.6,29,12,0,0,0,0,0,0,2,0.3,0,0,0,0,0,"1",0.0079514201292999
"1238",995,0,63936.4095552236,-273724549.419492,28804.97461,0.0247477,0.0141155,0.0134856,3.0257473,0.1124835,0.5124922,-2.70135,246,0.075509304,0.00455431,0.172397238,0,-81.1016476532625,35.3286663243225,82,68,13.9,7.1,26,7.8,0,6.89,0,0,0,0,4,0.12,0,6.6,0,0,0,"1",0.0378138193564566
"1239",997,0,63936.4095552236,-2.72e+08,28827.96875,0.0165569,0.0131848,0.0117928,0.3284902,-0.0658436,0.5028788,-3.547361,249,0.071024929,0.005125202,0.176624988,0,-81.0958448709581,35.3368656218776,0,140,68,7.7,0,0,0,0,0,0,0,0,0,0,0,0,0,0,0,"1",0.0382002463543306
"1240",998,0,63936.4095552236,-273724549.419492,22295.89844,0.0636957,0.021102,0.0277532,3.5486591,0.0960236,0.5004699,-3.613223,268,0.203280459,0.002197498,0.264970794,0,-81.2733365458411,35.2055042723672,37,52,6.3,7.1,9,0,0,0,0.55,0,0,0,4,0,0,0,0,0,0,"1",0.00678214327037163
"1241",1000,0,63936.4095552236,-4.8e+07,32283.92578,0.0278014,0.0258575,0.0243116,5.1797853,-0.0123461,0.5043388,-3.924228,224,0.065359422,0.014400638,0.198455422,0,-81.0735609728435,35.3710001239122,64.75486152033,61.2816735415439,9.90723366686286,6.7,17,9.90949941107185,0.00176547231270358,0.568175895765472,0,0,0,0,4,0,0,20.6,0,0,0,"1",0.018929021306182
"1242",1008,0,63936.4095552236,-273724549.419492,38421.96484,0.039266,0.0228952,0.0106613,4.312499,0.0411505,0.5190711,-3.079883,256,0.08335226,0.029815444,0.215533174,0,-81.0913356181939,35.3824986635614,29,35,5.3,7.1,9,0,0,0,0,0,0,0,2,0,0,0,0,0,0,"1",0.00594047011729524
"1243",1021,0,63936.4095552236,-273724549.419492,37769.73828,0.0370224,0.0213227,0.0113891,3.8391652,0.1289428,0.5102997,-3.707673,259,0.083600406,0.029544684,0.213645351,0,-81.0909210483058,35.3804858967505,87,87,8,7.4,28,0,0,0,0,0,0,0,4,0,0,0,0,0,0,"1",0.0078001719579299
"1244",1024,0,63936.4095552236,-273724549.419492,17926.39063,0.0340299,0.0388724,0.0074045,0.9853842,0.0027436,0.5055782,-3.263751,235,0.071375208,0.007344322,0.191686445,0,-81.142681900999,35.3210375132322,54,69,9.2,7,11,0,0,2.5,0,0,0.17,0,6,0,0,0,0,0,0,"1",0.0467310445407372
"1245",1026,0,63936.4095552236,-1.92e+08,38664.78516,0.0395544,0.0220927,0.0095358,2.5001462,-0.0480122,0.4835166,-3.956298,252,0.08206237,0.03109948,0.21603048,0,-81.0914173820909,35.3826764634529,110,96,8.7,7.6,41,14.3,0,0,0,0,0,0,2,0,0,5.6,0,0,0,"1",0.00595244769858745
"1246",1027,0,63936.4095552236,-1.28e+08,19029.04688,0.0347878,0.0372384,0.0058964,4.6584816,-0.0329213,0.4957346,-3.559381,229,0.068438567,0.009426388,0.193899835,0,-81.1423196933695,35.3244756489153,39,38,6,7.8,8,0,0,2.5,0,0,0,0,5,0,0,0,0,0,0,"1",0.045123577891704
"1247",1031,0,63936.4095552236,-273724549.419492,45649.10938,0.0616798,0.0093231,0.0047679,1.1842326,0.01509,0.5317296,-2.672197,265,0.062190719,0.035051598,0.238231801,0,-81.1119652203901,35.3979985615092,40,49,9.3,7.3,9,11.02,0,0,0,0,2.5,0,4,0.23,0,0,0,0,0,"1",0.0132418360500377
"1248",1035,0,63936.4095552236,-273724549.419492,18642.0957,0.0372923,0.0365681,0.0109093,4.6927934,0.0631,0.5468951,-2.493863,230,0.073962897,0.010872327,0.188465948,0.06,-81.1390226982799,35.320053534289,56,75,16,7.1,13,0,0,0,0,0,0,0,6,0,0,10,0.2,0,0,"1",0.0412864694359546
"1249",1038,0,63936.4095552236,-3.2e+07,38339.96484,0.03844,0.0212599,0.0098801,2.3215306,-0.0109745,0.4994431,-3.86477,248,0.08239591,0.030742176,0.214404533,0,-81.0916051728998,35.3811630559455,122,117,8.3,7.9,40,10.7,0,0,0,0,0,0,5,0,0,0,0,0,0,"1",0.00707391844957484
"1250",1042,0,63936.4095552236,-273724549.419492,38016.72656,0.0373281,0.0204585,0.010343,4.374136,0.0315495,0.5039928,-3.853785,251,0.0826519,0.030497147,0.213970467,0.14,-81.0910274644292,35.3806712847773,33,40,6.4,7,10,0,0,2.1,0,0,0,0,2,0.13,0,0,0,0,0,"1",0.00622766754463408
"1251",1051,0,63936.4095552236,-273724549.419492,31150.61719,0.0589302,0.0465148,0.0340103,2.7068136,0.1289432,0.4971978,-2.389414,242,0.020458702,0.012029877,0.240973846,0,-81.1598218913343,35.3708725306749,53,38,6.4,6.7,13,0,0,5.01,0,0,0,0,5,0,0,6.28,0,0,0,"1",0.132517459291478
"1252",1060,0,63936.4095552236,-1.6e+07,38587.58984,0.0387691,0.0204585,0.0088068,5.5668116,-0.0068591,0.5025786,-3.845666,253,0.080766677,0.032371441,0.215141631,0,-81.0935007600473,35.3810683149393,150,90,6.7,7.3,25,7.3,0,0,0,0,0.14,0,2,0.38,0,0,0,0,0,"1",0.00768517901210341
"1253",1061,0,63936.4095552236,-4.64e+08,38587.58984,0.0387691,0.0204585,0.0088068,2.1024425,-0.115227,0.4963584,-4.231363,248,0.081748099,0.031394504,0.214543172,0,-81.0922375749845,35.3811548760776,28,36,6.8,7.2,8,0,0.00176547231270358,0.568175895765472,0,0,0.32,0.015,2,0,0,0,0,0,0,"1",0.00735155167995478
"1254",1076,0,63936.4095552236,-3.52e+08,31748.43164,0.0220927,0.0058964,0.0047679,1.0386748,-0.087791,0.4950876,-3.48925,247,0.079678414,0.008599457,0.185131976,0,-81.1035316501961,35.3425354512669,72,70,3.5,7.5,27,0,0,0,0,0,1.6,0.005,0,0,0,5.7,0,0,0,"1",0.0290330224645054
"1255",1077,0,63936.4095552236,-273724549.419492,40552.98828,0.0435912,0.020686,0.0034692,1.6420193,0.1316871,0.5027615,-3.23264,264,0.076105057,0.037149332,0.219965589,0,-81.097561482552,35.3841708757032,71,68,6,7.5,25,12,0,0,0,0,0,0,2,0,0,0,0,0,0,"1",0.0113617929124715
"1256",1080,0,63936.4095552236,-273724549.419492,38201.45703,0.03695,0.0179891,0.0090316,2.7851665,0.0274349,0.5182176,-3.776131,246,0.080433728,0.03286882,0.213275368,0,-81.0934951781777,35.3791894174919,29,40,7.3,6.5,9,0,0,0,0,0,0,0,1,0,0,0,0,0,0,"1",0.0121886811926288
"1257",1081,0,63936.4095552236,-273724549.419492,38837.90625,0.0391295,0.0196925,0.0077573,6.4515057,0.1385464,0.5269853,-2.450204,259,0.079755014,0.033377761,0.215957458,0,-81.0939022954104,35.3813449276306,99,104,8.2,8.1,37,11.6,0,0,0,0,0,0,1,0.18,0,0,0,0,0,"1",0.00793618285641105
"1258",1083,0,63936.4095552236,-273724549.419492,15514.03613,0.0475385,0.0220927,0.020686,1.0386748,0.046639,0.5211021,-2.09104,253,0.212693959,0.014541765,0.245767449,0,-81.2546032196601,35.1873510117597,42,50,8.7,7.2,13,15.9,0,0,0,0.171,0.3,0,2,0.12,0,0,0,0,0,"1",0.0272593072500483
"1259",1098,0,63936.4095552236,-1.44e+08,25756.87891,0.0106613,0.007034,0.007034,0.3284902,-0.0384081,0.4740053,-2.648542,252,0.060972186,0.008658785,0.169304933,0.09,-81.0859255661393,35.3346692393286,17,35,8.4,7.1,5,0,0,0,0,0,0.77,0,1,0,0,0,0,0,0,"1",0.0420054117843698
"1260",1100,0,63936.4095552236,-273724549.419492,20951.49023,0.0591567,0.0163537,0.0231566,5.8010211,0.1248289,0.5062107,-3.096934,269,0.200226187,0.003880798,0.260072623,0,-81.2682813826306,35.2067775187835,18,31,6.7,6.2,6,0,0,0,0,0,0,0,0,0,0,0,0,0,0,"0",0.00936176099069329
"1261",1115,0,63936.4095552236,-273724549.419492,7427.011719,0.0277532,0.0113891,0.026395,3.2813458,0.0452679,0.4752585,-3.46146,236,0.170975455,0.007675611,0.169480518,0.08,-81.1787642751109,35.1883088822287,30,27,6.1,6.7,8,0,0,0,0,0,0,0,3,0,0,0,0,0,0,"1",0.063262677713896
"1262",1121,0,63936.4095552236,-273724549.419492,6118.517578,0.0247207,0.0099476,0.0222134,2.3215306,0.0246919,0.4776584,-3.738901,230,0.174351354,0.011286618,0.172852801,0,-81.1823502235994,35.1835079222126,71,32,12,6.7,17,0,0,0,0,0,0.38,0.021,14,0,0,73,0,0,0,"1",0.0622841719954229
"1263",1123,0,63936.4095552236,-273724549.419492,40235.17969,0.0429733,0.0191416,0.0025858,5.0121641,0.0507543,0.5012983,-3.466658,261,0.075780496,0.037399639,0.219295905,0,-81.0981871985933,35.3837930620684,0,62,43,7.3,0,13,0,3.1,0,0,0,0,0,0,0,11,0,0,0,"1",0.0114466091807207
"1264",1129,0,63936.4095552236,-2.72e+08,21524.75391,0.0647988,0.0238395,0.0294821,5.5763736,-0.0672152,0.4933056,-4.201356,242,0.209229148,0.003688609,0.264936673,0.06,-81.2740661410512,35.199585282008,31,46,8.3,7.4,11,0,0,1.2,0,0,0,0,2,0,0,0,0.2,0,0,"1",0.0074381395877397
"1265",1130,0,63936.4095552236,-273724549.419492,22026.8125,0.0647988,0.0238395,0.0294821,6.2509456,0.0438954,0.493383,-4.228833,240,0.209407998,0.004146075,0.265957404,0.1,-81.2747717367221,35.199272593842,130,54,7,7.6,29,0,0,0,0,0,0,0,0,0,0,0,0,0,0,"1",0.00735012839946876
"1266",1140,0,63936.4095552236,-6.4e+07,32401.72266,0.0303537,0.0279692,0.026395,5.7178402,-0.0178328,0.5179009,-3.419436,227,0.066361043,0.012725855,0.200240105,0,-81.0718798518199,35.3729451660152,270,255,15,7.5,92,14,0,0,0,0,0.21,0,9,0.61,0,25,0,0,0,"1",0.0177676701949197
"1267",1145,0,63936.4095552236,-273724549.419492,41064.4375,0.0439578,0.018284,0.0011564,1.7684314,0.0205747,0.5037989,-3.038771,259,0.073060301,0.04012626,0.220714312,0,-81.1012347579573,35.3838118619494,184,27,35.7,6.4,50,0,0.00176547231270358,0.568175895765472,0,0,0,0,14,0,0,162,0.37,0,0,"0",0.0136275426891601
"1268",1158,0,63936.4095552236,-273724549.419492,27122.66602,0.0188246,0.0098801,0.0098801,0.4645502,0.0685871,0.4954669,-3.063669,258,0.068452411,0.005276619,0.169634051,0,-81.0939179756727,35.3296689343549,78,77,8,7.1,4,0,0,3.7,0,0,0,0,4,0,0,0,0,0,0,"1",0.0811182224139547
"1269",1160,0,63936.4095552236,-273724549.419492,32529.2793,0.0307259,0.0289789,0.0274139,4.3985453,0.093279,0.4966668,-3.872462,238,0.065790253,0.011244191,0.200323984,0,-81.0707730998318,35.373624273452,179,102,15.4,8.1,67,93.2,0,0,0,0,0,0,3,0,0,8.6,0,0,0,"1",0.0181511396526369
"1270",1171,0,63936.4095552236,-273724549.419492,30087.56641,0.0568866,0.0434068,0.0330734,0.7344942,0.0507547,0.5350089,-3.141333,234,0.030977345,0.021417088,0.231147807,0,-81.1500837821714,35.3663708615486,52,46,6.6,7.1,16,5.85,0,2.53,0,0,0,0,3,0,0,7.2,0,0,0,"1",0.0499036211003425
"1271",1172,0,63936.4095552236,-1.12e+08,30462.35938,0.0568866,0.0434068,0.0330734,1.0386748,-0.0315501,0.5203264,-3.004611,234,0.030462373,0.021071751,0.231723926,0,-81.150425993149,35.366837181041,33,46,7.2,6.9,9,0,0,0,0,0,0,0,3,0,0,0,0,0,0,"1",0.0238285032301989
"1272",1175,0,63936.4095552236,-2.4e+08,19947.04102,0.0629141,0.0307911,0.0327483,1.7684314,-0.0548695,0.5053889,-2.851709,236,0.220898875,0.009824154,0.260185601,0,-81.2695654463602,35.1838358407458,43,58,8.6,7.3,9,0,0,0,0,0,0,0,5,0,0,0,0,0,0,"1",0.0122015072732225
"1273",1178,0,63936.4095552236,-1.28e+08,31315.0293,0.0353029,0.0367505,0.035227,1.6420193,-0.0301783,0.5082238,-3.164544,247,0.060605783,0.005162168,0.19828239,0,-81.0622227513469,35.3740439003072,53,64,13.1,6.4,10,0,0,0,0,0,0,0,7,0,0,13.5,0.13,0,0,"0",0.0340434554022652
"1274",1179,0,63936.4095552236,-2.4e+08,40127.99219,0.0408844,0.015033,0.0046255,1.1842326,-0.0644733,0.4779966,-2.824108,250,0.072954396,0.038811498,0.217777785,0,-81.1015467374979,35.3805219706443,27,32,7,6.8,7,0,0,1.86,0,0,0,0,2,0,0,0,0,0,0,"1",0.0144461530629687
"1275",1182,0,63936.4095552236,-9.6e+07,26766.0957,0.0164353,0.0083388,0.0083388,2.7068136,-0.0233201,0.5319421,-3.426384,256,0.065785332,0.007407103,0.16994689,0,-81.0912899081984,35.3318700169046,60,66,7.7,7.5,18,7.5,0,0,0,0,0.38,0,3,0.04,0,0,0,0,0,"1",0.0793271256413856
"1276",1202,0,63936.4095552236,-3.04e+08,31865.60938,0.0347108,0.0356984,0.0341672,3.8391652,-0.0781894,0.4666209,-3.442401,246,0.062506171,0.005546189,0.199553733,3.1,-81.0644919753832,35.375355399802,58,73,11,6.6,17,0,0,0,0,0,1.2,0,4,0.05,0,5.8,0,0,0,"1",0.0224971130552913
"1277",1204,0,63936.4095552236,-1.6e+07,30622.35352,0.0584403,0.0417741,0.0325641,1.3541625,-0.0068587,0.5344783,-2.967404,235,0.03082517,0.021751286,0.231641638,0,-81.1503437714611,35.3668184902054,25,35,5.6,6.8,7,0,0,0,0,0.13,0,0,2,0,0,0,0,0,0,"1",0.0246064241853247
"1278",1206,0,63936.4095552236,-273724549.419492,41461.86328,0.0581996,0.0106613,0.0106613,3.0257473,0.0137169,0.5318477,-2.407563,264,0.054642278,0.027838984,0.232339074,0,-81.1186381784299,35.3877329704196,62,61,7.8,7.8,18,12,0,0,0,0,1.2,0,4,0.13,0,0,0,0,0,"1",0.0167344975717583
"1279",1207,0,63936.4095552236,-273724549.419492,43141.75781,0.0571329,0.0106613,0.0084186,2.3674541,0.0260635,0.5110439,-2.66977,265,0.059085143,0.032006182,0.233166907,0,-81.1145631593419,35.3907693487709,97,41,7.1,7,23,12,0,0,0,0,2.7,0,4,0.15,0,0,0,0,0,"1",0.01793987918971
"1280",1212,0,63936.4095552236,-273724549.419492,32036.69336,0.0362928,0.0372384,0.0356984,2.6261098,0.1193411,0.4869335,-3.980283,253,0.062454453,0.004034691,0.200092024,0,-81.0633083999271,35.3752318573269,95,104,10,7.1,30,0,0,0,0,0,0.59,0,5,0.03,0,5.9,0,0,0,"1",0.0249199889443268
"1281",1222,0,63936.4095552236,-273724549.419492,42021.40625,0.0583373,0.0098801,0.0093231,2.9719696,0.020573,0.5590776,-2.185215,263,0.055548627,0.028621286,0.23292917,0,-81.1185167772989,35.388940193029,28,29,5.3,6.7,7,8.3,0,0,0,0,0.57,0,2,0.15,0,0,0,0,0,"1",0.0173840281791009
"1282",1227,0,63936.4095552236,-273724549.419492,30837.96875,0.0579232,0.0425512,0.0336744,1.6420193,0.1234568,0.5416504,-2.418338,234,0.0301317,0.021168386,0.232325244,0,-81.1507515391592,35.3673305499423,35,48,9.1,7.2,9,0,0,1.11,0,0,0,0,3,0,0,0,0,0,0,"1",0.0476134312496638
"1283",1228,0,63936.4095552236,-273724549.419492,30996.02344,0.0579232,0.0425512,0.0336744,1.3934064,0.0617286,0.5363103,-2.692933,234,0.030508411,0.021486619,0.2319557,0,-81.1505105926531,35.367043300458,23,28,3.6,6.6,5,0,0,0,0,0.224,0,0,3,0,0,0,0,0,0,"1",0.0338787923025934
"1284",1233,0,63936.4095552236,-273724549.419492,26756.8125,0.0188246,0.0084186,0.0084186,1.9973403,0.0658439,0.5530504,-2.877576,254,0.067651334,0.006145371,0.168909027,0.32,-81.0936063176239,35.3298523715357,16,24,6.1,6.9,4,0,0,0,0.05,0,0.28,0,3,0,0,0,0,0,0,"1",0.09873080085285
"1285",1240,0,63936.4095552236,-4.48e+08,40344.12891,0.0564263,0.0139247,0.0143037,0.6569588,-0.1124829,0.4532211,-3.857949,252,0.052854692,0.026441988,0.230985249,0.06,-81.1197599632485,35.3847448352556,10,10,7.2,7.5,3,0,0.00176547231270358,0.568175895765472,0,0,0,0,1,0,0,7.49,0,0,0,"1",0.0230001204817392
"1286",1241,0,63936.4095552236,-273724549.419492,32666.48047,0.0326461,0.0315631,0.0299992,2.6465178,0.1097388,0.4901432,-3.06772,250,0.064943932,0.009066286,0.200410444,0,-81.0686552978833,35.3740667799347,24,41,8.6,6.3,7,0,0,0,0,0,0,0,2,0,0,0,0,0,0,"0",0.0206462716025779
"1287",1245,0,63936.4095552236,-4.8e+07,31904.57227,0.0331138,0.0325846,0.031029,4.147893,-0.0123472,0.4946963,-3.343401,246,0.063548814,0.008059602,0.199489791,0,-81.067115861902,35.3738878859713,35,45,8.5,6.6,10,0,0,1.6,0,2.5,0,0,2,0,0,5.8,0,0,0,"1",0.0208440651036508
"1288",1246,0,63936.4095552236,-4.48e+08,26130.39453,0.0509334,0.0286074,0.0212284,5.5668116,-0.1111117,0.5000448,-4.100268,223,0.053508383,0.012409482,0.207870769,0,-81.1369030054341,35.3471537468655,110,120,9.7,7.7,31,7.9,0,0,0,0,0,0,7,0,0,0,0.2,0,0,"1",0.0455581141335735
"1289",1253,0,63936.4095552236,-273724549.419492,20820.62891,0.0650973,0.0294367,0.0327279,3.2318566,0.0164612,0.5127648,-4.053645,218,0.218889665,0.014337409,0.263571439,0.11,-81.2736621349833,35.1881314201455,69,69,8,7,16,0,0,0,0,0,1.6,0,7,0.06,0,5.3,0,0,0,"1",0.0104843538154952
"1290",1259,0,63936.4095552236,-1.28e+08,41114.82813,0.0564737,0.0129288,0.0129288,1.9701859,-0.0342935,0.4899601,-3.397701,261,0.054476259,0.027910158,0.230861395,0.05,-81.1192578896526,35.3859990031477,13,10,8.4,5.9,3,8,0.00176547231270358,0.568175895765472,0,0,0,0,2,0,0,0,0,0,0,"0",0.0189220542684239
"1291",1260,0,63936.4095552236,-3.84e+08,40555.03125,0.0564737,0.0129288,0.0129288,3.6234941,-0.0987658,0.4670374,-3.241942,255,0.053913402,0.027411488,0.230823276,0,-81.1194477911901,35.3854776222625,20,29,6.9,6.7,5,0,0.00176547231270358,0.568175895765472,0,0,0,0,1,0.04,0,8.5,0.11,0,0,"1",0.0202037808729397
"1292",1261,0,63936.4095552236,-273724549.419492,31420.64648,0.0243939,0.0036568,0.0025858,3.0257473,0.0987656,0.5061027,-2.234359,253,0.081522609,0.006457401,0.185864668,0,-81.1062233132808,35.3420345331232,33,49,6.5,6.9,10,0,0,0,0,0.2,0,0,2,0,0,0,0,0,0,"1",0.0240113116600347
"1293",1263,0,63936.4095552236,-3.2e+07,26051.0332,0.0139247,0.0057819,0.0057819,0,-0.0082305,0.5111582,-2.744924,253,0.063124279,0.01006915,0.168601063,0,-81.0889108237746,35.3315356703508,20,32,6.5,6.8,7,0,0,0,0,0,12,0.053,1,0.18,0,0,0,0,0,"1",0.056623235303544
"1294",1271,0,63936.4095552236,-273724549.419492,37571.86328,0.0385095,0.0049061,0.0065415,6.4924836,0.0809332,0.4726598,-3.723783,237,0.066429109,0.026996665,0.212378147,0,-81.1099714417121,35.3701673795904,16,91,13,7.4,4,290,0,1.5,0,0.32,0,0,8,0.21,0,0,0,0,0,"1",0.02500016410038
"1295",1272,0,63936.4095552236,-273724549.419492,34534.90234,0.0305294,0.0095358,0.0088068,3.6234941,0.0836769,0.5275947,-3.81413,247,0.071996552,0.01422517,0.200405854,0,-81.1088128010343,35.3571389162383,17,43,8.1,6.9,4,7.2,0,0,0,0,0.11,0,2,0,0,0,0,0,0,"1",0.0205442306261545
"1296",1282,0,63936.4095552236,-273724549.419492,42218.04297,0.0520373,0.0157285,0.0116215,2.6465178,0.056242,0.5175028,-2.987862,256,0.061706804,0.035021274,0.227718848,1.8,-81.1119540773202,35.386028422034,30,38,9.3,6.6,9,0,0.00176547231270358,0.568175895765472,0,0,0.14,0,1,0,0,0,0,0,0,"1",0.012696206454986
"1297",1283,0,63936.4095552236,-273724549.419492,42218.04297,0.0520373,0.0157285,0.0116215,1.3137449,0.0260633,0.5019222,-2.785196,258,0.061407026,0.034736521,0.227759047,0,-81.1122639431696,35.3859355259468,32,39,5.4,6.9,11,0,0,2.62,0.06,0,0.22,0,0,0,0,6.8,0,0,0,"1",0.0127402699015366
"1298",1284,0,63936.4095552236,-273724549.419492,13030.28516,0.0335551,0.0324612,0.0155576,0.7344942,0.0795616,0.5122213,-3.292488,261,0.091304795,0.010793835,0.269150045,0.39,-81.2405372399534,35.3197084289959,0,59,33.9,7.4,0,9.2,0.00176547231270358,0.568175895765472,0,0.429,0,0,0,0,0,0,0,0,0,"1",0.076124157443109
"1299",1297,0,63936.4095552236,-273724549.419492,28908.30078,0.0300215,0.0047679,0.0051715,1.3541625,0.0342935,0.5193247,-2.199075,245,0.081522818,0.007855437,0.182932276,0,-81.1099982412383,35.3361111164423,119,109,8.2,8,41,14.99,0,0,0,0,0,0,4,0.1,0,0,0,0,0,"1",0.0282366518536335
"1300",1307,0,63936.4095552236,-273724549.419492,32969.32813,0.0367505,0.0353029,0.0331138,2.9355664,0.1138547,0.50208,-3.685077,255,0.06596679,0.00607914,0.202675119,0,-81.066154017996,35.37740707367,49,52,11,6.6,15,0,0,0,0,0,0,0,3,0,0,7.1,0,0,0,"1",0.0192785800982972
"1301",1322,0,63936.4095552236,-273724549.419492,40945.26563,0.0437138,0.0127727,0.0090316,2.3215306,0.0877921,0.5189396,-3.352285,248,0.066564637,0.036461677,0.219710274,0,-81.107675888018,35.3791935944578,48,53,7.6,8.1,11,9.6,0,0,0,0,2.8,0,5,0.14,0,0,0,0,0,"1",0.0171806546358644
"1302",1336,0,63936.4095552236,-3.04e+08,19198.04492,0.0543501,0.0134856,0.0188246,3.487623,-0.0781894,0.4818247,-3.847767,262,0.202459419,0.007365587,0.255568983,0.07,-81.2646551269029,35.2024442535943,52,53,7.3,7.5,13,12.4,0,0,0,0.136,1.3,0,4,0.13,0,0,0,0,0,"1",0.010925533833229
"1303",1342,0,63936.4095552236,0,38833.64063,0.0524341,0.0188246,0.0199623,2.2982233,-1.1e-06,0.5049826,-3.416544,256,0.053941146,0.028838309,0.225380511,0,-81.1207341320755,35.3790582604552,14,13,7.2,5.7,4,0,0,0,0,0,0.11,0,1,0.02,0,0,0,0,0,"0",0.0299142170821062
"1304",1354,0,63936.4095552236,-1.92e+08,30524.83008,0.0268221,0.0011564,0,2.0766673,-0.0411533,0.5275496,-3.399776,248,0.080205789,0.004815427,0.186165489,0.05,-81.108072637551,35.3406416194563,153,95,26.7,7.2,50,0,0,0,0,0,0,0,6,0,0,22,0.5,0,0,"1",0.000290877904000107
"1305",1355,0,63936.4095552236,-1.92e+08,30524.83008,0.0268221,0.0011564,0,2.0766673,-0.0411533,0.5275496,-3.399776,248,0.080205789,0.004815427,0.186165489,0.05,-81.1080751656741,35.3406411902032,153,95,26.7,7.2,50,0,0,0,0,0,0.24,0,7,0.06,0,33.4,0.42,0,0,"1",5.5547475768239e-05
"1306",1356,0,63936.4095552236,-1.92e+08,30524.83008,0.0268221,0.0011564,0,2.0766673,-0.0411533,0.5275496,-3.399776,248,0.080205789,0.004815427,0.186165489,0,-81.1080750432376,35.3406409565096,130,92,23,6.7,42,0,0,0,0,0,0.24,0,7,0.06,0,33.4,0.42,0,0,"1",5.54052205106617e-05
"1307",1357,0,63936.4095552236,-273724549.419492,18151.36914,0.0520887,0.013083,0.0171909,2.0766673,0.1975294,0.5285969,-3.479868,268,0.202850045,0.010662169,0.25235632,0,-81.2625139595059,35.1995363922374,10,7,2.8,5.8,2,6.9,0,0,0,0,0.81,0,1,0.04,0,0,0,0,0,"0",0.01229537078939
"1308",1365,0,63936.4095552236,-273724549.419492,40456.88281,0.0467871,0.0146272,0.0113891,1.6420193,0.0150892,0.5284946,-2.914465,251,0.063340433,0.036735569,0.221626997,0,-81.1111078747031,35.3799261817303,140,109,11,7.1,47,30,0,3.7,0,0.37,0,0,5,0.06,0,7.2,0,0,0,"1",0.0165801925501433
"1309",1375,0,63936.4095552236,-273724549.419492,39887.85156,0.0459071,0.0135351,0.0119057,0.7344942,0.1700967,0.5393686,-2.254215,250,0.063253037,0.035191059,0.220402227,0,-81.1108710983589,35.3784798383158,58,48,9.6,7.1,15,19.56,0,1.93,0,0,0.21,0,5,0,0,6.01,0,0,0,"1",0.0168530744974885
"1310",1385,0,63936.4095552236,-5.6e+08,29955.14258,0.028136,0.0011564,0.0016354,1.0386748,-0.1358027,0.4879973,-3.535519,246,0.079807568,0.004649962,0.185851723,0,-81.1094998439183,35.3399566387955,23,30,7.1,6.8,6,0,0,0,0,0,0,0,2,0,0,0,0,0,0,"1",0.0232745399775583
"1311",1394,0,63936.4095552236,-273724549.419492,19180.7793,0.0555546,0.0157285,0.0204912,3.7400842,0.0027424,0.4810736,-3.60943,256,0.205300275,0.006676025,0.256674954,0,-81.2657576575587,35.1998189244482,38,46,13,7.3,9,12,0,0,0,0,0.78,0,2,0,0,9.1,0,0,0,"1",0.0106677000481059
"1312",1395,0,63936.4095552236,-4.48e+08,38045.03516,0.0500462,0.0164353,0.0180633,3.3781307,-0.1083672,0.4871839,-3.854547,248,0.055840749,0.031223487,0.222573412,0,-81.1204159682718,35.3764018688226,91,97,9.1,7.7,30,14,0,0,0,0.31,0.29,0,4,0.07,0,0,0,0,0,"1",0.0305677311428534
"1313",1402,0,63936.4095552236,-3.04e+08,39744.32422,0.047454,0.0144895,0.0139726,3.0959876,-0.0768182,0.485211,-3.974724,241,0.060145887,0.034586409,0.222586502,0,-81.1141651670939,35.379165801612,162,146,10,7.6,58,25.4,0,0,0,0.244,0.53,0,4,0.19,0,0,0,0,0,"1",0.0181575598530537
"1314",1426,0,63936.4095552236,-273724549.419492,17731.2793,0.0530678,0.0196585,0.0213227,2.9538245,0.1179683,0.5045984,-3.319725,262,0.211133962,0.014557076,0.252690559,0,-81.2626990491581,35.1916011939028,46,53,6.5,7.4,10,8.1,0,0,0,0,1.5,0,5,0,0,0,0,0,0,"1",0.0177973048449142
"1315",1427,0,63936.4095552236,-8e+07,37525.54297,0.0451582,0.0115638,0.0131848,4.275084,-0.0246915,0.5131185,-3.93042,234,0.059675426,0.030185024,0.218051004,0,-81.1163743506102,35.3734997418865,0,70,39,7,0,9.3,0,0,0,0,2.7,0.011,0,0,0,5.9,0,0,0,"1",0.030402205740366
"1316",1442,0,63936.4095552236,-273724549.419492,19339.88867,0.0587484,0.0229536,0.0259865,1.1842326,0.1179691,0.5200929,-3.465846,252,0.212868685,0.01136636,0.257836167,0.07,-81.2669523406088,35.1915682338189,45,55,6.2,7.2,12,0,0,1,0,0,0,0,4,0,0,0,0,0,0,"1",0.00567687083137304
"1317",1451,0,63936.4095552236,-273724549.419492,18937.42578,0.0576107,0.0222134,0.0250164,2.3900836,0.0562411,0.5098015,-3.40497,249,0.212937662,0.011886101,0.257292362,0,-81.2667754221807,35.1916394043189,54,58,6.6,7.5,16,5.5,0.00176547231270358,0.568175895765472,0.01,0,0,0,4,0,0,0,0,0,0,"1",0.00570168699170365
"1318",1513,0,63936.4095552236,-273724549.419492,33097.19922,0.0318163,0.0124546,0.0077573,2.6465178,0.05487,0.4950152,-2.762348,246,0.070331178,0.011232144,0.199799321,0,-81.1116067619264,35.3543569642247,45,41,12,7.4,11,0,0,4.4,0,0,0.17,0,5,0,0,6.6,0,0,0,"1",0.0196032032016266
"1319",1539,0,63936.4095552236,-8e+07,24341.73047,0.0227781,0.0067428,0.0067428,2.3900836,-0.0178328,0.5156515,-3.933647,246,0.062659572,0.015622097,0.15893131,0,-81.0880758547176,35.3212071787126,46,37,9.9,7.1,12,6.63,0.00176547231270358,0.568175895765472,0.09,0,0,0,4,0,0,13.42,0,0,0,"1",0.0435142327162175
"1320",1541,0,63936.4095552236,0,33097.19922,0.033295,0.0119057,0.0062273,1.6745193,0.0013714,0.5215902,-3.236464,247,0.069706861,0.012319683,0.200802245,0,-81.1118929714759,35.3558745564654,32,44,9.2,6.6,8,0,0,1.2,0,0,0,0,3,0,0,0,0,0,0,"1",0.0196598634743873
"1321",1562,0,63936.4095552236,-2.56e+08,22206.56641,0.0173458,0.0062273,0.0062273,4.5657005,-0.0644722,0.4922589,-4.187382,243,0.053676281,0.013266492,0.157638132,0,-81.0798944386524,35.322913430332,24,59,10,6.6,6,0,0,0,0,0,0.1,0,3,0.09,0,7.3,0,0,0,"1",0.0442024566538856
"1322",1564,0,63936.4095552236,-273724549.419492,33403.58203,0.0347878,0.0115638,0.0047679,3.8391652,0.1522627,0.526257,-3.574572,241,0.067224641,0.013647713,0.202948998,0,-81.1141428685476,35.3565874420197,51,61,9.2,6.9,11,7,0,1.6,0,0,2.6,0,6,0.23,0,0,0,0,0,"1",0.0255177057091797
"1323",1572,0,63936.4095552236,-3.84e+08,23682.93164,0.0219408,0.0084186,0.0084186,8.1760778,-0.0973935,0.4935755,-3.926446,246,0.061233349,0.018439079,0.156117021,0,-81.0864625541359,35.3195335864846,69,69,10,6.6,21,0,0,0,0,0,0,0,4,0,0,13,0,0,0,"1",0.0456115169458183
"1324",1573,0,63936.4095552236,-273724549.419492,23961.07227,0.0223335,0.0062273,0.0062273,3.6676545,0.0795614,0.5192876,-3.447707,248,0.060854075,0.016703174,0.158256264,0,-81.0874795491907,35.3207930708011,100,109,9.3,8.1,36,11,0,0,0,0,0,0,3,0,0,0,0,0,0,"1",0.0420651787243166
"1325",1620,0,63936.4095552236,-2.72e+08,22026.8125,0.0174993,0.0127727,0.0093231,2.5001462,-0.0699591,0.4863545,-3.286381,242,0.058733879,0.021946469,0.150524269,0,-81.0827866894464,35.3139523316247,90,101,10.3,7.6,21,0,0,0,0.08,0,0,0,10,0,0,5.9,0.12,0,0,"1",0.0462799221765938
"1326",1666,0,63936.4095552236,-1.12e+08,31662.22656,0.0331138,0.0113891,0.0083388,9.4619827,-0.0246912,0.5025259,-4.115357,229,0.070107913,0.007667699,0.197716414,1.2,-81.1138602578937,35.3510111867349,36,51,8.4,7.3,7,0,0,0,0,0,0,0,5,0,0,0,0.1,0,0,"1",0.0245477214845613
"1327",1678,0,63936.4095552236,-273724549.419492,31946.08008,0.0344983,0.0129288,0.0067428,2.9355664,0.1371741,0.5529526,-2.197854,240,0.068727801,0.009584997,0.199584832,0,-81.1148732733038,35.3526423868659,28,40,5.2,7.2,7,0,0,0,0,0,0,0.006,1,0,0,0,0,0,0,"1",0.024118204876992
"1328",22,0,14221.9502,-1.44e+08,53823.8125,0.0041694,0.0292545,0.0011564,1.6420193,-0.0356664,0.4874493,-3.127604,291,0.195046962,0.015791148,0.413825106,0,-81.370768389831,35.3847289748753,40,71,19.4,7.9,15,7.5,0,0,0,1.819,0,0,1,0,0,0,0,0,0,"1",0.0624896330409452
"1329",23,0,14392.60254,-273724549.419492,53578.58594,0.0023128,0.0279453,0.0011564,3.6676545,0.064472,0.4923183,-3.326248,298,0.199009584,0.018329593,0.415814783,0,-81.3747213861245,35.3816871630352,35,34,11,6.8,11,0,0,3.7,0,0.29,0,0,2,0,0,6.8,0,0,0,"1",0.0653562073487416
"1330",41,0,19620.58203,-273724549.419492,52260.78906,0.0141155,0.0196585,0.0069383,5.0861926,0.0109739,0.4821421,-3.360751,299,0.20510856,0.024555133,0.415001721,0,-81.3805107726273,35.3700979153845,84,102,11,7.9,27,5.1,0,0,0,0.57,0.41,0,4,0.08,0,0,0.1,0,0,"1",0.0526649070142983
"1331",101,0,34752.74219,-273724549.419492,54190.33594,0.0286307,0.0106613,0.0109704,1.6745193,0.14129,0.5396855,-2.263157,282,0.219049729,0.039671172,0.423770382,5.23,-81.3936487266143,35.3618161890688,14,19,4,6.2,4,0,0,1.3,0.072,0,0.17,0,1,0.028,0,0,0,0,0,"0",0.0288453736498756
"1332",106,0,35957.88672,-3.2e+07,55490.67188,0.0346915,0.0092511,0.0155576,2.8044105,-0.0082315,0.4620113,-3.728579,264,0.226145212,0.046733977,0.429436864,0,-81.4003320483992,35.3599347539991,7,10,2.5,6.2,1,0,0,0,0.12,0,0.33,0,0,0,0,0,0,0,0,"0",0.0171925788997262
"1333",107,0,36108.33203,-9.6e+07,56049.07031,0.0365681,0.0095358,0.0171909,3.9628742,-0.021947,0.464067,-4.069742,264,0.227784176,0.0482331,0.431025541,0,-81.4018265795376,35.3598909964347,20,31,5.2,7.1,5,0,0.00176547231270358,0.568175895765472,0,0,0,0,2,0,0,0,0,0,0,"1",0.017832696378807
"1334",126,0,41388.49609,-273724549.419492,47755.94141,0.0356234,0.0303537,0.0270703,2.8235226,0.0041161,0.5140159,-3.061126,267,0.208074831,0.038084753,0.405673158,0,-81.3803703536518,35.3466815675263,14,27,7.5,6.5,4,0,0,0,0,0,0,0,0,0,0,0,0,0,0,"1",0.0431945663179728
"1335",145,0,43318.69141,-273724549.419492,52047.99219,0.0016354,0.0058964,0.0034692,3.8391652,0.1454038,0.5159959,-2.775269,284,0.16697917,0.009269734,0.397079759,0.06,-81.341924976696,35.4000782894412,86,78,7.6,7,21,0,0,0,0,0,0,0,8,0,0,7.3,0,0,0,"1",0.0815857642735886
"1336",155,0,45134.52344,-2.88e+08,50062.375,0.0219408,0.0258575,0.0036568,1.6420193,-0.0768176,0.4817824,-3.188112,274,0.145686332,0.005692575,0.38167857,0,-81.3203952030194,35.4033279254153,7,15,5.8,6.4,2,0,0,0,0,0,0,0,0,0,0,0,0,0,0,"0",0.132775699047356
"1337",156,0,45506.35156,-273724549.419492,47755.94141,0.0342454,0.0302655,0.0264203,1.6420193,0.0672155,0.5105622,-3.056639,270,0.207556849,0.037670158,0.405268827,0,-81.3798822385824,35.3468557679168,53,90,22,7.6,20,0,0,0,0,0,0.13,0,0,0,0,0,0,0,0,"1",0.0430867458897337
"1338",171,0,47344.52344,-3.52e+08,48165.21875,0.0148089,0.0292773,0.0098122,0.7344942,-0.0864209,0.4970509,-3.433472,289,0.188009221,0.009349772,0.40015652,0,-81.3629035186322,35.3700810049102,86,93,8.3,7.6,23,7.6,0,2.6,0,0,0.53,0,7,0.08,0,0,0,0,0,"1",0.0581368885296138
"1339",176,0,48455.65625,-273724549.419492,50607.01953,0.0294821,0.0212599,0.0179519,2.6465178,0.0932787,0.5025229,-3.069519,278,0.211542902,0.035944131,0.413179635,0,-81.385452280696,35.3547702727042,30,31,7,6.6,9,0,0,0,0,0,0,0,2,0,0,0,0,0,0,"1",0.0612568655476109
"1340",186,0,49705.72656,-273724549.419492,48625.58203,0.0196925,0.0227193,0.0032707,1.4687471,0.0205756,0.5265433,-2.880066,266,0.145668326,0.010564414,0.37928461,0,-81.321080791207,35.4005127318179,97,57,7.8,7,21,0,0,7.7,0,0,0.16,0,11,0,0,19.6,0,0,0,"1",0.118367173942679
"1341",193,0,50276.25391,-273724549.419492,47994.67969,0.0165569,0.0294367,0.0139247,2.9719696,0.1385453,0.483691,-3.26996,295,0.190931905,0.013752624,0.400857268,0,-81.3667453836663,35.3653240731462,0,12,5.3,6.4,1,0,0,0,0,0,0.08,0,0,0,0,0,0,0,0,"0",0.0562342997280299
"1342",206,0,52960.72656,-273724549.419492,48425.88672,0.0256759,0.0279692,0.0213227,3.2813458,0.0342946,0.5129673,-3.495142,271,0.202131936,0.028756983,0.404820557,0.13,-81.375803608217,35.3552438960458,15,24,8,6.6,4,0,0,0,0,0,0,0,0,0,0,0,0,0,0,"1",0.0604366506816443
"1343",239,0,57519.00781,-273724549.419492,47369.35938,0.0186461,0.0269961,0.0134856,1.1842326,0.0109743,0.5264494,-3.255634,293,0.188139584,0.012882597,0.39787855,0.05,-81.3636314818523,35.3657912615273,35,56,11,7.3,10,7.2,0,0,0,0.4,4.1,0,3,0.05,0,0,0,0,0,"1",0.0552563313903805
"1344",261,0,60786.89063,-2.08e+08,47522.97656,0.0231277,0.0258575,0.0036568,1.1842326,-0.0521263,0.4769286,-2.810998,264,0.141759315,0.006700296,0.375494569,0,-81.3167044622554,35.3988212153795,25,28,4.9,7.4,8,0,0,0,0,0,0,0,1,0,0,0,0,0,0,"1",0.11752564131927
"1345",314,0,67953.50781,-273724549.419492,46613.23438,0.0243939,0.0266972,0.0062273,2.8235226,0.0562394,0.4916559,-3.191996,260,0.140348637,0.004539739,0.373130466,0,-81.314605997583,35.3967532681711,52,43,11,7.3,12,0,0,0,0,0,0.79,0,8,0,0,5.5,0,0,0,"1",0.0929484876137819
"1346",326,0,69024.69531,-2.72e+08,47332.62891,0.0254405,0.028136,0.0049061,2.1024425,-0.0644738,0.4581008,-3.227273,266,0.14025775,0.005280052,0.374054582,11.503,-81.3144049327205,35.397813491985,64.75486152033,61.2816735415439,9.90723366686286,0,18.7782352941176,9.90949941107185,0,0,0.0304176470588235,0.119623820754717,0.653395882352941,0.0188840188014101,4.29664508534432,0.0450829411764706,1.2948793407887e-06,5.24281176470588,0.0124105882352941,0,0,"0",0.107318951495487
"1347",344,0,70784.27344,-3.04e+08,46613.23438,0.0255454,0.0278494,0.0067428,4.6354632,-0.0768184,0.5104579,-2.967774,256,0.139959243,0.004057337,0.372492337,0.27,-81.3143419932233,35.396118884383,37,31,3.9,7.2,9,0,0,0,0,0,0,0,4,0,0,0,0,0,0,"1",0.0993426292454772
"1348",354,0,71617.89063,-273724549.419492,39436.79688,0.0596968,0.0220927,0.023727,0,0.0409284,0.4941006,-2.288932,294,0.197829689,0.026119977,0.380838087,11.503,-81.3641619566162,35.3227568653997,64.75486152033,61.2816735415439,9.90723366686286,0,18.7782352941176,0,0.00176547231270358,0.568175895765472,0,0,0,0,5,0,0,0,0,0,0,"0",0.00248993972358267
"1349",355,0,71617.89063,-273724549.419492,39436.79688,0.0596968,0.0220927,0.023727,2.5263176,0.0540334,0.4930688,-2.20428,294,0.198138703,0.025888944,0.380867628,11.503,-81.3643576300936,35.3223486211889,64.75486152033,61.2816735415439,9.90723366686286,0,18.7782352941176,9.90949941107185,0,0,0.0304176470588235,0.119623820754717,0.653395882352941,0.0188840188014101,4.29664508534432,0.0450829411764706,1.2948793407887e-06,5.24281176470588,0.0124105882352941,0,0,"0",0.0575116425498635
"1350",356,0,71617.89063,-273724549.419492,39436.79688,0.0596968,0.0220927,0.023727,0,0.0409284,0.4941006,-2.288932,294,0.197829689,0.026119977,0.380838087,0,-81.3641649629958,35.3227593514593,46,62,7.7,7.6,10,9.90949941107185,0,0,0.0304176470588235,0.119623820754717,0.653395882352941,0.0188840188014101,4.29664508534432,0.0450829411764706,1.2948793407887e-06,5.24281176470588,0.0124105882352941,0,0,"1",0.00248847457190678
"1351",398,0,75755.67188,0,39302.16016,0.0587484,0.0204585,0.0220927,2.2025177,0.0016896,0.4635744,-2.81972,293,0.19615261,0.026381128,0.379974156,11.503,-81.3626022731387,35.3235319880425,64.75486152033,61.2816735415439,9.90723366686286,0,18.7782352941176,0,0.00176547231270358,0.568175895765472,0,0,0,0,4,0,0,0,0,0,0,"0",0.00209934047200704
"1352",399,0,75755.67188,0,39302.16016,0.0587484,0.0204585,0.0220927,2.2025177,0.0016896,0.4635744,-2.81972,293,0.19615261,0.026381128,0.379974156,0,-81.3626005861469,35.3235299181513,31,39,5.5,7.4,6,9.90949941107185,0,0,0.0304176470588235,0.119623820754717,0.653395882352941,0.0188840188014101,4.29664508534432,0.0450829411764706,1.2948793407887e-06,5.24281176470588,0.0124105882352941,0,0,"1",0.0021009204703443
"1353",400,0,75755.67188,-175135136,39088.73438,0.0587484,0.0204585,0.0220927,0,-0.0408523,0.4608876,-3.139161,293,0.196643653,0.025854818,0.379940389,0,-81.3623818363826,35.3232248974943,48,63,8,7.7,11,0,0.00176547231270358,0.568175895765472,0,0,0.31,0,5,0.05,0,0,0,0,0,"1",0.0629159258123588
"1354",424,0,77468.9375,-1.92e+08,38529.59375,0.0598869,0.0213227,0.0229536,1.3934064,-0.0493854,0.4856785,-3.761267,292,0.196083405,0.024385788,0.378625161,0,-81.3613957318155,35.3221337051495,55,72,8.7,7.5,11,0,0.00176547231270358,0.568175895765472,0,0,0.21,0,7,0.29,0,0,0,0,0,"1",0.258593055470682
"1355",425,0,77468.9375,-273724549.419492,39088.73438,0.0598869,0.0213227,0.0229536,1.1842326,0.0507522,0.4894222,-3.558169,294,0.196338126,0.025010294,0.379195467,0,-81.3618215046615,35.3226028735223,44,57,7.5,7.6,9,0,0.00176547231270358,0.568175895765472,0,0,0.33,0,5,0,0,0,0,0,0,"1",0.114189517289127
"1356",426,0,77468.9375,-1.92e+08,38878.40234,0.0598869,0.0213227,0.0229536,2.9719696,-0.0521289,0.4836315,-3.152776,296,0.196836289,0.024729127,0.37931957,0,-81.36274306416,35.3215215553568,40,53,7.7,7.4,8,0,0.00176547231270358,0.568175895765472,0,0,0.45,0,5,0.03,0,0,0,0,0,"1",0.0923001375817407
"1357",428,0,77789.40625,-1.44e+08,44926.72266,0.0317532,0.0218186,0.0222435,0.9290393,-0.0342935,0.4933693,-3.768114,279,0.193890693,0.028479121,0.394395913,0,-81.366650019471,35.3502043277783,120,143,15,7.5,31,0,0,0,0,0.31,0.16,0,10,0.09,0,0,0.1,0,0,"1",0.0731026780414272
"1358",523,0,86213.91406,-3.2e+07,45447.26953,0.0243939,0.0212599,0.0165569,4.374136,-0.0082311,0.4887326,-3.329574,294,0.185663977,0.016651423,0.39289561,0,-81.3603265737316,35.3601079443759,110,123,12,7.7,32,0,0,0,0,0.31,0.87,0,7,0.08,0,0,0,0,0,"1",0.0645111570371271
"1359",540,0,87281.14063,-9.6e+07,46136.38281,0.0152099,0.0098801,0.0098801,2.3215306,-0.0219485,0.4810221,-4.013953,268,0.168195328,0.006566965,0.387046289,0,-81.3436043441339,35.3778322623252,33,40,4.1,6.6,13,0,0,1.2,0,0,2.2,0,0,1.1,0,0,0,0,0,"1",0.0721136946209928
"1360",546,0,87643.6875,-273724549.419492,46342.37109,0.0201954,0.015033,0.0062273,1.9147184,0.0178328,0.503202,-3.711138,266,0.173713107,0.008377311,0.389754455,0,-81.3492613345919,35.3746229092241,38,47,7.9,6.9,10,0,0,0,0,0,0,0,3,0,0,0,0,0,0,"1",0.0629192919778433
"1361",547,0,87841.47656,-273724549.419492,44454.14063,0.0176893,0.0036568,0.0036568,3.3781307,0.0521244,0.5576301,-2.423155,270,0.162489,0.005182013,0.380965716,0,-81.3375285866927,35.3762361460214,28,36,7.5,6.5,9,0,0,0,0,0,0,0,1,0,0,0,0,0,0,"1",0.0805755167487618
"1362",554,0,88716.74219,-9.6e+07,46678.92969,0.0157285,0.012073,0.0093231,0.4645502,-0.0246921,0.5291412,-3.395883,264,0.170630649,0.009008253,0.388825374,0,-81.3463217098042,35.377581900112,132,140,8.1,7.4,38,0,0.00176547231270358,0.568175895765472,0,0,1.36,0,9,0,0,10.62,0,0,0,"1",0.0613676283421537
"1363",608,0,93972.41406,-273724549.419492,44899.0625,0.0252558,0.015033,0.0106613,1.9147184,0.03841,0.5160865,-2.595829,277,0.173584592,0.011601823,0.386829795,0,-81.3479308870506,35.3701099467761,60,115,30,7.5,17,0,0,0,0,1.2,0,0,4,0,0,0,0,0,0,"1",0.00125606802646911
"1364",609,0,93972.41406,-273724549.419492,44899.0625,0.0252558,0.015033,0.0106613,1.9147184,0.03841,0.5160865,-2.595829,277,0.173584592,0.011601823,0.386829795,0,-81.3479342468478,35.3701085816862,103,106,7.6,7.6,30,5.2,0,0,0,0.162,0.07,0,7,0.06,0,0,0.12,0,0,"1",0.00125608012870367
"1365",631,0,96360.09375,-2.4e+08,43365.79297,0.0283491,0.0243939,0.0157285,2.2025177,-0.0617269,0.4482618,-2.850022,270,0.137441933,0.008242843,0.365847627,0.06,-81.3134934269648,35.3871632162813,34,37,4.4,7.3,8,0,0,0,0,0,0,0,4,0,0,0,0,0,0,"1",0.177647258247524
"1366",660,0,99731.0625,-273724549.419492,41730.66406,0.029002,0.0113891,0.0106613,0.3284902,0.0548706,0.5798573,-2.614193,297,0.164802661,0.017078144,0.376245104,0.24,-81.3391284651347,35.3637438947719,49,84,4.8,7.5,12,0,0,0,0,0,0,0,0,0.03,0,0,0,0,0,"1",0.0973107471198181
"1367",668,0,63936.4095552236,-273724549.419492,42327.76172,0.0446819,0.0414528,0.0248286,1.0386748,0.1838134,0.5301416,-3.311044,258,0.120406812,0.015871246,0.353830306,0.6,-81.2959493158564,35.3906093484859,51,45,4.1,6.9,14,0,0,2.3,0,0,0.5,0,4,0,0,6.3,0,0,0,"1",0.28522633186807
"1368",669,0,63936.4095552236,-273724549.419492,43212.73438,0.0286074,0.0238114,0.0168372,0.7344942,0.0754466,0.5118223,-2.590473,269,0.138534567,0.009580759,0.366176204,0,-81.3143683235827,35.3860839566909,19,17,1.5,6.8,5,0,0,0,0,0,0,0,2,0,0,0,0,0,0,"1",0.175001559045066
"1369",674,0,63936.4095552236,-273724549.419492,43172.46484,0.0269961,0.0141155,0.0139247,0.9853842,0.0068574,0.5056731,-2.039164,292,0.17082871,0.015927519,0.382676538,0,-81.3447502282223,35.3667342089067,25,34,7.9,7.3,6,6.5,0,0,0,0,0.68,0,2,0.12,0,0,0,0,0,"1",0.0818814526288367
"1370",679,0,63936.4095552236,-273724549.419492,38233.96484,0.0534695,0.0083388,0.0099476,2.1024425,0.0452666,0.4867189,-2.869449,306,0.184943837,0.03004615,0.374058921,0,-81.3534923658841,35.332441506015,10,17,1.4,6.1,4,0,0,0,0,0,0,0,0,0,0,0,0,0,0,"0",0.0769508411621553
"1371",691,0,63936.4095552236,-273724549.419492,44621.50391,0.0269713,0.0188246,0.0186461,2.8235226,0.054868,0.4563435,-2.124889,298,0.184640312,0.018977989,0.390536095,0,-81.3585414824059,35.3580853185012,11,10,4,6,4,0,0,0,0,0,0,0,0,0,0,5.9,0,0,0,"0",0.0673976163897377
"1372",743,0,63936.4095552236,-6.4e+07,37357.42578,0.0537936,0.0058964,0.0073136,2.0766673,-0.0150885,0.514207,-3.905089,309,0.181607675,0.029476657,0.372170494,0,-81.350206171305,35.333519751013,62,79,11,7.4,19,7.1,0,0,0,0,0.14,0,4,0,0,0,0,0,0,"1",0.0758307757777218
"1373",750,0,63936.4095552236,-273724549.419492,44263.69141,0.020847,0.0171909,0.0165569,4.4589748,0.049382,0.4781972,-3.512831,264,0.145760986,0.0095341,0.372364524,0,-81.3215635187759,35.3859386695615,32,38,5.1,7.1,8,0,0,0,0,0,0,0,3,0,0,0,0,0,0,"1",0.121206577817969
"1374",755,0,63936.4095552236,-273724549.419492,49755.36719,0.031457,0.035227,0.0099476,3.2813458,0.2647475,0.5027301,-3.267685,274,0.136287544,0.011093311,0.375490213,0,-81.309573553869,35.4081011249445,24,25,4.5,7,6,0,0,0,0,0,0,0,4,0,0,0,0,0,0,"1",0.170864232675673
"1375",766,0,63936.4095552236,-273724549.419492,40491.67188,0.0279692,0.0090316,0.0057819,1.4687471,0.0562405,0.5220559,-3.078138,293,0.152062737,0.016589023,0.367812122,0,-81.3267429341251,35.3691746175898,57,60,7.5,7.6,16,7.5,0,0,0,0.37,1.4,0,4,0.08,0,0,0,0,0,"1",0.0846007701806487
"1376",810,0,63936.4095552236,-67324672,50788.35938,0.0388724,0.0429266,0.0180633,0.6569588,-0.030149,0.5242733,-3.339058,258,0.132351356,0.016078635,0.374524079,0,-81.3053794682169,35.413312670258,34,17,7.7,6.3,7,0,0.00176547231270358,0.568175895765472,0,0,0,0,4,4,0,14.5,0,0,0,"0",0.185962901765606
"1377",816,0,63936.4095552236,-273724549.419492,39918.98828,0.0285606,0.0099476,0.0067428,2.7068136,0.028806,0.512594,-3.295079,292,0.151119647,0.017394076,0.366872771,0,-81.3258564530479,35.3687835804089,13,27,7.1,6.5,4,0,0.00176547231270358,0.568175895765472,0,0.105,0,0,0,0,0,0,0,0,0,"1",0.0889913500733234
"1378",828,0,63936.4095552236,-1.28e+08,40086.69141,0.0381607,0.0098801,0.0161066,3.2813458,-0.0342942,0.4778923,-2.516009,300,0.168098615,0.026326761,0.373708539,0,-81.3412759610813,35.3559291326262,80,97,10,7.7,26,0,0,0,0,0,0.14,0,4,0.15,0,0,0,0,0,"1",0.143250809661213
"1379",833,0,63936.4095552236,-273724549.419492,41778.27344,0.0325641,0.015033,0.0171909,2.1024425,0.0617284,0.514475,-2.75456,305,0.171337323,0.020647914,0.379671117,0,-81.3457087201468,35.3599433595921,0,8,3,6.1,0,0,0,0,0.17,0,4.7,0.027,0,0,0,0,0,0,0,"0",0.110957599263718
"1380",838,0,63936.4095552236,-8e+07,43914.28125,0.0202285,0.0131848,0.0131848,4.8716373,-0.0205771,0.5017497,-3.694087,261,0.148900714,0.007345348,0.372941252,0.17,-81.3248058255456,35.3826187961275,69,69,4.8,7.6,15,0,0,0,0.11,0,0,0,6,0,0,7.5,0,0,0,"1",0.100858837105578
"1381",867,0,63936.4095552236,-273724549.419492,43799.08203,0.0295501,0.0164353,0.0192461,2.5001462,0.0795597,0.4862273,-2.900378,296,0.184055951,0.021056538,0.388773235,0,-81.357212132901,35.3562391486571,56,72,9.7,6.8,17,0,0,0,0,0.25,0.46,0,3,0.1,0,0,0,0,0,"1",0.0707414195339133
"1382",868,0,63936.4095552236,-273724549.419492,43717.69531,0.0315843,0.0165569,0.0179891,0.3284902,0.1152268,0.4889082,-3.067692,293,0.18662689,0.024664364,0.389075243,0,-81.3595431602792,35.3522670217933,50,15,12,6.2,12,0,0,0,0,0,0,0,1,0.05,0,12,0,0,0,"0",0.0734809480236465
"1383",883,0,63936.4095552236,-1.92e+08,42655.22656,0.031984,0.0154281,0.0176135,1.6420193,-0.0466399,0.5006142,-3.50665,294,0.173877865,0.018648927,0.382358003,0,-81.3480294135197,35.3606491208121,13,8,5.7,5.7,3,0,0,0,0,0,0,0,1,0.04,0,8.5,0,0,0,"0",0.0976386742875684
"1384",886,0,63936.4095552236,-273724549.419492,41114.82813,0.0431751,0.0095358,0.0104715,1.1842326,0.0137182,0.4770329,-3.759782,285,0.187238155,0.035849021,0.382755049,0.1,-81.3578314381924,35.3407950612938,54,51,5,7.3,12,8.4,0,0,0,0,0.75,0,6,0,0,0,0,0,0,"1",0.0738490970094675
"1385",916,0,63936.4095552236,-273724549.419492,43630.46094,0.0305513,0.0157285,0.018284,0.7344942,0.1138547,0.4809786,-2.249706,297,0.184519774,0.022834815,0.388155968,0,-81.3575825032427,35.35383916561,86,91,3.3,6.6,33,0,0,0,0,0,0,0,0,0.06,0,0,0,0,0,"1",0.072217440632658
"1386",960,0,63936.4095552236,-273724549.419492,42556.08203,0.0228075,0.0144895,0.0139247,1.3137449,0.0178332,0.4899223,-2.676888,274,0.145539342,0.011062,0.369249096,0,-81.3210923092548,35.3809511242052,22,23,4.3,6.4,6,0,0,3.5,0,0,0,0,2,0,0,0,0,0,0,"0",0.103718945410947
"1387",971,0,63936.4095552236,-3.2e+07,43012.94141,0.0224529,0.0129288,0.0122925,1.1842326,-0.0123449,0.4879366,-3.513845,266,0.147763531,0.009360067,0.370940929,2,-81.3234754833613,35.3802971559059,57,65,27,7.7,15,0,0,0,0,0,0,0,6,0,0,6.4,0,0,0,"1",0.0813088452926618
"1388",972,0,63936.4095552236,-273724549.419492,43012.94141,0.0224529,0.0129288,0.0122925,4.5657005,0.0150892,0.5041462,-3.049038,269,0.147194441,0.009842735,0.370442657,2.4,-81.3228962843035,35.380224210051,93,80,8.7,7.2,27,0,0,0,0,0,0,0,4,0,0,23,0,0,0,"1",0.0812538612137091
"1389",1013,0,63936.4095552236,-9.6e+07,37708.28906,0.0497783,0.0011564,0.0011564,1.6745193,-0.0274349,0.4961962,-3.297004,296,0.177707419,0.03258228,0.372153146,0,-81.347531522283,35.3385684757584,22,44,7.6,7,4,6.5,0,0,0,0,9.6,0,8,0.1,0,0,0,0,0,"1",0.0797070362657194
"1390",1036,0,63936.4095552236,-273724549.419492,37929.48047,0.0494008,0.0025858,0.0011564,2.3215306,0.0562409,0.4968318,-2.852091,290,0.176361991,0.032662947,0.371384439,0.07,-81.3474726446937,35.3394497864394,42,53,8.4,7.6,10,9.41,0,0,0,0,1.6,0,4,0.09,0,0,0,0,0,"1",0.0704134756599997
"1391",1043,0,63936.4095552236,-273724549.419492,49655.39063,0.0376669,0.0414528,0.016065,2.5639057,0.0932783,0.4950386,-3.351964,267,0.131776123,0.015779636,0.372639697,0,-81.3060351240095,35.4107090099526,28,30,3.1,6.8,7,0,0,0,0,0,0,0,3,0,0,0,0,0,0,"1",0.161954843448427
"1392",1078,0,63936.4095552236,-6.4e+07,38270.77344,0.048195,0.0011564,0.0011564,1.9973403,-0.0192042,0.5018982,-2.85362,298,0.178094107,0.03419233,0.373443632,0,-81.3474752993689,35.3398904629205,10,82,1.6,7.6,3,0,0,0,0,0,0,0,7,0,0,0,0,0,0,"1",0.0757368237040951
"1393",1089,0,63936.4095552236,-6.4e+07,41991.83203,0.0259865,0.0157285,0.0144895,1.3541625,-0.0150911,0.4857329,-2.665311,277,0.144017773,0.013421849,0.366856813,0.34,-81.319366681168,35.3786685750898,62,46,5.7,7,15,0,0,2.2,0,0.48,0,0,6,0,0,7.3,0,0,0,"1",0.123631136014753
"1394",1109,0,63936.4095552236,-273724549.419492,41323.80078,0.036805,0.0095358,0.015033,2.6465178,0.0891629,0.5338786,-2.946482,302,0.173976782,0.024366206,0.378896415,0,-81.3469018381564,35.3541148111212,19,12,7.5,6.7,6,0,0,0,0,0,0,0,1,0.07,0,6.5,0,0,0,"1",0.147194516626296
"1395",1111,0,63936.4095552236,-273724549.419492,40642.75391,0.0419179,0.0083388,0.0088068,0.9853842,0.0466395,0.5074921,-2.917799,293,0.184047465,0.034080536,0.380910573,0,-81.3548118281981,35.3427769403668,48,48,4.6,7.2,11,0,0,0,0,0,0,0.017,5,0,0,0,0,0,0,"1",0.0192238598499692
"1396",1136,0,63936.4095552236,-273724549.419492,40080.49609,0.0439578,0.0057819,0.0062273,2.6261098,0.050753,0.4863974,-3.075032,292,0.182457804,0.035331922,0.378732987,0.07,-81.3547710089153,35.3427357673957,65,60,8.4,7.3,23,0,0,0,0,0,0,0,13,0,0,12,0,0,0,"1",0.0192609086874767
"1397",1150,0,63936.4095552236,-1.76e+08,41124.89844,0.0361266,0.0093231,0.014068,0.9853842,-0.0425246,0.508665,-2.783931,303,0.17628218,0.024871146,0.380172569,0.25,-81.3489119214041,35.3535404435462,75,87,10.5,7,21,7.5,0,0,0,0,0.88,0,6,0.23,0,0,0,0,0,"1",0.172919538343042
"1398",1157,0,63936.4095552236,0,40051.55469,0.0402747,0.0051715,0.0104075,5.60496,-0.0027436,0.5017705,-3.590373,301,0.175432359,0.028923652,0.377097677,0,-81.3477551727912,35.3495926557544,89,86,6,7.8,27,10,0,0,0,0,0,0,5,0.07,0,0,0,0,0,"1",0.102160175532573
"1399",1161,0,63936.4095552236,-1.6e+08,40872.37891,0.0377555,0.0077573,0.0127727,1.0386748,-0.0411531,0.4560297,-3.251942,301,0.175408228,0.026613493,0.378494437,0,-81.3484998612155,35.3521126036374,98,85,3.6,7.3,28,22,0,0,0,0,0,0,7,0,0,0,0,0,0,"1",0.17569853344968
"1400",1162,0,63936.4095552236,-273724549.419492,41124.89844,0.0377555,0.0077573,0.0127727,0.7344942,0.0877919,0.5113267,-2.837194,304,0.175872,0.025529022,0.379481815,0,-81.348588921214,35.3529902145186,0,13,4.8,6.3,0,0,0,0,0,0,0,0,0,0.06,0,0,0,0,0,"0",0.393459290902993
"1401",1168,0,63936.4095552236,-1.76e+08,40864.27344,0.0413721,0.0081769,0.0083388,2.3674541,-0.0425227,0.4919034,-3.288444,292,0.183322704,0.033278224,0.380762618,0,-81.3543134200757,35.3436724473699,130,129,7.1,7.5,31,0,0,0,0,0,0.39,0,13,0,0,8,0,0,0,"1",0.0629577989719475
"1402",1187,0,63936.4095552236,-273724549.419492,40622.36719,0.0379322,0.0074045,0.0117928,5.4015985,0.1042526,0.4737328,-3.590369,303,0.176404323,0.027123312,0.378899165,0.12,-81.3490333920148,35.3510752411686,0,6,3.6,6.1,1,0,0,0,0,0,0.13,0,1,0.047,0,0,0,0,0,"0",0.108859237460817
"1403",1193,0,63936.4095552236,-2.72e+08,39648.34766,0.0423464,0.0036568,0.007034,0.7344942,-0.0699568,0.4629462,-3.906325,299,0.17674513,0.031803391,0.376288257,0,-81.3481383358772,35.3466966513197,13,10,4.6,6,3,0,0,2.9,0.15,0,0,0,1,0,0,5.5,0,0,0,"0",0.0976487550021203
"1404",1200,0,63936.4095552236,-273724549.419492,40945.26563,0.0388552,0.0065415,0.0106613,0.3284902,0.0411524,0.4712588,-3.771893,301,0.177066342,0.027779207,0.378990899,0.16,-81.3495446300583,35.3502401945139,20,27,6.8,6.7,3,8.7,0,0,0,0.143,0.45,0,3,0.199,0,0,0,0,0,"1",0.0961068852066104
"1405",1220,0,63936.4095552236,-8e+07,40216.64844,0.0407369,0.0051715,0.0084186,1.4687471,-0.0178324,0.4928804,-3.367961,298,0.177532262,0.030821028,0.377489545,0.51,-81.3490986298302,35.3474894471218,24,18,1.6,6.9,7,0,0.00176547231270358,0.568175895765472,0,0,0,0,1,0.1,0,0,0,0,0,"1",0.0841851221779474
"1406",1221,0,63936.4095552236,-4.48e+08,40216.64844,0.0407369,0.0051715,0.0084186,2.2982233,-0.1138536,0.4796883,-3.459144,300,0.177982993,0.030247806,0.378187263,0,-81.3504579297085,35.3479059151065,85,82,6.2,7.3,21,0,0,0,0,0,0,0,8,0,0,0,0,0,0,"1",0.081631693024463
"1407",70,0,25853.61133,-3.36e+08,19111.56641,0.0296179,0.0527519,0.0093231,0.4645502,-0.0795606,0.4897329,-2.827656,203,0.046967241,0.011682106,0.16494417,0.1,-80.9837706324242,35.3461489098011,530,59,54,7.7,180,0,0,0,0,0,0,0,5,0.06,0,24,0.1,0,0,"1",5.7042235575621e-05
"1408",71,0,25853.61133,-3.36e+08,19111.56641,0.0296179,0.0527519,0.0093231,0.4645502,-0.0795606,0.4897329,-2.827656,203,0.046967241,0.011682106,0.16494417,0,-80.983771412298,35.3461489365158,93,102,8.5,7,21,540,0,0,0,1.1,0.32,0,16,0.07,0,24,0,0,0,"1",5.70416361964019e-05
"1409",93,0,31137.16602,-273724549.419492,21697.2168,0.0347108,0.0460526,0.0093231,0.7344942,0.0507534,0.5204083,-2.863488,232,0.049914621,0.009148494,0.172570854,0,-80.9855084293787,35.3546122530162,29,42,8.4,6.6,9,0,0,0,0,0,0,0,2,0,0,0,0,0,0,"1",0.0283872852553442
"1410",150,0,44231.85547,-3.84e+08,6562.641113,0.0090316,0.0312438,0.0041694,2.6261098,-0.0919054,0.4997155,-3.92404,209,0.018589374,0.029155781,0.134126916,0.08,-81.0091821040757,35.3172041078009,284,279,22,7.6,96,26.2,0,0,0,0,0.61,0,11,0.02,0,14.8,0,0,0,"1",0.00539976541047129
"1411",159,0,45594.21094,-1.44e+08,7371.042481,0.0074045,0.0324612,0.0057819,0.7344942,-0.0370368,0.4882649,-3.148031,214,0.018471434,0.027547384,0.135923259,0.09,-81.0084526383952,35.3190742114964,140,110,30,7,35,51,0,0,0,0,0.11,0,13,0,0,31,0,0,0,"1",0.00308741269443028
"1412",160,0,45594.21094,-2.72e+08,7427.011719,0.0074045,0.0324612,0.0057819,3.2813458,-0.0713301,0.4826081,-3.361394,214,0.018740894,0.027467825,0.13574748,0.09,-81.0082383853015,35.3188927163614,104,92,21.7,7,25,22.1,0.00176547231270358,0.568175895765472,0,0,0,0,10,0,0,18.6,0,0,0,"1",0.00308365155222994
"1413",164,0,46411.15625,-273724549.419492,6562.641113,0.0144895,0.0254405,0.0041694,4.374136,0.0301779,0.5069862,-3.329178,206,0.014285415,0.034604545,0.133262406,0.27,-81.0151607011799,35.3160713688577,210,223,63,7.1,47,32,0,0,0.06,0,2,0,22,0.07,0,53,0,0,0,"1",0.0107535554640017
"1414",166,0,46649.24609,-4.64e+08,22310.75195,0.0356234,0.0380378,0.0188246,0.7344942,-0.1193426,0.5058948,-3.572389,239,0.045274139,0.01418136,0.175712532,0.13,-80.9939786825175,35.3583007306811,83,88,8.3,7.6,25,0,0,16,0,0.3,0.42,0,5,0,0,0,0,0,0,"1",0.0146044679601297
"1415",185,0,49629.50781,-273724549.419492,18792.54492,0.0269961,0.0439426,0.0170738,2.5001462,0.0233203,0.5039451,-3.836542,217,0.030672569,0.011917603,0.167193842,0,-81.006746297527,35.3505101371758,0,209,156.6,7.5,0,32,0,0,0,0,0,0,0,0,0,59.9,0,0,0,"1",0.00592530644270021
"1416",222,0,55395.36328,-273724549.419492,7902.466309,0.0157285,0.023243,0.0074045,4.9908075,0.0932774,0.5149696,-3.900901,206,0.010455699,0.035065297,0.136594716,0.09,-81.0174783304468,35.3195231518503,100,109,20,6.9,24,21,0,0,0,0,0,0,10,0,0,8.1,0,0,0,"1",0.00935004706344363
"1417",223,0,55395.36328,-273724549.419492,7504.666992,0.0157285,0.023243,0.0074045,9.4619827,0.0946497,0.4998515,-3.809681,197,0.010567738,0.035591635,0.1360477,0,-81.017775000111,35.3184229060236,0,163,116.3,8,0,51.7,0,0,0.05,0,0,0,0,0,0,8.2,0,0,0,"1",0.0129952976244982
"1418",242,0,57895.55859,-273724549.419492,10652.14941,0.0057819,0.035113,0.0011564,0.9853842,0.137175,0.5120286,-2.153428,226,0.018399356,0.022717515,0.144318924,0,-81.0072870732019,35.3271876377212,64,64,10,7.2,15,0,0,0,0,0,0,0,6,0,0,7.5,0,0,0,"1",0.00524426352640043
"1419",248,0,58829.90625,-273724549.419492,9440.242188,0.0058964,0.0333753,0.0016354,6.0082245,0.185185,0.5195053,-2.995116,225,0.017171819,0.024859997,0.141493574,0,-81.0089138606865,35.3249536986866,41,50,9.1,6.9,10,0,0,0,0.08,0,0,0,4,0,0,5.5,0.1,0,0,"1",0.00528140667526935
"1420",260,0,60522.91406,-273724549.419492,20608.71875,0.0312438,0.0397399,0.0197941,1.0386748,0.0342938,0.5121169,-2.071154,224,0.038122683,0.00943015,0.172226443,0,-81.0018931000786,35.3555103523556,180,136,16,7.8,44,30,0,0,0,0,0,0,16,0,0,17,0,0,0,"1",0.00684685895285893
"1421",262,0,61059.94922,-3.68e+08,12216.71289,0.0148089,0.0311366,0.0098122,2.9719696,-0.0891637,0.5095745,-3.583361,193,0.014080033,0.02772245,0.149816574,0,-81.0134250293107,35.3324009564759,71,60,11,6.7,18,6.7,0,0,0,0,0,0,6,0,0,10,0,0,0,"1",0.00487992886853111
"1422",270,0,61998.74609,-273724549.419492,22911.47852,0.0374533,0.035113,0.021603,4.7718778,0.0274357,0.484972,-3.31389,241,0.045333186,0.011573357,0.177619899,0.27,-80.9963555401981,35.3605287901841,71,82,10,6.6,22,0,0,0,0,0,0.43,0,4,0.06,0,9.3,0,0,0,"1",0.00960863481493732
"1423",283,0,63347.33984,-273724549.419492,20091.8418,0.0301548,0.0405395,0.0193845,2.6465178,0.0178332,0.510819,-3.304368,220,0.035485233,0.008771171,0.171062476,1.1,-81.0047984491058,35.3542350171344,170,109,27,7.6,39,58,0,0,0.2,0,0,0,19,0,0,35,0,0,0,"1",0.00428639056723721
"1424",287,0,64410.30859,-1.44e+08,14702.70508,0.0204585,0.0327483,0.0157285,3.2318566,-0.0370374,0.4788617,-3.84256,188,0.015985488,0.024771631,0.155534092,0.17,-81.0161244740969,35.3383234475713,82,80,9.2,6.8,23,12.4,0,0,0.02,0,0.14,0,6,0.04,0,7.2,0.16,0,0,"1",0.00448522711064357
"1425",332,0,69339.9375,-273724549.419492,19980.23047,0.0308562,0.0405395,0.0212284,4.1089568,0.0521267,0.5079346,-2.49159,223,0.032628556,0.008411966,0.170809733,0,-81.0092377206223,35.353363459563,433,335,35.4,7.5,132,64.71,0,0,0,0,1.09,0,25,0.43,0,69.47,0.1,0,0,"1",0.00587576308163218
"1426",335,0,69587.59375,-273724549.419492,20495.88086,0.0313079,0.039385,0.0204912,0.9290393,0.0233198,0.512983,-3.350725,224,0.036084039,0.007867376,0.171953268,0.21,-81.0044946762958,35.3546909521493,410,277,32,7.6,110,160,0,0,0,0,0,0,32,0.04,0,52,0,0,0,"1",0.00448943952265837
"1427",353,0,71602.45313,-273724549.419492,20451.38281,0.0314145,0.0393341,0.020847,3.2976756,0.0562414,0.5028257,-3.103538,224,0.035572807,0.007442957,0.172011445,0,-81.0058142586768,35.3544028155136,0,112,83.7,7.1,0,32.6,0.00176547231270358,0.568175895765472,0.05,0,0,0,0,0,0,16.6,0,0,0,"1",0.00499837133117336
"1428",552,0,88184.0625,-273724549.419492,23287.95313,0.0419179,0.0347878,0.0243116,8.026948,0.1303155,0.4957132,-4.310356,215,0.036731358,0.008555183,0.179207577,0,-81.0197206412844,35.3618269019927,35,27,0,6.1,10,0,0,0,0,0,0,0,3,0,0,12,0,0,0,"0",0.0118893234534094
"1429",616,0,94657.78906,-273724549.419492,32406.83398,0.0633061,0.0170738,0.0165569,1.3934064,0.0123453,0.5120763,-3.340058,224,0.069549789,0.029080549,0.204009621,0,-80.9919379113568,35.3862170496805,39,42,7.82,7.3,9,0,0,0,0.02,0,0.36,0,4,0,0,9.1,0,0,0,"1",0.0666700511141472
"1430",836,0,63936.4095552236,-273724549.419492,26028.76953,0.0464861,0.0259865,0.0180633,1.4687471,0.0356653,0.5078582,-2.8786,229,0.051845909,0.012260773,0.186759878,0,-80.9988053469584,35.369301683259,420,472,76,7.6,83,68,0,1.3,0.1,0.32,0.15,0,51,0,0,11,0,0,0,"1",0.00405169868635315
"1431",837,0,63936.4095552236,-273724549.419492,22418.15039,0.0374533,0.0335551,0.0231566,8.3538427,0.1495209,0.5290549,-3.38109,211,0.038856706,0.001780058,0.177390713,0,-81.0088377114555,35.3604749774184,210,151,0,6.8,58,27,0,4.3,0,0,0,0,16,0,0,38,0,0,0,"1",0.00718663416073679
"1432",859,0,63936.4095552236,-2.24e+08,28724.35352,0.0580039,0.0253615,0.0176135,6.826663,-0.0534975,0.4936908,-3.975302,225,0.05158059,0.020496124,0.194984402,0.19,-81.0259660411534,35.3766218495664,230,16,41.3,5.9,72,9.6,0,11.45,0.12,0,0.4,0.006,12,0.02,0,172,0,0,0,"0",0.0105422305831284
"1433",884,0,63936.4095552236,-3.52e+08,28376.23633,0.0574247,0.0269961,0.0191416,6.0082245,-0.0946497,0.4747299,-4.440368,214,0.050243117,0.02029938,0.193693312,0.14,-81.0266793974392,35.3764600710089,37,39,9.4,6,12,0,0,1.6,0,0,0,0,2,0,0,10,0,0,0,"0",0.0106215768877072
"1434",887,0,63936.4095552236,-273724549.419492,33204.62891,0.0621657,0.0297305,0.0266972,0.3284902,0.0973935,0.5296478,-2.778243,207,0.062418245,0.007342364,0.205999068,0,-81.0360856292691,35.3868756763078,59,68,7.2,7.5,15,0,0,0,0,0,0.22,0,10,0,0,0,0,0,0,"1",0.0167052154989963
"1435",915,0,63936.4095552236,-273724549.419492,28226.98633,0.0571212,0.023727,0.0155145,8.6071491,0.0781883,0.5074555,-3.008105,241,0.050583827,0.017973251,0.193684853,0.09,-81.0237449505898,35.3756030139418,38,50,8.8,6.7,13,0,0,0,0.01,0,0,0,2,0.05,0,7.3,0,0,0,"1",0.0124445573946762
"1436",943,0,63936.4095552236,-3.2e+07,23731.8418,0.0393341,0.0314145,0.021603,4.147893,-0.006858,0.5014324,-3.721326,220,0.04330462,0.003836309,0.180240453,0,-81.0047071347562,35.3636627839752,260,230,22,7.5,69,49,0,0,0,0.35,0.25,0,20,0.34,0,18,0,0,0,"1",0.00802135875267327
"1437",1006,0,63936.4095552236,-273724549.419492,26028.76953,0.0463853,0.0255977,0.0173458,1.3541625,0.0054871,0.498331,-2.675672,227,0.051350606,0.011694498,0.186468422,0,-80.9987372021379,35.3692395756222,87,77,16,6.3,22,28.7,0,2.18,0,0,0,0,8,0,0,12.4,0.11,0,0,"0",0.00404227663805555
"1438",1054,0,63936.4095552236,-2.72e+08,23693.41992,0.0394698,0.0312438,0.021102,2.5639057,-0.0699593,0.5033004,-4.296659,214,0.042422068,0.002111765,0.180237848,0,-81.005805426564,35.3628557109023,370,341,0,6.8,82,66,0,0,0,0,0,0,40,0,0,19,0.1,0,0,"1",0.00745741449058169
"1439",1226,0,63936.4095552236,-1.6e+08,27110.44727,0.0486232,0.0230408,0.0148089,3.0959876,-0.0425242,0.5016887,-2.461008,232,0.053219909,0.012770787,0.189525842,0.1,-81.0007066698118,35.3721730682042,51,50,9.2,6.5,13,0,0,0,0.08,0,0,0,5,0,0,15,0,0,0,"1",0.0151944312966572
"1440",1249,0,63936.4095552236,-273724549.419492,24826.86133,0.0454387,0.0274869,0.0168372,4.6927934,0.1412888,0.5192203,-3.305855,232,0.042959829,0.004880956,0.183897349,0,-81.0134515990359,35.3671900837453,42,49,9.3,6.4,13,0,0.00176547231270358,0.568175895765472,0,0,0,0,2,0,0,6.7,0,0,0,"0",0.0103205578518897
"1441",1290,0,63936.4095552236,-273724549.419492,35411.14063,0.0728155,0.0081769,0.0081769,3.0959876,0.0740739,0.485783,-3.074913,251,0.070799948,0.028763109,0.212699503,0,-81.0150738557833,35.3955816626322,82,91,8,7.2,28,0,0,3,0,0,0,0,3,0,0,0,0,0,0,"1",0.0120496035005144
"1442",1323,0,63936.4095552236,-3.2e+08,35815.80078,0.0749066,0.0077573,0.0093231,2.0766673,-0.0809336,0.4552522,-3.885253,245,0.072311945,0.029980407,0.214061469,0,-81.0141849895959,35.396972342935,14,10,0,5.7,4,0,0,0,0,0,0,0,0,0,0,16,0,0,0,"0",0.00900152733564178
"1443",1324,0,63936.4095552236,-1.28e+08,35815.80078,0.0749066,0.0077573,0.0093231,4.8716373,-0.034294,0.4709847,-3.349194,247,0.072449447,0.03048874,0.214101262,0,-81.013669521874,35.3970285149811,25,12,7.7,5.9,7,0,0.12,1.7,0,0,0,0,2,0,0,11,0,0,0,"0",0.00928517189438662
"1444",1333,0,63936.4095552236,-6.08e+08,24830.19727,0.0449058,0.0269961,0.0163537,6.0082245,-0.1550075,0.4917913,-4.693893,224,0.043891761,0.00485483,0.184390648,0,-81.012475344009,35.366761808566,21,35,8.4,6.7,6,0,0,0,0,0,0,0,1,0,0,0,0,0,0,"1",0.0103634504634299
"1445",1371,0,63936.4095552236,-273724549.419492,28270.96484,0.0520501,0.0193845,0.0114476,3.9493225,0.0658437,0.5098374,-2.9116,241,0.055200994,0.014596373,0.19250417,0,-81.0026400959829,35.3749782531631,57,59,12.1,7.3,19,0,0,1.1,0,0.421,0,0,2,0.01,0,11,0,0,0,"1",0.0160272031592958
"1446",1389,0,63936.4095552236,-273724549.419492,25640.85742,0.0474117,0.0249629,0.0143037,6.9343491,0.0480115,0.5228736,-4.347684,233,0.045495406,0.006733377,0.186224082,1.26,-81.0121329643737,35.3693744180011,43,55,6.9,6.8,14,0,0,0,0.015,0,0,0,2,0.013,0,0,0,0,0,"1",0.0112764215832796
"1447",1390,0,63936.4095552236,-273724549.419492,30527.54297,0.0603318,0.0141155,0.0058964,2.9355664,0.0164608,0.4949555,-2.915069,254,0.057755453,0.020198464,0.199517143,11.503,-81.0150613535949,35.382986092753,64.75486152033,61.2816735415439,9.90723366686286,0,18.7782352941176,9.90949941107185,0,2.01,0.0304176470588235,0.119623820754717,0.653395882352941,0.0188840188014101,4.29664508534432,0.0450829411764706,1.2948793407887e-06,5.24281176470588,0.0124105882352941,0,0,"0",0.0112822617305033
"1448",1391,0,63936.4095552236,-2.56e+08,30527.54297,0.0603318,0.0141155,0.0058964,3.5335,-0.0699582,0.4673713,-3.774584,253,0.057712241,0.019984393,0.199371243,0,-81.0146151371226,35.3828369247594,16,7,8.6,5.9,4,0,0,3.31,0,0,0.11,0,1,0.06,0,9.42,0,0,0,"0",0.0112249182667486
"1449",1392,0,63936.4095552236,-9.6e+07,36368.83984,0.075165,0.0065415,0.0109093,2.3215306,-0.0233201,0.4673806,-3.368981,229,0.076334236,0.036665609,0.215462588,0,-81.0032386457137,35.3986752651675,16,29,6.4,6.4,4,0,0,0,0,0,0,0,1,0,0,0,0,0,0,"0",0.018950500058084
"1450",1415,0,63936.4095552236,-1.6e+07,26861.84961,0.0499258,0.0230408,0.0124546,3.6676545,-0.001371,0.5128632,-3.007144,250,0.048209235,0.010011257,0.189366401,0,-81.0146325618467,35.3723966665228,19,6,19,5.4,6,0,0,0,0,0,0,0,1,0.08,0,16,0,0,0,"0",0.0123851186692917
"1451",1422,0,63936.4095552236,-273724549.419492,26454.85156,0.0485406,0.0238395,0.0131848,4.7268519,0.183813,0.513245,-2.803441,255,0.047433614,0.008801832,0.188302227,0,-81.012910184715,35.3707875491671,0,3,4.5,5.5,0,0,0,1.36,0,0,0,0,0,0.03,0,6.1,0,0,0,"0",0.0115444110051724
"1452",1431,0,63936.4095552236,-1.6e+07,28492.74805,0.0546934,0.0191416,0.0090316,3.8391652,-0.0054869,0.4819568,-3.793443,253,0.052245606,0.014623525,0.193844691,0,-81.0148597642139,35.3764002028064,18,15,13,6.4,6,0,0,0,0,0,0,0,0,0.09,0,14,0,0,0,"0",0.0139696183047955
"1453",1435,0,63936.4095552236,-273724549.419492,28675.29297,0.0531937,0.0179519,0.0098122,3.7400842,0.1015094,0.5175778,-2.470186,241,0.056208255,0.015641819,0.193784969,0,-81.0033676305228,35.3760362654509,0,107,60.1,7.9,0,7,0.00176547231270358,0.568175895765472,0,0.492,0,0,0,0,0,6,0,0,0,"1",0.0167837716514535
"1454",1464,0,63936.4095552236,-273724549.419492,36711.10547,0.075245,0.0047679,0.0095358,1.3541625,0.0425242,0.4922888,-3.437856,248,0.076043939,0.036842836,0.216134857,0,-81.0062937736847,35.3994467688701,42,6,13.7,5.6,11,0,0.00176547231270358,0.568175895765472,0,0,0,0,3,0,0,30.8,0,0,0,"0",0.016776289829551
"1455",1511,0,63936.4095552236,-273724549.419492,35492.91016,0.0728889,0.0032707,0.0077573,0.4645502,0.0384084,0.4967324,-3.107786,245,0.073756601,0.034350031,0.213440317,0.16,-81.005085040186,35.3960934073991,110,94,8.3,7.2,34,0,0,1.1,0,0,2.7,0,5,0.05,0,12,0,0,0,"1",0.012872136377605
"1456",1512,0,63936.4095552236,-273724549.419492,35928.93359,0.0728889,0.0032707,0.0077573,4.147893,0.0178322,0.4794081,-3.619525,243,0.074193907,0.034718504,0.213685421,0,-81.0044211633488,35.396208266782,140,125,17,7.8,44,37,0,0,0,0.87,0,0,6,0.06,0,6.5,0,0,0,"1",0.0138771807352167
"1457",1529,0,63936.4095552236,-273724549.419492,35086.88672,0.0717331,0.0025858,0.0067428,2.2025177,0.0150889,0.5021197,-2.961132,243,0.072592563,0.033151058,0.212214021,0,-81.0055170703436,35.3949282892088,46,19,37,6.3,12,0,0,0,0.07,0,0.33,0,4,0,0,65,0,0,0,"0",0.0146183547254675
"1458",1538,0,63936.4095552236,-273724549.419492,30527.54297,0.0596968,0.0124546,0.0025858,0.4645502,0.183813,0.5323277,-2.585977,262,0.058382723,0.019825477,0.199440914,0,-81.0119612742403,35.3824858019063,8,7,6.5,6.5,2,0,0,0,0,0,0,0,0,0,0,6.4,0,0,0,"1",0.0129663537543002
"1459",1565,0,63936.4095552236,-9.6e+07,34680.88672,0.0706247,0.0011564,0.0051715,3.0257473,-0.0246917,0.4952449,-3.576276,240,0.070874267,0.031500209,0.210696388,0.14,-81.006127678967,35.3936901586941,170,104,27,6.6,39,53,0,0,0.21,0,0.34,0.044,18,0,0,33,0,0,0,"1",0.0163208949801318
"1460",1567,0,63936.4095552236,-273724549.419492,30535.67969,0.0595285,0.012073,0.0016354,3.6676545,0.0342942,0.4936884,-3.436305,260,0.058858515,0.019919025,0.19953364,0.07,-81.0116305568632,35.3819242064154,70,10,4.8,6.2,19,0,0,0,0,0,0.13,0,1,0,0,0,0,0,0,"0",0.0129016445241083
"1461",1568,0,63936.4095552236,-1.28e+08,29780.44336,0.0567689,0.0139247,0.0049061,2.5639057,-0.0315503,0.4964564,-3.521262,248,0.058007956,0.018277681,0.197324339,0,-81.0068669964267,35.3800775494184,21,12,14,6,6,0,0,0,0,0,0.34,0,2,0,0,25,0,0,0,"0",0.0124304656103815
"1462",1575,0,63936.4095552236,-273724549.419492,34226.54688,0.0696235,0.0016354,0.0034692,0.9290393,0.0370374,0.5140144,-1.958642,248,0.069832555,0.030683657,0.210108994,0.08,-81.0078935606424,35.3934492139733,59,25,19,6.5,15,6.7,0,0,0,0,0.59,0,5,0,0,23,0,0,0,"1",0.0163848476327369
"1463",1578,0,63936.4095552236,-273724549.419492,30549.24023,0.0593823,0.0117928,0.0011564,3.6234941,0.049382,0.4858426,-4.046558,256,0.059044538,0.019807787,0.199332087,0,-81.0091552333251,35.3825625366887,160,156,14,7.9,53,16,0,8,0,0,0,0,6,0.06,0,15,0,0,0,"1",0.0146664350388172
"1464",1579,0,63936.4095552236,-2.88e+08,29780.44336,0.0568513,0.0138766,0.0041694,2.9355664,-0.072703,0.4936052,-3.854283,250,0.058164227,0.018519045,0.197626804,3.5,-81.0071761727285,35.3804270370415,26,21,14,6.1,8,0,0,0,0,0,0.11,0,2,0,0,24,0,0,0,"0",0.0121433002375659
"1465",1583,0,63936.4095552236,-273724549.419492,29329.26172,0.0559384,0.0152099,0.0046255,3.9493225,0.0288067,0.4825233,-3.794294,255,0.056282645,0.01688202,0.19635519,0,-81.0089315247606,35.3795521318446,37,14,16,6,10,0,0,0,0,0.9,0,0,3,0,0,15,0,0,0,"0",0.0129601434518608
"1466",1595,0,63936.4095552236,-273724549.419492,33029.5625,0.066076,0.0046255,0.0011564,4.312499,0.0809332,0.4777275,-2.62936,244,0.066558565,0.02716311,0.206424853,0.16,-81.0072961131352,35.3893222020896,39,48,6.8,6.9,12,0,0,1.2,0.11,0,0,0,2,0,0,0,0,0,0,"1",0.0223165149228075
"1467",178,0,48674.6875,-9.6e+07,61083.56641,0.0294821,0.0173843,0.0088068,4.275084,-0.0260631,0.4753739,-3.770043,287,0.226301084,0.026470583,0.442359912,0,-81.402438961759,35.3869456042717,15,12,5.6,5.9,4,0,0,2.2,0,0,0,0,0,0,0,6.6,0.1,0,0,"0",0.0250496580937094
"1468",199,0,51444.24219,-273724549.419492,58720.61719,0.018682,0.0356234,0.0092511,3.6676545,0.0589837,0.4834337,-3.463602,270,0.204055511,0.015460776,0.427996291,0.36,-81.3795754535847,35.3984397885209,31,43,8.4,7.3,8,0,0,0,0,0,0,0,3,0,0,0,0,0,0,"1",0.0226827490942006
"1469",217,0,54331.12891,-273724549.419492,59296.08984,0.0191416,0.0349603,0.0093231,4.4106984,0.1097393,0.4898499,-3.779923,272,0.205184356,0.014567196,0.429259471,0,-81.379637380995,35.399119426291,22,37,4.4,4.5,7,0,0,1.04,0,0,0,0,1,0,0,0,0,0,0,"0",0.0216737076597861
"1470",247,0,58757.18359,-3.84e+08,62867.64453,0.031029,0.0254405,0.0134856,3.6676545,-0.0919046,0.5025494,-3.516333,284,0.224975013,0.019677386,0.445033616,0,-81.4000873597494,35.396224859539,51,64,8.9,7.5,16,6.51,0.00176547231270358,0.568175895765472,0,0.28,0.56,0,2,0.04,0,0,0,0,0,"1",0.0218244736438048
"1471",685,0,63936.4095552236,-4.64e+08,62467.19141,0.0285606,0.0380378,0.0181003,6.7407994,-0.1179708,0.5109434,-4.682281,266,0.212990485,0.008577775,0.438891677,0.17,-81.3875970997028,35.4057638445529,12,13,2.3,6.6,4,0,0.00176547231270358,0.568175895765472,0,0,0.83,0,1,0,0,0,0,0,0,"1",0.0186518543422959
"1472",714,0,63936.4095552236,-273724549.419492,63408.10156,0.0326461,0.044261,0.0227193,1.6420193,0.1111115,0.5187271,-2.834227,270,0.211015306,0.002691657,0.439378149,1.4,-81.3833703452777,35.4104594463631,40,35,5.5,7.1,11,0,0,0,0,0,1.4,0.015,3,0,0,0,0,0,0,"1",0.0116622461382869
"1473",727,0,63936.4095552236,-273724549.419492,63105.64844,0.0315843,0.0431751,0.021603,1.9973403,0.091908,0.5307811,-3.451209,272,0.210928247,0.003535732,0.438913836,0,-81.3836453628028,35.4096907121224,69,66,6.4,7.8,22,9.7,0,0,0,0.22,0,0,3,0.05,0,0,0,0,0,"1",0.0121137955618226
"1474",460,0,80718.5,-3.52e+08,25695.71094,0.0263696,0.0361451,0.0328706,1.6745193,-0.0932783,0.4779803,-2.88444,256,0.17067943,0.000904721,0.337671568,0,-81.3253471440015,35.3023055951687,230,225,23,7.8,50,31,0,0,0,0.71,0,0,26,0.08,0,14,0,0,0,"1",0.0855266534854139
"1475",613,0,94417.04688,-4.48e+08,25692.48633,0.0475385,0.0425197,0.0161066,1.4687471,-0.1111126,0.4953889,-3.887263,278,0.140318892,0.009833948,0.330049663,0,-81.305114707511,35.3296846370055,130,51,7.9,6.9,30,91,0,0,0,0,0.13,0,12,0.08,0,0,0,0,0,"1",0.185431772034637
"1476",648,0,98565.89844,-5.12e+08,28985.55469,0.0630945,0.045099,0.0116215,3.7112839,-0.1358021,0.4840764,-3.833102,269,0.130327976,0.005265883,0.333252695,0.05,-81.3000744610097,35.3454478728796,61,59,6.2,6.9,20,0,0,1.72,0,0,0,0,3,0.03,0,5.2,0,0,0,"1",0.275672668573173
"1477",683,0,63936.4095552236,-273724549.419492,27362.8418,0.0303537,0.0388724,0.0363112,1.0386748,0.0109739,0.4770918,-3.424646,268,0.172455164,0.005540511,0.342194352,0,-81.3293654766592,35.3038560194063,67,65,6.7,7.5,19,11.91,0,0,0.1,0.267,0.83,0,5,0.09,0,0,0,0,0,"1",0.0717459113096684
"1478",760,0,63936.4095552236,-273724549.419492,25740.79688,0.0416459,0.041015,0.020847,1.6420193,0.2057608,0.4851488,-3.196128,275,0.147760065,0.013295985,0.332054863,0,-81.3113659440422,35.3224419568881,35,40,3.8,7.1,7,0,0,0,0,0,0,0,4,0,0,0,0,0,0,"1",0.137465862972989
"1479",799,0,63936.4095552236,0,26190.54883,0.0407369,0.0382831,0.020686,6.3520432,0.0013718,0.5327742,-3.477991,280,0.151484256,0.011635681,0.334979613,0.07,-81.3140903527024,35.3223140462906,8,12,1.1,6.1,2,0,0,0,0,0,0.12,0,0,0,0,0,0,0,0,"0",0.130186777296581
"1480",826,0,63936.4095552236,-9.6e+07,29306.66211,0.0667104,0.051973,0.0109704,3.3781307,-0.0274368,0.4860917,-3.33252,279,0.113560256,0.021500777,0.325765326,1.15,-81.2854617703638,35.355481620186,28,42,3.9,7.4,5,0,0,0,0,0,0,0,4,0.11,0,0,0,0,0,"1",0.203565912302549
"1481",853,0,63936.4095552236,-273724549.419492,23731.8418,0.018284,0.0256759,0.0264203,1.9973403,0.0562405,0.5164625,-2.721782,284,0.174552178,0.009109998,0.333067603,0.07,-81.3247303837011,35.2923762650205,51,50,5,7,10,0,0,0,0,0,3.11,0,6,0,0,5.1,0,0,0,"1",0.0862622866275655
"1482",895,0,63936.4095552236,-273724549.419492,29241.58984,0.061332,0.044261,0.0093231,3.2484376,0.0096021,0.4893233,-3.062111,285,0.126347731,0.01026804,0.332710175,0,-81.2969188706854,35.3499261861046,28,29,3.7,6.3,9,0,0.00176547231270358,0.568175895765472,0,0,0,0.001,1,0.02,0,0,0,0,0,"0",0.260407371727262
"1483",1277,0,63936.4095552236,-1.76e+08,25772.95117,0.0238114,0.0281598,0.0306169,1.1842326,-0.042523,0.4911292,-2.250646,280,0.179163733,0.009376388,0.339095092,0,-81.3304522692903,35.2934053029651,110,65,15,7.1,29,0,0,1.1,0,0,0,0,8,0.28,0,53,0,0,0,"1",0.0767940479313223
"1484",1339,0,63936.4095552236,-273724549.419492,26533.00586,0.0258575,0.029002,0.0311366,3.3781307,0.0562416,0.5447122,-3.136796,279,0.181288759,0.010840573,0.341486947,0,-81.333073917753,35.2934290203453,170,48,21,6.5,43,17,0,0,0,0,0.51,0,0,0.28,0,87,0,0,0,"1",0.0604732624262913
"1485",3,0,7169.628906,-273724549.419492,18721.89453,0.0191416,0.0220927,0.0025858,2.2025177,0.0685873,0.4965885,-3.7671,223,0.107590385,0.02388235,0.120579798,0,-81.1065332440268,35.2544798096941,19,28,6,6.6,5,0,0,0,0,0,0.113,0,1,0,0,0,0,0,0,"1",0.0465725064497839
"1486",11,0,9063,-273724549.419492,17277.04102,0.0113891,0.020686,0.0057819,1.0386748,0.1179691,0.5217522,-2.154513,231,0.106131409,0.018091468,0.134150564,0,-81.1141986886727,35.2669336103806,36,107,30,6.8,8,68,0,0,0,0,4.1,0.01,8,0.37,0,21,0,0,0,"1",0.0274375723408691
"1487",140,0,42975.90234,-3.36e+08,11257.00098,0.0249629,0.0119057,0.007034,10.7902403,-0.0836764,0.4989316,-3.934256,181,0.089686112,0.008414669,0.0910015,0,-81.0722053866772,35.2488513216628,0,0,0,0,28,0,0,0,0,0,0.42,0,7,0,0,16,0,0,0,"0",0.000386353063704287
"1488",141,0,42975.90234,-3.36e+08,11257.00098,0.0249629,0.0119057,0.007034,10.7902403,-0.0836764,0.4989316,-3.934256,181,0.089686112,0.008414669,0.0910015,0,-81.072202835616,35.2488521688104,0,0,0,0,28,0,0,0,0,0,0.42,0,7,0,0,16,0,0,0,"0",0.00038636802138165
"1489",162,0,46246.72266,-273724549.419492,13771.92773,0.0313079,0.0058964,0.0011564,4.7718778,0.0384088,0.4935349,-3.663018,201,0.08953899,0.005739252,0.098860211,0.2,-81.0785187749486,35.253378981108,114,86,11.7,6.9,33,15.5,0,0,0.1,0,0,0.006,8,0,0,16.9,0,0,0,"1",0.0297022219255961
"1490",168,0,47020.9375,-273724549.419492,17505.63477,0.0328909,0.0083388,0.0081769,1.1842326,0.2085048,0.5168872,-3.514469,223,0.095522798,0.01565012,0.109837888,0,-81.0913841770534,35.2559732995937,230,186,13,6.8,70,10,0,7.1,0,0,1.1,0,13,0.11,0,17,0.2,0,0,"1",0.0453639574920222
"1491",190,0,49974.98438,-9.6e+07,27570.9043,0.0498856,0.0243939,0.026395,2.5001462,-0.0219467,0.5254203,-3.127313,225,0.104114081,0.015823339,0.102611768,0.06,-81.1117982178826,35.174901546685,29,39,6.8,7.6,7,0,0,3,0,0.29,0,0,3,0,0,0,0,0,0,"1",0.342972312181011
"1492",191,0,50205.27344,-2.72e+08,28129.99219,0.0469583,0.0245033,0.0252558,1.7684314,-0.0672153,0.5080215,-3.806549,220,0.101781508,0.010175072,0.100281138,0,-81.1096102669465,35.1811211620675,16,31,4.5,6.5,3,0,0,0,0,0,3,0,3,0,0,0,0,0,0,"1",0.0183859685760042
"1493",195,0,50455.61328,-6.56e+08,23954.1582,0.041694,0.0179891,0.0164353,1.3934064,-0.1687245,0.4425763,-4.278419,227,0.116688687,0.011969103,0.11518629,0,-81.1244338095592,35.1752806351865,61,71,7.2,7.5,18,0,0,0,0.06,0,0,0,4,0,0,0,0,0,0,"1",0.0645216872585226
"1494",196,0,50693.42969,-2.56e+08,28156.47852,0.0485819,0.0230408,0.0266972,3.2813458,-0.0658443,0.5120209,-3.456689,217,0.101257148,0.010480069,0.099756178,0,-81.1095332241925,35.181101699424,34,41,6.2,7,9,0,0,0,0,0,0,0,3,0,0,0,0,0,0,"1",0.018367529103117
"1495",198,0,51430.60938,-2.4e+08,14544.11914,0.0336148,0.0036568,0.0025858,4.9261703,-0.0603564,0.5058507,-3.288499,203,0.090729209,0.007385261,0.100233775,0,-81.0811690325724,35.2528026198821,120,94,8.9,7.2,33,16,0,0,0,0,0,0.008,10,0,0,13,0,0,0,"1",0.0301033221935511
"1496",246,0,58654.58984,-273724549.419492,28437.46484,0.0523575,0.0220017,0.0289789,2.9538245,0.0548693,0.519024,-2.45285,226,0.10190777,0.016093977,0.100405626,0.05,-81.1095360609449,35.1742930885268,30,40,6.7,6.9,8,0,0,0,0,0,0,0,3,0,0,0,0,0,0,"1",0.111609824499668
"1497",253,0,59341.95703,-1.6e+07,15599.21973,0.0370765,0.0011564,0.0051715,3.2976756,-0.001372,0.5149259,-2.595077,223,0.094101957,0.011695947,0.102797545,0,-81.0850763386198,35.2529011010999,61,52,12.1,7.5,16,0,0.00176547231270358,0.568175895765472,0,0,0,0,6,0,0,13,0,0,0,"1",0.0319938589253922
"1498",258,0,60497.53125,-4e+08,29354.66602,0.0517797,0.0189661,0.0325641,0.9290393,-0.1015086,0.5021523,-3.232903,222,0.094479391,0.004440111,0.09298239,0,-81.1024199573053,35.1848066156374,17,24,6,7.5,5,0,0,0,0,0,0,0,1,0,0,0,0,0,0,"1",0.0298782958278708
"1499",263,0,61352.13672,-273724549.419492,18761.66797,0.0317532,0.0144895,0.0141155,1.9973403,0.1728403,0.5374929,-2.869057,215,0.108118739,0.016580841,0.107717577,0.7,-81.097318711934,35.2447262094877,43,42,5.9,6.4,11,7.3,0,0,0,0,0.45,0,4,0.16,0,5.6,0,0,0,"0",0.148284866988307
"1500",266,0,61867.96875,-273724549.419492,29068.30078,0.0527899,0.0180633,0.0336148,3.6676545,0.0919078,0.4717712,-2.703122,224,0.093403876,0.004912564,0.091906582,0,-81.1013481793691,35.1845627376809,15,20,4.8,7,4,0,0.00176547231270358,0.568175895765472,0,0,0,0,1,0,0,0,0,0,0,"1",0.0253528981225657
"1501",267,0,61867.96875,-273724549.419492,28492.74805,0.0527899,0.0180633,0.0336148,2.2025177,0.0864196,0.4872167,-2.422441,224,0.09264032,0.004703101,0.091143863,0,-81.1005954758135,35.1845281722053,20,22,5.7,7.4,4,0,0,0,0,0,0,0,2,0,0,0,0,0,0,"1",0.0253492738692818
"1502",278,0,62699.42578,-273724549.419492,28492.74805,0.053269,0.0179891,0.031984,1.4687471,0.0713303,0.4926742,-2.547183,225,0.092317589,0.004526384,0.090821791,0,-81.1000850235339,35.1857436015345,92,93,6.9,7.6,36,0,0,0,0.17,0,0,0,2,0.03,0,9.6,0.1,0,0,"1",0.0279877207538562
"1503",305,0,66572.25781,-3.68e+08,15406.89355,0.03844,0.0016354,0.0057819,1.9147184,-0.0946508,0.4961577,-3.17757,222,0.095864496,0.013023476,0.102090769,0.63,-81.085717432172,35.2509618957958,77,37,16.9,6.9,22,0,0.00176547231270358,0.568175895765472,0.23,0,1.85,0,5,0.05,0,27.96,0,0,0,"1",0.0354471947600073
"1504",313,0,67942.66406,-273724549.419492,25923.55078,0.0563789,0.0315631,0.0282309,4.9153128,0.0507543,0.4952087,-3.591313,218,0.11745332,0.011951117,0.115965646,0.11,-81.121923812804,35.1588382537962,56,66,8.2,7.6,14,0,0.00176547231270358,0.568175895765472,0,0.104,0,0.005,5,0,0,0,0,0,0,"1",0.0584158290548476
"1505",318,0,68274.03906,-2.24e+08,23479.21875,0.0476368,0.0249629,0.0192461,5.2817907,-0.0548697,0.4737371,-3.818457,203,0.094387146,0.015085436,0.092955052,2.6,-81.0998249435658,35.2053283904316,220,210,12,7.6,72,13,0,0,0,0.43,14,0.008,10,0.7,0,9.2,0,0,0,"1",0.0590715344431996
"1506",322,0,68932.34375,-273724549.419492,16381.34277,0.0490885,0.0171909,0.0025858,2.9719696,0.0178332,0.4755598,-2.565687,226,0.084855014,0.02225522,0.08356696,0,-81.0836362456329,35.2215425104398,390,321,28.13,7.4,110,110,0,0,0.17,0,1.43,0,27,1.22,0,23,0.1,0,0,"1",0.0230077186805379
"1507",329,0,69142.88281,-1.6e+07,27271.88477,0.041694,0.0243116,0.0220017,0.9853842,-0.0054871,0.4929648,-3.330753,223,0.10414563,0.00922784,0.102652123,0.07,-81.1120586112542,35.1872471565671,30,43,8.2,7.1,8,0,0,0,0,0,0,0,3,0,0,0,0,0,0,"1",0.0512469535117092
"1508",378,0,73652.10938,-273724549.419492,16381.34277,0.0498856,0.0163537,0.0023128,2.5639057,0.1097399,0.5122768,-2.821814,227,0.084175391,0.021958343,0.082887668,0.15,-81.0829922227985,35.221341902396,120,115,11.21,7.2,39,15,0,0,0.04,0,0.12,0,7,0,0,9,0,0,0,"1",0.0225162955174073
"1509",381,0,74005.28125,-3.2e+07,23037.65234,0.0474681,0.0245306,0.0173458,3.3781307,-0.0082305,0.52702,-3.14003,213,0.094716217,0.016118462,0.093298985,0.08,-81.0996751620566,35.2081609249532,347,269,17.6,7.5,109,14,0,0,0,0,0,0,12,0.09,0,52,0,0,0,"1",0.0438742140230932
"1510",382,0,74005.28125,-273724549.419492,23383.78125,0.0474681,0.0245306,0.0173458,1.1842326,0.1646094,0.531527,-2.589586,217,0.095424399,0.016720874,0.09400588,0,-81.099749213766,35.2080331257515,230,170,13,7.7,71,12.3,0,0,0.02,0,0.89,0,18,1.85,0,25.3,0,0,0,"1",0.0427340910223409
"1511",418,0,76637.44531,-273724549.419492,22824.55469,0.0474258,0.0243939,0.0164353,2.3674541,0.098766,0.5468319,-3.12143,219,0.095350356,0.017029052,0.093938209,0.12,-81.0994577641855,35.2090765318085,97,100,11,7.1,30,8.7,0,0,0,0,0.71,0,5,0.65,0,5,0,0,0,"1",0.0702376785099486
"1512",419,0,76637.44531,-273724549.419492,22824.55469,0.0474258,0.0243939,0.0164353,2.6465178,0.0699591,0.5387959,-3.18726,218,0.095403942,0.016966185,0.09398997,0,-81.0995839273727,35.2088210349246,120,115,12.5,7,34,10.8,0,1.23,0,0,0.34,0,8,0.03,0,6.95,0,0,0,"1",0.0702898081085758
"1513",427,0,77691.30469,-6.4e+07,22824.55469,0.0485819,0.0255454,0.0157285,3.6676545,-0.0178328,0.5322229,-3.294604,213,0.094634294,0.01634327,0.09322193,0,-81.0993421083332,35.2091690571386,250,197,15,7.5,81,26,0,0,0,0,1.1,0,11,1.6,0,34,0,0,0,"1",0.0876991448172696
"1514",446,0,79474.16406,-3.68e+08,15893.76953,0.042661,0.0131848,0.0098801,2.1024425,-0.0946495,0.5114887,-3.778478,199,0.097678005,0.01970026,0.096508749,0,-81.088826656124,35.2383437405857,260,95,14,7.8,89,210,0,0,0,0.44,0,0,9,0,0,0,0,0,0,"1",0.0485922211956949
"1515",453,0,79970.63281,-273724549.419492,27702.76563,0.0408844,0.0243939,0.023243,2.7851665,0.0288067,0.4824618,-3.074716,220,0.10377888,0.008605512,0.102290438,0,-81.1121358827942,35.1902484725981,50,70,9.6,7.5,13,0,0,0,0,0,0,0,4,0,0,0,0,0,0,"1",0.0479179973472138
"1516",477,0,81788.53906,-1.76e+08,16706.74805,0.041694,0.0135351,0.010343,2.6261098,-0.045267,0.5178195,-3.199388,194,0.099486402,0.018594324,0.098314512,0.13,-81.0903738909101,35.2396240454054,160,92,10,7.6,54,74,0,0,0,0.21,0,0,6,0.13,0,0,0,0,0,"1",0.0560981656462979
"1517",507,0,84329.48438,-4.32e+08,22751.86523,0.0106613,0.0205888,0.014068,3.3781307,-0.1083674,0.473841,-3.416499,226,0.045228957,0.005994983,0.167958581,0,-81.0692320908727,35.3406791989269,98,99,3.8,7,23,0,0,0,0,0,0,0.022,10,0,0,0,0,0,0,"1",0.0392247027008445
"1518",525,0,86366.75,-273724549.419492,27344.67383,0.0393171,0.0228075,0.0222435,2.9719696,0.0466397,0.4684449,-3.677813,220,0.105228445,0.010298101,0.103743902,0,-81.1117504778765,35.1917009429104,120,99,38,6.9,24,0,0,0,0.09,0,0,0,3,0,0,13,0,0,0,"1",0.0489344569892928
"1519",551,0,88167.82031,-273724549.419492,27777.4082,0.0395206,0.0204585,0.0255977,3.9493225,0.1097378,0.5063397,-3.367178,216,0.102732657,0.00964454,0.101258013,0.07,-81.1113192281593,35.1954952817067,175,161,8.2,7.8,45,14.1,0.00176547231270358,0.568175895765472,0,0,0,0,15,0.02,0,5.3,0,0,0,"1",0.0424368551370483
"1520",555,0,88776.14844,-273724549.419492,27150.13477,0.0391295,0.0196245,0.0259865,2.9719696,0.0411518,0.5157882,-2.927388,215,0.103410607,0.010974145,0.101939697,0.48,-81.1105819587249,35.1974628376377,160,116,5.4,7.2,30,22,0,0,0,0,0.39,0,20,0,0,13,0,0,0,"1",0.059515469289343
"1521",564,0,89437.00781,-273724549.419492,20206.93555,0.0490748,0.0227193,0.0083388,1.9147184,0.0342935,0.4881817,-3.041454,220,0.091767367,0.017932807,0.090401533,0,-81.0939182063613,35.2152385044469,25,31,8.9,6.5,6,0,0,0,0,0,0,0,3,0,0,5,0,0,0,"1",0.000717646067759301
"1522",565,0,89437.00781,-273724549.419492,20206.93555,0.0490748,0.0227193,0.0083388,1.9147184,0.0342935,0.4881817,-3.041454,220,0.091767367,0.017932807,0.090401533,0,-81.0939178792423,35.2152416653552,28,34,8,6.3,6,0,0,0,0.05,0,0,0,3,0,0,6.5,0,0,0,"0",0.000717500419109237
"1523",575,0,90361.42188,-273724549.419492,20021.64063,0.047805,0.023415,0.0065415,1.6745193,0.0493818,0.5071481,-1.678387,227,0.092676845,0.01815994,0.091321166,0,-81.0950244489944,35.2174461104805,36,34,12,6.3,9,0,0,0,0,0,0.1,0,4,0,0,6.6,0,0,0,"0",0.0267146209048796
"1524",582,0,90695.11719,-273724549.419492,20386.48242,0.04683,0.0245033,0.0074045,0.9290393,0.0576125,0.4824567,-2.205467,225,0.093301586,0.017756261,0.091943739,0,-81.0952485077714,35.2171251263188,36,34,12,6.3,9,0,0,0,0,0,0.1,0,4,0,0,6.6,0,0,0,"0",0.0272045718406321
"1525",598,0,92965.48438,-1.6e+07,20919.8418,0.0139247,0.0171909,0.0073136,0.9853842,0,0.5160837,-3.570301,237,0.042917194,0.00493143,0.160394017,0,-81.0682632164725,35.3325572518568,41,47,14,7,9,0,0,0,0.15,0,3.7,0,4,0,0,0,0,0,0,"1",0.0353850873271883
"1526",610,0,93980.19531,-273724549.419492,27271.88477,0.0378086,0.0198952,0.0230408,2.5001462,0.0877912,0.5279658,-3.561916,222,0.105288725,0.011308019,0.103811258,0,-81.1113224431407,35.1951448203167,216,226,8.5,7.8,52,19.9,0.00176547231270358,0.568175895765472,0,0,0,0,21,0,0,15.5,0,0,0,"1",0.0396455817687679
"1527",614,0,94421.97656,-273724549.419492,27150.13477,0.0139247,0.0247207,0.0227193,2.6465178,0.0672152,0.5100209,-3.827564,244,0.05449152,0.018140493,0.182799696,2.77,-81.0719695739738,35.3540112854248,62,75,7.7,7.3,18,0,0,0,1.92,0,4.27,0.044,4,0,0,0,0,0,0,"1",0.0291502623521201
"1528",621,0,95564.8125,-273724549.419492,26483.01367,0.0098122,0.023415,0.0197941,2.5001462,0.0576136,0.5074524,-3.252848,249,0.054912162,0.01330322,0.179936806,0,-81.0742817636022,35.3510836382499,120,138,11,7.3,43,0,0,0,0,0,0,0,4,0.08,0,0,0,0,0,"1",0.0306668134058135
"1529",640,0,97878.76563,-273724549.419492,21245.9043,0.013083,0.0161066,0.0077573,5.1797853,0.1330581,0.5436136,-2.290989,239,0.044204282,0.004032825,0.160816752,0,-81.0695642267419,35.3324044061406,63,65,7.3,7.1,14,0,0,1.1,0,0,0,0,7,0,0,0,0,0,0,"1",0.037312684815714
"1530",800,0,63936.4095552236,-2.24e+08,21981.64453,0.0174993,0.0163537,0.0222435,1.4687471,-0.0548702,0.4762545,-3.485729,241,0.065954737,0.004288959,0.135817851,0.08,-81.0847682125761,35.2962167753994,74,55,7.6,6.9,19,0,0,0,0,0,0,0,7,0,0,9.1,0,0,0,"1",0.0464109080058418
"1531",934,0,63936.4095552236,-3.2e+07,17670.45117,0.0545833,0.0084186,0.0065415,4.6927934,-0.0096015,0.4836025,-3.44836,219,0.077521367,0.011989115,0.076163573,0.2,-81.0801230901185,35.2113147777996,62,75,13,7,17,0,0,2,0,0,0.28,0,5,0.05,0,5.9,0,0,0,"1",0.0290130924874204
"1532",968,0,63936.4095552236,-273724549.419492,18499.37891,0.0571329,0.0092511,0.0062273,4.6007166,0.1083675,0.4871773,-3.173963,221,0.077911965,0.009832992,0.076534932,0.22,-81.0817502935838,35.2089297412945,89,72,18.3,6.9,22,17.8,0,0,0.74,0,1.01,0.134,8,0.76,0,20.8,0,0,0,"1",0.0267359397809696
"1533",993,0,63936.4095552236,-1.76e+08,19029.04688,0.0590209,0.0095358,0.0057819,2.3674541,-0.0411531,0.4923004,-3.815008,219,0.076494597,0.007380556,0.075101334,0,-81.0813218469673,35.206673252091,320,287,28,7,92,31,0,5.5,0,0,0.38,0,21,0.11,0,41,0,0,0,"1",0.0257279860338064
"1534",1063,0,63936.4095552236,-3.2e+07,20900.03711,0.014068,0.0196245,0.0212599,1.3934064,-0.0054873,0.468818,-3.709925,226,0.064897401,0.002382189,0.129528356,0.25,-81.0818856957904,35.291140228126,99,105,9.5,7.2,32,5.3,0,1.3,0,0.22,7.9,0,5,0.07,0,0,0,0,0,"1",0.0374859186598752
"1535",1112,0,63936.4095552236,-1.6e+07,21261.49219,0.0139247,0.0196925,0.0220927,1.9701859,-0.0041157,0.4841336,-2.67833,227,0.065179425,0.001296936,0.130722618,0,-81.0818278461666,35.2919521317443,88,85,12,6.9,25,0,0,0,0,0,0,0,6,0.32,0,13,0,0,0,"1",0.0377052882754226
"1536",1149,0,63936.4095552236,-4.8e+08,13288.33496,0.0227781,0.0099476,0.0099476,1.6745193,-0.1289441,0.4848001,-3.877396,212,0.074605977,0.008405881,0.101087602,0,-81.0688958751618,35.2646961562441,14,78,18,6.6,3,13,0,0,0,0,9.8,0.011,13,0.15,0,58,0,0,0,"1",0.0332065075603546
"1537",1153,0,63936.4095552236,-7.04e+08,21632.22656,0.0191416,0.0181003,0.0173458,1.6420193,-0.1838136,0.4864528,-4.300477,238,0.063297278,0.009350073,0.140074508,0.53,-81.0840925497064,35.3004521364267,53,46,7.5,7.4,13,6,0.00176547231270358,0.568175895765472,0.28,0,0,0.005,5,0,0,9,0,0,0,"1",0.0550914439895487
"1538",1296,0,63936.4095552236,-273724549.419492,20756.88477,0.0143037,0.0199623,0.0197603,1.9147184,0.1728401,0.4821728,-3.200903,246,0.061943897,0.005459442,0.134688431,0,-81.0808399367823,35.2968552114694,62,75,7.8,8,19,0,0,0,0,0,0,0,4,0,0,0,0,0,0,"1",0.0451959934700973
"1539",1320,0,63936.4095552236,-273724549.419492,19489.19922,0.012073,0.014068,0.0041694,4.9908075,0.0329215,0.484312,-3.398425,225,0.043488284,0.012266498,0.152553351,0,-81.0692054851513,35.3229267374162,180,174,4.4,8.2,56,17,0,0,0,0,0,0,0,0.04,0,15,0,0,0,"1",0.0534351150727494
"1540",1482,0,63936.4095552236,-2.4e+08,20386.48242,0.0150774,0.0223335,0.015033,1.3541625,-0.0589854,0.4750345,-3.460631,247,0.059216883,0.009393396,0.137267804,0.09,-81.0799029156568,35.3009634454673,27,35,5.9,7.2,6,0,0,0,0,0,0,0,3,0,0,0,0,0,0,"1",0.0523052913191605
"1541",1554,0,63936.4095552236,-5.76e+08,14792.56152,0.0099476,0.0124546,0.0125082,1.4687471,-0.1481476,0.5000079,-3.272247,212,0.041572717,0.024689715,0.130981974,0,-81.0619745187208,35.3038401012048,38,42,4.3,7.7,9,0,0,0,0,0,0,0,4,0,0,0,0,0,0,"1",0.0524438691815175
"1542",1570,0,63936.4095552236,-3.2e+08,18427.60547,0.0058964,0.0222435,0.0212284,0.4645502,-0.0836762,0.4663336,-2.950641,236,0.057852404,0.009996402,0.126192823,0.07,-81.0727120583377,35.2923104548486,24,34,5.3,7.3,6,0,0,0,0,0,0,0,2,0,0,0,0,0,0,"1",0.0460656864691278
"1543",1582,0,63936.4095552236,-1.92e+08,15465.91309,0.0057819,0.0191416,0.0139247,3.0959876,-0.0466391,0.4795153,-3.20104,227,0.046945313,0.019384783,0.127270801,0,-81.0640714513316,35.2964526078064,67,59,6,7.5,16,0,0,2.3,0,0,0,0,7,0,0,5.5,0,0,0,"1",0.0956195879207125
"1544",1586,0,63936.4095552236,-273724549.419492,15471.26758,0.0067428,0.0181003,0.014068,3.2813458,0.0781898,0.4983667,-2.814429,225,0.046303043,0.02037358,0.128154904,0.05,-81.0637167966021,35.2990204980361,68,68,5.9,7.3,16,0,0,1.3,0,0,0,0,7,0.01,0,0,0,0,0,"1",0.0648911812457108
"1545",1591,0,63936.4095552236,-273724549.419492,15878.12793,0.0041694,0.020686,0.015033,1.7684314,0.0370374,0.5007461,-3.246916,224,0.049007009,0.017348843,0.126222468,0.16,-81.0649862250324,35.2965633428925,69,65,5.6,7.3,19,0,0,2.4,0,0,0.12,0,5,0.09,0,0,0,0,0,"1",0.203391510962866
"1546",1598,0,63936.4095552236,-9.6e+07,19198.04492,0.0122925,0.0250164,0.014068,1.6420193,-0.0205766,0.4790584,-2.900619,249,0.055655273,0.011792236,0.136194593,0.09,-81.0762426522941,35.3014587078127,24,28,3,6.9,8,0,0,0,0.34,0,0,0,0,0,0,0,0,0,0,"1",0.0429358818107249
"1547",1609,0,63936.4095552236,-4.96e+08,18314.89844,0.0074045,0.0245306,0.0173843,3.6676545,-0.1248293,0.4887828,-3.433363,233,0.054839007,0.011364985,0.131686558,0.41,-81.0725866103728,35.2989392707523,58,48,7.6,6.4,13,0,0,0,0.05,0,4.22,0.003,7,0.08,0,5.5,0,0,0,"0",0.0360511838907558
"1548",1616,0,63936.4095552236,-3.36e+08,18739.58203,0.0098122,0.0238395,0.015033,2.0766673,-0.083676,0.4591421,-3.908983,241,0.054315981,0.012136968,0.13362408,0.07,-81.0738835353273,35.2998591759236,50,62,5.2,7.7,15,0,0,3.6,0,0.2,0,0,3,0.1,0,0,0,0,0,"1",0.0329780488832411
"1549",1617,0,63936.4095552236,-273724549.419492,18761.66797,0.0098122,0.0238395,0.015033,2.5001462,0.0836764,0.475485,-3.853827,242,0.054441935,0.01214686,0.134151298,0,-81.0743166347104,35.3001545713033,14,13,2.1,7,3,0,0,0,0,0,0,0,2,0,0,0,0,0,0,"1",0.031558960423593
"1550",1623,0,63936.4095552236,-273724549.419492,18761.66797,0.0106613,0.0231277,0.0138766,2.7851665,0.017833,0.4684432,-3.526911,244,0.054549814,0.012212364,0.134707636,0,-81.0747622546538,35.3004557227409,14,14,2.7,6.9,3,0,0,0,0,0,0,0,1,0,0,0,0,0,0,"1",0.0342774338141515
"1551",1625,0,63936.4095552236,-273724549.419492,18151.36914,0.0041694,0.0139247,0.0047679,2.3674541,0.0877921,0.5167454,-2.861166,234,0.045240398,0.021299668,0.144245952,0.1,-81.069673380422,35.3136109895136,60,68,8.8,6.7,14,0,0,0,0,0,0,0,6,0,0,0,0,0,0,"1",0.0807705088893556
"1552",1633,0,63936.4095552236,-273724549.419492,17912.52344,0.0067428,0.0220927,0.0165569,1.3541625,0.0919073,0.5051894,-2.905349,235,0.052850427,0.013348468,0.131375174,0.28,-81.0715965880545,35.2983960736081,110,56,7.9,7.3,17,0,0,0,0.08,0,18,0.007,17,0.24,0,0,0.1,0,0,"1",0.0395292903198271
"1553",1635,0,63936.4095552236,-4.8e+07,17084.21094,0.0047679,0.0141155,0.0106613,2.0766673,-0.0109731,0.5227233,-3.717974,232,0.045367933,0.021900614,0.137544627,0,-81.0674659688953,35.307595524117,136,69,16.2,6.4,34,37.5,0,9.86,0,0,0,0,12,0,0,17,0.1,0,0,"0",0.0515887745590027
"1554",1636,0,63936.4095552236,-2.08e+08,17926.39063,0.0083388,0.0220927,0.0152099,2.5001462,-0.0534977,0.4780753,-3.200976,238,0.052481019,0.013748272,0.132267577,0,-81.07169742192,35.2999383004145,28,34,6.3,7.4,7,0,0,0,0,0,0.13,0,2,0,0,0,0,0,0,"1",0.00126445439415738
"1555",1637,0,63936.4095552236,-2.08e+08,17926.39063,0.0083388,0.0220927,0.0152099,2.5001462,-0.0534977,0.4780753,-3.200976,238,0.052481019,0.013748272,0.132267577,0,-81.0716987427266,35.2999407410072,28,34,6.3,7.4,7,0,0,0,0,0,0.13,0,2,0,0,0,0,0,0,"1",0.00126440928955667
"1556",1638,0,63936.4095552236,-273724549.419492,17001.5957,0.0058964,0.0148089,0.0115638,4.7268519,0.0137173,0.511598,-3.306803,231,0.046331006,0.020578311,0.136342094,0,-81.0680780478577,35.3058143194941,240,78,15,7.2,82,150,0,1.7,0,0.3,1.1,0,9,0,0,11,0,0,0,"1",0.042945559548572
"1557",1642,0,63936.4095552236,-273724549.419492,17171.25195,0.0093231,0.0179891,0.0139726,5.3719029,0.0137177,0.5011627,-3.652772,232,0.048977038,0.017378885,0.133653615,0,-81.0696641754172,35.3023497760861,44,53,7.2,7.1,11,0,0,0,0,1.1,0,0,4,0,0,0,0,0,0,"1",0.0446069134165465
"1558",1646,0,63936.4095552236,-273724549.419492,17949.47656,0.0088068,0.0204585,0.0143037,5.3320451,0.0082301,0.4865281,-3.462075,240,0.051708792,0.014624762,0.133237988,0,-81.0710543061158,35.3007810765678,22,29,2.3,6.9,6,0,0,0,0,0,2.9,0,2,0,0,0,0,0,0,"1",0.0383636968754927
"1559",1647,0,63936.4095552236,-9.76e+08,19339.88867,0.0115638,0.0222435,0.0104715,6.0082245,-0.2496577,0.4843214,-4.575606,241,0.053813414,0.015153051,0.139266826,0.05,-81.075935395677,35.3053821806175,77,78,8.4,7.2,21,0,0,0,0,0,0,0,6,0,0,6,0,0,0,"1",0.0438038995614896
"1560",1649,0,63936.4095552236,-273724549.419492,17329.69336,0.0073136,0.0164353,0.0119057,2.3215306,0.0370367,0.5064462,-3.58229,233,0.047703885,0.019184,0.13606815,0,-81.0691348866832,35.3054726129351,29,28,7.1,6.5,7,0,0,0,0.09,0,0,0,3,0,0,6.5,0,0,0,"1",0.0298758426406979
"1561",1654,0,63936.4095552236,-273724549.419492,17329.69336,0.0077573,0.0173458,0.0113891,3.0257473,0.0137167,0.4968997,-4.060283,232,0.048007544,0.018863627,0.135969777,0,-81.0692800898295,35.3053566645587,57,47,7.9,6.2,15,0,0,4,0,0,0.91,0,5,0.07,0,7.4,0,0,0,"0",0.0299110685583867
"1562",1657,0,63936.4095552236,-273724549.419492,19404.01953,0.0109093,0.0217265,0.0093231,1.6420193,0.205761,0.5088837,-3.614929,250,0.053592521,0.016082929,0.140384807,0.22,-81.0758735780847,35.3068533698532,36,40,7.1,6.9,8,0,0,1.1,0.01,0,0.39,0,4,0.01,0,0,0,0,0,"1",0.0438136030929126
"1563",1658,0,63936.4095552236,-4.8e+07,20864.33984,0.0129288,0.0115638,0.0041694,3.4254887,-0.0109745,0.527667,-3.446446,240,0.052471386,0.018862893,0.15053414,0,-81.0779490868141,35.3172549967629,56,79,7.7,6.8,9,0,0,0,0.12,0,0,0,8,0,0,0,0,0,0,"1",0.0297554111162378
"1564",1659,0,63936.4095552236,-273724549.419492,20864.33984,0.0129288,0.0115638,0.0041694,1.8575904,0.019204,0.5347314,-3.003396,239,0.052365973,0.018508809,0.150828229,0,-81.0779024904888,35.3174825699169,49,58,8.4,6.8,9,0,0,0,0,0,0,0,7,0,0,0,0,0,0,"1",0.0296009029091886
"1565",1660,0,63936.4095552236,-1.28e+08,20752.89258,0.0129288,0.018284,0.0074045,9.3902225,-0.0315505,0.4842336,-4.584541,234,0.056034831,0.017419033,0.144302402,11.503,-81.0789340286909,35.3094632668341,64.75486152033,61.2816735415439,8,7.7,36,9.90949941107185,0,0,0,0,0.34,0,5,0.06,0,5.2,0,0,0,"1",0.0428604551487473
"1566",1662,0,63936.4095552236,-273724549.419492,17801.20703,0.0074045,0.0176514,0.0098801,2.2025177,0.0864198,0.4786255,-3.594123,237,0.049219014,0.018384194,0.137710068,0,-81.0707726512165,35.3070690786063,42,50,6.7,7.2,12,0,0,0,0,0,0,0,3,0,0,6.2,0,0,0,"1",0.0449380659588469
"1567",1663,0,63936.4095552236,-273724549.419492,21245.9043,0.0139726,0.0109093,0.0051715,3.7400842,0.1015088,0.514667,-2.479563,240,0.053548301,0.018821887,0.151451306,0,-81.0786896835222,35.3179161298569,0,0,0,0,0,0,0,1,0,0,0,0,0,0,0,0,0,0,0,"0",0.0376307903080975
"1568",1664,0,63936.4095552236,-273724549.419492,18561.95117,0.0047679,0.0157285,0.0057819,6.3185296,0.0219468,0.4963548,-4.292655,228,0.047682683,0.022395656,0.142433546,0,-81.0729330993907,35.3116618321208,264,89,19,8,100,182.3,0,0,0,0.708,0,0,3,0,0,13.6,0,0,0,"1",0.0518914219424429
"1569",1670,0,63936.4095552236,-8.8e+08,20439.23047,0.0127727,0.0171909,0.0065415,5.901052,-0.223594,0.4982453,-3.716701,243,0.055250724,0.018491433,0.144912627,0,-81.079112108236,35.3100285260706,54,44,65,6.8,12,0,0,0,0,0,0,0.007,6,0,0,6,0,0,0,"1",0.0416632151482778
"1570",1671,0,63936.4095552236,-273724549.419492,21026.46484,0.0139247,0.0146272,0.0062273,0.9290393,0.1220846,0.5464237,-2.230888,245,0.055550322,0.020681799,0.147480671,0.09,-81.0795066841058,35.312759828947,53,64,8,7.2,12,0,0,0,0,0,0,0,5,0,0,0,0,0,0,"1",0.0175745818823152
"1571",1672,0,63936.4095552236,-273724549.419492,18602.06641,0.0083388,0.0191416,0.0081769,2.2025177,0.0685873,0.4872651,-3.402718,248,0.051066846,0.017562727,0.139348869,0,-81.0733127028645,35.3065657297623,37,48,7.2,7,10,0,0,0,0,0,0.1,0,3,0,0,0,0,0,0,"1",0.0431819374072354
"1572",1675,0,63936.4095552236,-273724549.419492,20856.40039,0.0129288,0.0139726,0.0047679,4.0564528,0.0384092,0.5087528,-3.044481,249,0.054324805,0.021654432,0.148994169,0,-81.0790351191956,35.3148809247537,53,63,9.7,7.5,11,0,0,1.2,0,0,0,0,6,0,0,0,0,0,0,"1",0.0413190312754936
"1573",1676,0,63936.4095552236,-3.2e+07,20740.91797,0.0127727,0.015033,0.0051715,0.7344942,-0.0068587,0.5402752,-3.36592,247,0.054863717,0.02126067,0.147632585,0.05,-81.0794930670361,35.3128315360436,82,36,6.4,6.6,21,0,0,0,0.09,0,0.19,0,7,0.04,0,0,0,0,0,"1",0.0177449871331851
"1574",1677,0,63936.4095552236,-1.6e+08,20740.91797,0.0127727,0.015033,0.0051715,0.3284902,-0.0425238,0.5499536,-3.499639,247,0.054709472,0.020957353,0.147206683,0.45,-81.0792479139027,35.312494517314,63,83,8.6,7,14,0,0,0,0.12,0,0,0.024,3,0,0,14,0,0,0,"1",0.0312196429223861
"1575",80,0,27775.54883,-2.24e+08,19892.99023,0.014068,0.026395,0.0155145,0.9290393,-0.0589867,0.4962686,-3.395004,266,0.157969643,0.006958796,0.318163566,0,-81.3070919685981,35.2957938455308,41,39,7.5,6.9,15,0,0,0,0,0,0.77,0,0,0,0,10,0,0,0,"1",0.139226463569671
"1576",89,0,29742.4082,-273724549.419492,21788.63672,0.0186461,0.0327279,0.0218186,5.5668116,0.3155007,0.5104836,-3.578404,266,0.159144936,0.006498564,0.323731941,0,-81.3128086494904,35.3007009363173,10,19,4.6,6.4,4,0,0,0,0,0,0,0,0,0,0,0,0,0,0,"0",0.138610913470291
"1577",123,0,40424.05078,-273724549.419492,18391.61328,0.0264203,0.0248286,0.0155145,7.4059467,0.0919059,0.4856858,-3.7826,261,0.142940508,0.009484569,0.310226025,0.07,-81.2951249807938,35.3049780267021,45,53,5.1,7.2,12,0,0,0,0,0,0.1,0,3,0,0,0,0,0,0,"1",0.158149567572105
"1578",491,0,82927.38281,-273724549.419492,20728.93359,0.0436372,0.0408844,0.0141155,2.2025177,0.0864201,0.5282431,-3.016385,246,0.129311487,0.017296551,0.313548655,0,-81.291892161609,35.3232307287239,58,70,7.9,7.8,18,0,0,0,0,0,0.17,0,3,0,0,0,0,0,0,"1",0.189513144820854
"1579",607,0,93684.86719,-1.28e+08,22176.70703,0.048195,0.0456296,0.0186461,1.4687471,-0.0342938,0.4951795,-3.305316,256,0.127438583,0.013108923,0.316035432,0,-81.2904193005367,35.3273080419838,31,34,9.2,6.9,11,0,0,3.55,0,0.44,0,0,1,0.05,0,0,0,0,0,"1",0.181679094842105
"1580",612,0,94250.64844,-273724549.419492,24236.02148,0.0456296,0.0466153,0.0196585,2.5639057,0.0342935,0.5032813,-3.054581,266,0.138279696,0.011990971,0.325601187,0,-81.3017549004439,35.3270947461218,10,26,7.3,6.7,3,0,0,0,0,0,0,0,0,0,0,0,0,0,0,"1",0.193720516151483
"1581",689,0,63936.4095552236,-273724549.419492,19876.32813,0.0429266,0.041694,0.0135351,2.5001462,0.0672157,0.4847354,-3.717658,244,0.125045483,0.018544504,0.309939298,0,-81.2854531915766,35.3240111548175,49,41,9.5,6.9,13,0,0,4.4,0,0,0.16,0,4,0,0,11,0,0,0,"1",0.170691634864389
"1582",19,0,11571.95996,-6.4e+07,11175.77539,0.0152099,0.0025858,0,2.5001462,-0.0164614,0.5060848,-3.948673,268,0.145278488,0.013146723,0.290592886,6.12,-81.2817117077021,35.2846141212366,41,31,6,6.7,7,7.6,0,0,0,0,0,0,6,0,0,0,0,0,0,"1",0.995632651129444
"1583",25,0,14595.60742,-273724549.419492,18597.61328,0.0335551,0.0240628,0.0081769,3.487623,0.2400547,0.522881,-3.451386,266,0.189394135,0.017087192,0.304005482,0,-81.3062121737773,35.2467742449597,51,25,11,6.7,16,0,0,0,0.07,0,0,0,3,0,0,37,0,0,0,"1",0.0824132809897273
"1584",46,0,21122.73438,-1.6e+08,22576.45313,0.0476368,0.0231277,0.0135351,2.9719696,-0.0425264,0.4881938,-3.278505,261,0.202367988,0.009466196,0.305274418,0,-81.3102336697669,35.2342498196288,71,67,6.6,7.1,22,8,0,0,0,0,0,0,4,0.05,0,8.5,0,0,0,"1",0.012989682572735
"1585",48,0,21362.08789,-1.12e+08,21447.66016,0.0452322,0.0220927,0.0119057,1.6420193,-0.0260624,0.5022634,-4.119452,273,0.199744659,0.012039407,0.304033966,0,-81.309510081663,35.2340387995969,8,7,2,6.2,1,0,0,0,0,0,0,0,1,0,0,0,0,0,0,"0",0.010532523579482
"1586",91,0,30650.13281,-273724549.419492,9501.457031,0.0204585,0.0106613,0.0106613,1.3541625,0.0438952,0.5166324,-3.532211,252,0.1531161,0.012483061,0.286083863,0,-81.280866563896,35.2738858120294,71,88,8.1,7.5,23,0,0,0,0,0,0,0,3,0.049,0,0,0,0,0,"1",0.110232293594468
"1587",601,0,93119.625,-273724549.419492,9466.525391,0.0243939,0.0222435,0.0186461,2.5001462,0.270232,0.5434201,-3.049949,243,0.108833039,0.006803884,0.273874284,0,-81.252957322847,35.3076300884494,77,67,4,8.1,24,12,0,0,0,0,0.25,0,4,0,0,0,0,0,0,"1",0.107412087043023
"1588",847,0,63936.4095552236,-8e+07,10566.27539,0.0270703,0.0249629,0.0192461,2.6465178,-0.0205758,0.4701878,-4.151735,237,0.102688248,0.000641898,0.272608612,0,-81.2490830950436,35.3119797898569,101,98,6,7.9,31,19.41,0.00176547231270358,0.568175895765472,0,0.233,0.24,0,5,0.03,0,0,0,0,0,"1",0.0995423478007375
"1589",894,0,63936.4095552236,-273724549.419492,10996.47266,0.0224529,0.0268968,0.0170738,3.7400842,0.0795614,0.4979473,-3.650439,236,0.11520205,0.014077054,0.281924796,0.11,-81.2623022909212,35.3077600605486,49,46,10.3,6.7,14,0,0,0,0,0,0.19,0,3,0,0,13.4,0,0,0,"1",0.0980204673438191
"1590",1104,0,63936.4095552236,-273724549.419492,11886.8418,0.0243939,0.0292545,0.0164353,5.2817907,0.0658437,0.4961106,-3.949705,240,0.115322295,0.015499239,0.284855847,0,-81.2649555021028,35.3107660999921,51,61,11,7.1,18,5.9,0,0,0,0,0,0.007,2,0.04,0,0,0,0,0,"1",0.106630855927375
"1591",1223,0,63936.4095552236,-1.28e+08,12304.53125,0.0256759,0.0305294,0.0180633,7.7400222,-0.0342931,0.5136167,-3.161084,236,0.113172332,0.013790057,0.284204988,0,-81.2637785365498,35.3124027722255,44,41,12,6.9,13,0,0,0,0,0,0.42,0,3,0,0,9.8,0,0,0,"1",0.0970411046898708
"1592",1466,0,63936.4095552236,-273724549.419492,13529.23145,0.0358666,0.0336744,0.0248286,4.374136,0.0480106,0.495421,-2.984673,270,0.099368711,0.007706033,0.278577906,0,-81.2521812016394,35.3204503679735,9,9,0,6.1,3,0,0,14,0,0,0,0,0,0,0,0,0,0,0,"0",0.0497387071146346
"1593",1498,0,63936.4095552236,-273724549.419492,13921.46387,0.03695,0.0347878,0.0243116,0.7344942,0.1207125,0.4887285,-3.649083,270,0.099078136,0.00876857,0.279431392,0,-81.2520476137523,35.3210209411344,45,52,4.3,7.4,10,10,0,0,0,0,0,0,5,0,0,9.5,0,0,0,"1",0.048066817872623
"1594",1518,0,63936.4095552236,-273724549.419492,14034.0459,0.03695,0.035113,0.0253615,3.5335,0.0699572,0.4822855,-3.725118,264,0.100491767,0.009555864,0.280982045,0,-81.2540465945726,35.3213991982471,31,41,4.2,7.3,6,0,0,0,0,0,0,0,4,0,0,0,0,0,0,"1",0.0419629197522
"1595",1522,0,63936.4095552236,-1.92e+08,14424.03613,0.0380378,0.036219,0.0249093,7.3702354,-0.0452685,0.4925454,-3.907608,264,0.09887109,0.010272668,0.280760081,0,-81.2529015352406,35.3229154920782,48,58,3.1,6.7,11,0,0,0,0,0.2,0,0,5,0,0,0,0,0,0,"1",0.0497555984064111
"1596",1525,0,63936.4095552236,-273724549.419492,14424.03613,0.0387691,0.0376669,0.0255977,2.6465178,0.0219455,0.4966675,-3.992876,259,0.099528377,0.011137827,0.281966944,0,-81.2542636232286,35.3231630944021,26,21,3.9,6.2,6,0,0,0,0,0,0,0,3,0,0,5.8,0,0,0,"0",0.0434903359224587
"1597",1528,0,63936.4095552236,-273724549.419492,14544.11914,0.0376669,0.0365681,0.0259865,2.0766673,0.0768154,0.496237,-3.627226,261,0.100217546,0.010193367,0.281443053,0,-81.2543641917441,35.3215558358768,30,23,3.9,6.9,7,0,0,0,0,0,0,0,3,0,0,5.6,0,0,0,"1",0.0420342353059341
"1598",148,0,44094.33594,-273724549.419492,6737.011231,0.0143037,0.0176514,0.0058964,2.6465178,0.1536347,0.5124927,-2.91793,209,0.035589287,0.004627245,0.109835766,0,-81.0319757103867,35.2902896500556,175,154,9.1,7.2,46,0,0.24,2.66,0,0,0.78,0,14,0.21,0,13.3,0.1,0,0,"1",0.0116724493724023
"1599",173,0,47685.23047,-273724549.419492,6737.011231,0.0152099,0.0181003,0.0051715,2.9355664,0.1412892,0.5178686,-3.049158,208,0.035931103,0.003945101,0.109756249,0,-81.0320857275132,35.2903764458169,150,169,26.9,7.8,52,7.9,0.46,0,0,0.32,0,0,5,0.066,0,15.9,0.115,0,0,"1",0.0116075752450743
"1600",180,0,49028.86328,-273724549.419492,6954.780273,0.0154281,0.0186461,0.0047679,4.7268519,0.1179689,0.4787317,-2.941214,211,0.034941251,0.004503424,0.110877348,0,-81.0326401319411,35.291336165085,152,122,10.1,7.1,36,7.4,0,3.59,0,0,0.2,0,15,0.019,0,18.1,0,0,0,"1",0.0221362615370463
"1601",387,0,74728.125,-2.72e+08,8231.019531,0.020847,0.0220927,0.0025858,1.3137449,-0.0672152,0.4778234,-2.890393,204,0.033622849,0.007912492,0.115615911,0,-81.039291554864,35.2946838352286,70,66,3.7,7.6,23,0,0.00176547231270358,0.568175895765472,0,0,0.24,0,3,0,0,5.99,0,0,0,"1",0.0322518728087759
"1602",439,0,78724.625,-8e+07,8785.873047,0.0224529,0.0242841,0.0034692,2.9719696,-0.0192044,0.4886407,-3.277299,210,0.036043292,0.007110168,0.114016709,0,-81.0401969224039,35.2925217173844,71,36,12.2,6.1,17,8.2,0.00176547231270358,0.568175895765472,0,0,0,0,7,0,0,17.7,0,0,0,"0",0.0309654253318795
"1603",461,0,80733.69531,-273724549.419492,12643.16016,0.0231566,0.0146272,0.0034692,3.6676545,0.163237,0.4933613,-3.078553,226,0.051350854,0.014590026,0.102857652,0,-81.0468220037158,35.278748668387,42,52,6.6,7,10,0,0,0,0,0,0,0,4,0,0,0,0,0,0,"1",0.0341520073899712
"1604",486,0,82680.35156,0,9100.746094,0.021102,0.0231566,0.0032707,3.9493225,0,0.4860572,-2.714466,215,0.035843771,0.008711671,0.115232139,0,-81.0415147090958,35.2933504080705,170,156,9.9,6.8,56,0,0,6.7,0,0,4.2,0,6,0.5,0,16,0.2,0,0,"1",0.0328521302814063
"1605",526,0,86390.71094,-273724549.419492,10068.56738,0.0231566,0.0256759,0.0046255,1.3541625,0.1015084,0.5068111,-3.407755,211,0.03878321,0.009306731,0.113714578,0.17,-81.0438266504345,35.2914812724471,68,38,10,6.6,18,0,0,0,0.11,0,0.19,0,6,0,0,15,0,0,0,"1",0.0363172673107579
"1606",528,0,86445.11719,-273724549.419492,17353.57422,0.0253878,0.0161066,0.0057819,2.3674541,0.3758568,0.5233462,-3.464793,195,0.076575331,0.010959577,0.113605477,0,-81.0800658686475,35.2719786827588,140,113,3.8,7.2,28,5.5,0,0,0,0,0.13,0.006,17,0,0,11,0,0,0,"1",0.0288680682480139
"1607",577,0,90483.29688,-273724549.419492,17614.11719,0.0243939,0.0157285,0.0069383,0.3284902,0.083676,0.5113488,-3.623958,198,0.076002392,0.01144845,0.113927967,0,-81.0802348149899,35.2724392338417,160,123,3.6,7.2,42,7,0,0,0,0,0,0.006,13,0.08,0,11,0,0,0,"1",0.0292645625746244
"1608",1074,0,63936.4095552236,-273724549.419492,15893.76953,0.0245033,0.0129288,0.0065415,1.9701859,0.0452676,0.489327,-2.645084,204,0.075080385,0.008403652,0.10946645,1.1,-81.0764087419729,35.2696198036282,57,52,2.6,6.5,13,0,0,0,0,0,0,0,6,0.12,0,6,0,0,0,"1",0.0365468831114531
"1609",1309,0,63936.4095552236,-3.84e+08,12675.87207,0.0212284,0.0077573,0.0077573,1.9973403,-0.0960232,0.4913466,-3.907661,215,0.072460486,0.010811846,0.099901797,0,-81.065855802205,35.2653759800498,170,158,16,8.1,57,9.7,0,0,0,0.4,1.6,0.01,5,0.07,0,11,0,0,0,"1",0.0366483050272117
"1610",1343,0,63936.4095552236,-273724549.419492,18499.37891,0.0150774,0.0150774,0.0144895,2.3215306,0.0727025,0.5040041,-3.199354,210,0.066293572,0.006037951,0.118113153,0.08,-81.0753011705959,35.2813789519704,150,141,11,7.8,47,20,0,0,0,0,0.43,0,9,0.22,0,0,0,0,0,"1",0.0383354312280364
"1611",1359,0,63936.4095552236,-273724549.419492,19455.17188,0.0122925,0.0171909,0.0164353,1.1842326,0.0823048,0.5105749,-3.449626,225,0.064472553,0.007583196,0.120669534,0,-81.0743252517094,35.2833549605116,110,78,7,6.8,27,0,0,0,0,0,0,0,12,0,0,19,0,0,0,"1",0.0385585277722691
"1612",1368,0,63936.4095552236,-273724549.419492,13651.11816,0.0212599,0.0073136,0.0067428,2.1024425,0.201646,0.4922067,-3.275852,232,0.058738412,0.014044126,0.10323234,0,-81.0560406482483,35.2749824584168,12,11,12.4,6.1,3,0,0.00176547231270358,0.568175895765472,0,0,0,0,0,0,0,10.7,0,0,0,"0",0.000426520924864286
"1613",1369,0,63936.4095552236,-273724549.419492,13651.11816,0.0212599,0.0073136,0.0067428,2.1024425,0.201646,0.4922067,-3.275852,232,0.058738412,0.014044126,0.10323234,0,-81.0560427575087,35.2749825389683,12,11,12.4,6.1,3,0,0.00176547231270358,0.568175895765472,0,0,0,0,0,0,0,10.7,0,0,0,"0",0.000426525082812431
"1614",1374,0,63936.4095552236,-6.4e+07,14016.33008,0.0198952,0.0083388,0.0058964,3.7400842,-0.0123468,0.5043606,-3.373209,228,0.057076584,0.013483285,0.105061125,0,-81.0561197668862,35.2769353476996,12,17,9.4,6,3,0,0,0,0.07,0,0,0,0,0,0,5.5,0,0,0,"0",0.0243419452542722
"1615",1414,0,63936.4095552236,-273724549.419492,13529.23145,0.0224529,0.0057819,0.0057819,4.1089568,0.0274344,0.4873279,-3.517049,229,0.069886669,0.011460648,0.102491522,0,-81.0664109113962,35.2686661298239,38,14,26,6.1,11,0,0,0,0,0,2.4,0,3,0,0,25,0.1,0,0,"0",0.0313368560740913
"1616",1433,0,63936.4095552236,-6.4e+07,13837.92285,0.0202285,0.0067428,0.0062273,2.7068136,-0.0137186,0.4815471,-4.014125,235,0.05846793,0.013097762,0.104265696,0,-81.0567824024447,35.2757169430498,11,10,9.2,5.3,3,0,0,3,0,0,0,0,0,0,0,7.4,0,0,0,"0",0.0217626071202911
"1617",1481,0,63936.4095552236,-273724549.419492,15058.91602,0.0114476,0.0131848,0.0115638,4.7268519,0.0329217,0.5134773,-2.825763,238,0.052546034,0.011610162,0.11333445,1.5,-81.0587760855461,35.2845230240916,25,19,15,6.2,7,0,0,0,0,0,0.53,0,2,0,0,14,0,0,0,"0",0.0281132999034505
"1618",1517,0,63936.4095552236,-4.8e+07,14926.33301,0.0176514,0.0074045,0.0065415,4.312499,-0.0150887,0.5002014,-3.14689,236,0.057093842,0.011495481,0.106940344,0.47,-81.05783169903,35.2780447190942,81,78,18,6.6,23,15,0,0,0,0,0,0,6,0,0,13,0,0,0,"1",0.0257109329406233
"1619",1530,0,63936.4095552236,-273724549.419492,15195.79297,0.0131848,0.0109704,0.0098801,2.6465178,0.0068582,0.485696,-3.377834,236,0.053890622,0.01088767,0.111826214,0.09,-81.0595328025321,35.2828853399924,12,31,9.1,6.8,4,20,0,0,0,0,0.14,0,5,0,0,0,0,0,0,"1",0.0207773542570337
"1620",1531,0,63936.4095552236,-273724549.419492,15342.24902,0.0131848,0.0109704,0.0098801,5.6522746,0.027434,0.4875773,-3.289856,242,0.054668708,0.010282301,0.111414716,0,-81.0594331959867,35.2824971528675,90,86,7.4,7.7,29,0,0,0,0,0,0,0,2,0,0,0,0,0,0,"1",0.0215913661047115
"1621",1537,0,63936.4095552236,-273724549.419492,13553.69629,0.0229536,0.0032707,0.0032707,1.6420193,0.0562407,0.5063331,-3.195758,236,0.068492462,0.010337562,0.103355578,0,-81.0657017047595,35.2698964239774,49,34,15,6.3,16,0,0,0,0,0,0,0,2,0,0,17,0,0,0,"0",0.0299938969022884
"1622",1556,0,63936.4095552236,-273724549.419492,15577.96777,0.0115638,0.0117928,0.0106613,3.2484376,0.083676,0.4882908,-2.535579,242,0.054060141,0.010155035,0.112866221,0,-81.0600815334639,35.2837991105146,17,11,4.9,5.2,4,0,0,1.5,0,0,0,0,2,0,0,6.6,0,0,0,"0",0.0149944596392139
"1623",1557,0,63936.4095552236,-273724549.419492,15577.96777,0.0115638,0.0117928,0.0106613,2.6261098,0.0809328,0.4720763,-2.774265,244,0.054187996,0.010032131,0.112829669,0.13,-81.0601771095081,35.2837103929528,12,9,5,5.8,2,0,0,0,0.13,0,0,0.005,1,0,0,0,0,0,0,"0",0.0149920348174302
"1624",1558,0,63936.4095552236,-273724549.419492,14435.51563,0.0219713,0.0047679,0.0047679,4.6354632,0.0576136,0.4858139,-3.167229,238,0.068017162,0.00785424,0.106067214,2.1,-81.0675291095303,35.272077956232,40,35,15,6.4,12,0,0,7.4,2.09,0,0,0.189,3,0,0,8.9,0,0,0,"0",0.0290232182172634
"1625",1559,0,63936.4095552236,-273724549.419492,14239.10449,0.0191416,0.0049061,0.0041694,3.4254887,0.1001367,0.5169922,-2.597868,243,0.060408587,0.010128102,0.105550462,0.08,-81.060100895727,35.2757847362147,28,41,10,6.7,9,0,0,0,0,0.21,0,0,1,0.03,0,0,0,0,0,"1",0.0230279357848859
"1626",1560,0,63936.4095552236,-273724549.419492,14589.60547,0.0191416,0.0049061,0.0041694,2.9719696,0.0562409,0.5145983,-2.662383,240,0.060004566,0.010141874,0.105811891,0,-81.0599567568638,35.2761720918521,62,70,9.9,7.5,21,0,0,0,0,0.27,0,0,3,0,0,0,0,0,0,"1",0.022860135871713
"1627",1597,0,63936.4095552236,-273724549.419492,14435.51563,0.020847,0.0034692,0.0034692,3.0257473,0.0685873,0.4993421,-3.47355,234,0.066840359,0.007814631,0.10576927,0.17,-81.0662417004796,35.2721061837539,20,32,13,6.3,6,0,0,3.3,0,0,0,0,1,0,0,5.2,0,0,0,"0",0.0284651875220733
"1628",1618,0,63936.4095552236,-2.88e+08,15064.41504,0.0185021,0.0051715,0.0047679,3.5486591,-0.0781891,0.486232,-4.226691,221,0.065681077,0.005247782,0.108317194,0,-81.0669916456187,35.2749736117742,18,90,8.4,7.4,19,0,0,1,0,0,0,0,15,0,0,6.3,0,0,0,"1",0.0301696934188761
"1629",1630,0,63936.4095552236,-4.32e+08,17505.63477,0.0127727,0.0099476,0.0090316,3.9493225,-0.1097393,0.4996672,-3.53364,221,0.062593889,0.000951045,0.11419141,0.05,-81.069225334715,35.2805236026045,30,33,11.2,6.6,9,0,0,3.77,0,0,0,0,2,2,0,7.6,0,0,0,"1",0.0368082119346145
"1630",1643,0,63936.4095552236,-273724549.419492,16039.01563,0.015033,0.0074045,0.0065415,1.6745193,0.1769552,0.51348,-3.734609,231,0.063173536,0.002425608,0.111251658,0,-81.0671431129249,35.2777986780278,90,81,4.8,7.2,13,0,0.00176547231270358,0.568175895765472,0,0,0,0,14,0,0,5.4,0,0,0,"1",0.0313286415029499
"1631",64,0,24666.125,-273724549.419492,18242.39844,0.0168372,0.0077573,0.007034,1.6745193,0.0809326,0.5084656,-3.232405,226,0.127184454,0.006665745,0.12575782,0,-81.1312742192188,35.2141217335651,68,69,6.1,7.2,19,5.37,0.00176547231270358,0.568175895765472,0,0,0,0,5,0.03,0,5.96,0,0,0,"1",0.0552462026653073
"1632",82,0,28419.21289,-273724549.419492,18512.80469,0.0127727,0.0104075,0.0113891,2.0766673,0.0617276,0.5177229,-3.102393,223,0.129864702,0.004712769,0.12842518,0.1,-81.1342035210392,35.2115764990398,48,32,5.7,6.6,10,8.3,0.00176547231270358,0.568175895765472,0.09,0,0.21,0,5,0,0,5.1,0,0,0,"1",0.0531998298966853
"1633",96,0,31767.18164,-3.04e+08,18637.65234,0.0238395,0.0181003,0.0119057,2.6465178,-0.0740743,0.5261449,-3.394916,237,0.116582809,0.009714844,0.115240815,0,-81.114236869816,35.2285593715018,42,41,5.3,6.7,14,0,0,0,0,0,0.22,0,2,0,0,5.4,0,0,0,"1",0.0443429846841035
"1634",128,0,41513.23828,-273724549.419492,20025.77734,0.0278014,0.0131848,0.0138766,2.5001462,0.0658449,0.4984874,-2.686653,224,0.114783136,0.013684126,0.113405165,0,-81.116319383788,35.2208999666881,48,39,10.6,6.7,11,0,0,0,0.06,0,0,0,5,0,0,9.8,0,0,0,"1",0.0479767486036135
"1635",130,0,41809.90234,-273724549.419492,19892.99023,0.0131848,0.0113891,0.0131848,2.9719696,0.0713307,0.5191924,-2.848562,231,0.128341705,0.002494192,0.12688815,0,-81.133876684506,35.206941327316,47,47,9.5,6.9,14,19,0,0,0,0,0.21,0,3,0.22,0,0,0,0,0,"1",0.051828539555804
"1636",220,0,55116.40234,-273724549.419492,18761.66797,0.0057819,0.0190716,0.0057819,1.9973403,0.0425251,0.5195469,-1.731496,235,0.136982402,0.004432755,0.135523829,0,-81.143012208868,35.2063713260059,57,117,7.5,7.3,13,0,0,0,0,0,0,0,15,0,0,12,0,0,0,"1",0.0373824591022369
"1637",235,0,57254.23047,-273724549.419492,19133.22266,0.0065415,0.018284,0.0065415,1.0386748,0.0260641,0.5213531,-1.672944,236,0.136314571,0.005263263,0.134854226,0.08,-81.1423487978225,35.2061532157859,57,47,9.6,7,13,0,0,0,0.28,0,0,0,6,0,0,9,0,0,0,"1",0.0375102234876479
"1638",274,0,62654.29297,-273724549.419492,19305.59766,0.0093231,0.015033,0.0093231,0.9290393,0.0754464,0.4962046,-2.915468,236,0.13614507,0.007462473,0.13467576,0.06,-81.1430314046961,35.2031119109994,36,27,5.8,6.5,9,0,0,0,0.11,0,0,0,3,0,0,6.2,0,0,0,"1",0.0492702198968075
"1639",293,0,65349.57813,-4.48e+08,11830.96973,0.0311366,0.0119057,0.0185382,1.9973403,-0.1124825,0.4801431,-4.19755,219,0.155582826,0.016475662,0.154084206,0,-81.1635847571848,35.1835156585503,32,36,9,7.1,7,11.4,0,0,0.01,0,0.62,0,3,0.04,0,0,0,0,0,"1",0.0721227204666452
"1640",348,0,71216.22656,-273724549.419492,12237.03516,0.026622,0.0152099,0.0176893,3.0959876,0.1083674,0.5075043,-2.664014,239,0.154286664,0.015008158,0.152791478,0,-81.1617862036084,35.1878586267559,47,69,7.5,7.3,10,0,0,0,0,0,0,0,5,0,0,0,0,0,0,"1",0.069016150661389
"1641",392,0,75369.79688,-6.4e+07,16943.03711,0.0074045,0.0190716,0.0074045,3.5335,-0.0123459,0.4724052,-2.665572,242,0.145275232,0.005863814,0.143808733,0.08,-81.1517728789198,35.2050422976156,0,85,50.6,7,0,0,0,0,0,0,0,0,0,0,0,6.1,0,0,0,"1",0.0277106268327326
"1642",393,0,75369.79688,-273724549.419492,16943.03711,0.0074045,0.0190716,0.0074045,1.3541625,0.0096019,0.4666407,-3.128942,240,0.145604029,0.006447032,0.144136429,0.33,-81.1523911777806,35.204255684826,72,61,8.8,7,17,0,0,0,1.7,0,0,0,7,0,0,11.5,0,0,0,"1",0.0237992760394094
"1643",512,0,84779.57031,-1.12e+08,15804.93262,0.0168372,0.0093231,0.0115638,1.9973403,-0.024691,0.4926839,-3.435461,239,0.144185341,0.015140039,0.14269862,0.08,-81.1517121537219,35.1942622089866,90,93,8.8,7.7,18,0,0.00176547231270358,0.568175895765472,0.1,0,1.03,0.026,11,0,0.001,9.5,0,0,0,"1",0.0660953892976134
"1644",218,0,54585.90234,-348923072,15277.33008,0.0520373,0.0190716,0.0325641,3.6676545,-0.1192689,0.4941556,-3.890013,210,0.159149849,0.025326508,0.157654542,0.07,-81.1652327361126,35.1579945364844,24,32,8.2,6.6,41,0,0,0,0.08,0,0.52,0,1,0,0,0,0.1,0,0,"1",0.0368513681870267
"1645",221,0,55229.72656,-273724549.419492,14680.1543,0.0494954,0.0165569,0.0300215,2.9355664,0.0702951,0.5327845,-3.223237,214,0.161067491,0.023440189,0.15957145,0,-81.1670178043055,35.1580822887075,95,46,11,7.1,33,0,0,0,0.08,0,0,0,5,0,0,0,0,0,0,"1",0.0359330879406093
"1646",272,0,62303.21484,-2.88e+08,21327.61328,0.0265968,0.0036568,0.0148089,3.5486591,-0.0727023,0.4909916,-3.452294,208,0.116387573,0.011038517,0.114955739,0,-81.1209905009404,35.2102295579269,0,100,88.6,7.2,0,45.4,0,0,0.08,0,0,0,0,0,0,17,0,0,0,"1",0.0614076723417642
"1647",297,0,66020.76563,-273724549.419492,13602.49512,0.0465148,0.015033,0.028136,2.9355664,0.0150883,0.4863958,-3.800551,205,0.161368726,0.019957061,0.159869315,0,-81.1684981972988,35.1624723306381,130,129,13,7.9,45,34,0,0,0,0,0,0,5,0.03,0,0,0,0,0,"1",0.0304919038407106
"1648",330,0,69190.82031,-273724549.419492,12779.9873,0.044261,0.014068,0.0266972,4.6927934,0.127572,0.5132458,-3.517309,210,0.162308598,0.017957929,0.160808101,0,-81.1680329248552,35.1630292701168,159,58,16.3,6.6,38,0,0,2.99,0,0,0,0,16,0,0,86,0.2,0,0,"1",0.0307485302936018
"1649",340,0,70380.89844,-2.4e+08,10360.4707,0.0361266,0.0057819,0.0173843,5.7918396,-0.0603564,0.5008954,-4.093601,218,0.17095007,0.010490297,0.169448842,0,-81.1779816894679,35.1648146011838,15,26,6.2,7.1,3,0,0,0,0,0,0,0,2,0,0,0,0,0,0,"1",0.0468213836835315
"1650",367,0,72484.21875,-4.32e+08,22477.18359,0.0353029,0.0114476,0.0099476,1.6420193,-0.1111113,0.5027713,-3.61552,227,0.120125236,0.008850016,0.118624533,0.13,-81.1281021757237,35.180591370148,140,162,19,7,47,11,0,0,0,0,1.9,0,7,0.19,0,8.3,0,0,0,"1",0.0598848967034673
"1651",372,0,73072.60938,-273724549.419492,14244.91992,0.0494008,0.0185021,0.0303537,7.595757,0.135804,0.5233828,-3.217446,216,0.157879177,0.023283098,0.156380346,0,-81.1636259618049,35.161854971433,111,128,15,6.9,27,5.3,0,0,0,0,0.09,0,10,0.3,0,9.5,0,0,0,"1",0.022283607242627
"1652",373,0,73100.65625,-273724549.419492,10951.18848,0.036805,0.0036568,0.0165569,2.3674541,0.0260624,0.496026,-3.272676,213,0.172197342,0.011561395,0.170696881,0,-81.1790044362013,35.1627547550683,27,36,5.9,7.6,6,0,0,0,0,0,0,0,3,0,0,0,0,0,0,"1",0.0463066066685528
"1653",396,0,75710.21094,-273724549.419492,14244.91992,0.0487879,0.0176514,0.0294821,2.6261098,0.0493838,0.5213765,-2.917466,220,0.157537575,0.023231148,0.156038377,0,-81.1637442616721,35.1623145204358,110,134,70,7.4,26,7.5,0,0,0,0.24,0,0,4,0.29,0,14,0,0,0,"1",0.000535970727106591
"1654",397,0,75710.21094,-273724549.419492,14244.91992,0.0487879,0.0176514,0.0294821,2.6261098,0.0493838,0.5213765,-2.917466,220,0.157537575,0.023231148,0.156038377,0,-81.1637460812926,35.1623122658363,121,143,22.1,7.4,28,10.5,0,0,0,0,0.54,0,13,0.23,0,14.2,0,0,0,"1",0.000535893538847125
"1655",441,0,78819.5,-273724549.419492,14297.15234,0.0292545,0.0098801,0.0117928,2.5001462,0.019204,0.5050527,-3.89037,237,0.147947701,0.023374026,0.146448049,0,-81.1558621322913,35.1808858530793,120,88,14,7.6,35,25,0,0,0,0,0.31,0,8,0.14,0,22,0,0,0,"1",0.184434428627589
"1656",452,0,79894.125,-273724549.419492,22026.8125,0.0353029,0.023415,0.0152099,2.8044105,0.0082309,0.5056732,-2.834801,235,0.105262593,0.006681038,0.103923796,0,-81.1049663514746,35.223874640957,31,28,14.1,5.8,8,0,0.00176547231270358,0.568175895765472,0,0,0,0,2,0,0,9.4,0,0,0,"0",0.047722216181566
"1657",457,0,80185.15625,-9.92e+08,17098.74805,0.0368957,0.0122925,0.0150774,5.7271438,-0.2524003,0.4620883,-4.367176,190,0.103016414,0.01783361,0.101849525,0.1,-81.0925800897761,35.2426545299109,110,44,17,6.3,32,63,0,0,0,0,0,0,7,0,0,14,0,0,0,"0",0.0910079453427346
"1658",473,0,81608.76563,-273724549.419492,15064.41504,0.024146,0.007034,0.0095358,3.8391652,0.1152259,0.4572926,-2.746972,242,0.145707455,0.022466451,0.144211804,0,-81.1536554045086,35.186941600382,45,53,7.4,7.4,12,0,0,0,0,0,0,0,4,0,0,0,0,0,0,"1",0.107203085269766
"1659",475,0,81670.41406,-273724549.419492,17519.82227,0.0231566,0.0016354,0.0025858,0.4645502,0.0096031,0.4965475,-3.398447,245,0.137693608,0.021161516,0.136198554,0.09,-81.145365672706,35.1871888410785,16,18,5.8,6.7,4,0,0,0,0,0,1.4,0,1,0.04,0,0,0,0,0,"1",0.0740412359020119
"1660",497,0,83696.91406,-273724549.419492,14034.0459,0.0464429,0.0163537,0.0253615,2.2982233,0.0795614,0.5056819,-3.215637,222,0.155036131,0.023599176,0.153534935,0,-81.163685564946,35.1672461833672,139,163,12.5,7.5,44,8.73,0,0,0,0,0.71,0,7,0.14,0,5,0,0,0,"1",0.0462563522285069
"1661",514,0,84864.60938,-2.08e+08,15080.89941,0.027218,0.0062273,0.0081769,1.9147184,-0.0493833,0.5257268,-2.976804,241,0.144762135,0.025521444,0.143263196,0.21,-81.1527614683704,35.1830377452654,28,44,10.4,6.3,8,0,0,0,0,0,0.36,0,2,0,0,6.3,0,0,0,"0",0.451334146394098
"1662",522,0,85985.39844,-9.6e+07,14034.0459,0.0460816,0.0171909,0.0245851,3.3781307,-0.0288063,0.5007067,-3.568288,222,0.154414674,0.024407021,0.15291373,0,-81.1609415248372,35.1652178853872,96,113,14,7.9,30,9.1,0,0,0,0,0,0,5,0.05,0,0,0,0,0,"1",0.0503878976657331
"1663",545,0,87519.16406,-273724549.419492,24463.91602,0.0361451,0.0139726,0.0245851,4.3985453,0.1015082,0.490951,-3.50018,216,0.105436948,0.018625394,0.103996328,0,-81.1108127597379,35.2056017129581,85,81,8.1,7,24,7,0.00176547231270358,0.568175895765472,0,0,0.12,0,6,0,0,9.5,0,0,0,"1",0.0607037358357541
"1664",553,0,88693.76563,-273724549.419492,14753.31641,0.0432061,0.0176514,0.0213227,0.7344942,0.0864198,0.5578418,-2.70972,226,0.151212126,0.026711212,0.14971035,0.06,-81.1585174225693,35.1685202755902,160,140,18,7.7,61,0,0,0,0,0,0,0,3,0,0,20,0,0,0,"1",0.0612039405344246
"1665",586,0,91398.82813,-273724549.419492,19159.17773,0.0391295,0.0253878,0.0114476,2.8235226,0.0891635,0.5026944,-2.80093,222,0.100674154,0.009167753,0.099398408,0.28,-81.0975835671342,35.2300305897539,82,37,17,6.6,21,0,0,0,0,0,0,0,7,0,0,30,0,0,0,"1",0.0461952495800859
"1666",587,0,91493.5625,-5.6e+08,25246.98438,0.0346915,0.0173843,0.0150774,2.5639057,-0.146776,0.4792637,-2.6474,206,0.111944787,0.002787627,0.110453034,0.54,-81.1199453982577,35.1892946699499,69,37,13,6.6,20,12,0,0,0,0,0.17,0,5,0.22,0,24,0,0,0,"1",0.0581770865674158
"1667",591,0,91911.60938,-2.08e+08,20256.06055,0.044622,0.0264203,0.0073136,0.9290393,-0.0534983,0.5129174,-2.573563,228,0.096056711,0.0143777,0.094712905,0,-81.0969356340373,35.2195273264042,92,89,6.6,7.2,23,0,0.00176547231270358,0.568175895765472,0.1,0,6.32,0.006,9,0.14,0,8.8,0,0,0,"1",0.0379076623427716
"1668",596,0,92379.28906,-1.92e+08,20341.74414,0.0408844,0.0279453,0.0093231,3.3461831,-0.0480115,0.5181384,-3.814639,230,0.098571066,0.01137241,0.097239395,0,-81.0984989516367,35.2220482368535,200,201,14,7.4,64,6.3,0,0,0,0,0.13,0,9,0.83,0,12,0,0,0,"1",0.0396000665745428
"1669",602,0,93166.28125,-273724549.419492,17731.2793,0.0512084,0.027218,0.0266972,4.7718778,0.0288065,0.5049285,-2.434143,231,0.146388312,0.018507281,0.144892413,0,-81.1525229911129,35.1597015644619,170,120,15,7.6,49,0,0,0,0,0,0.74,0,10,0.69,0,53,0,0,0,"1",0.0637694107110949
"1670",623,0,95739.90625,-273724549.419492,18854.14453,0.0521528,0.0279692,0.0268968,0.7344942,0.0192038,0.4874494,-3.806552,222,0.144486266,0.015894579,0.14299295,0,-81.151283799083,35.1574564277058,32,41,9.1,7,9,11,0,0,0,0.21,1.2,0,2,0.18,0,0,0,0,0,"1",0.0556098146049776
"1671",630,0,96306.80469,-273724549.419492,17949.47656,0.0279692,0.0049061,0.0023128,2.1024425,0.0096021,0.5033152,-3.456126,242,0.135494193,0.022051058,0.133994563,0.56,-81.1439938880699,35.182368208021,25,29,9.9,7.1,6,0,0.00176547231270358,0.568175895765472,0.46,0,0,0.01,3,0,0,5.03,0,0,0,"1",0.0729729821669486
"1672",636,0,97441.32031,-273724549.419492,23888.375,0.0530552,0.0281598,0.0243116,3.5335,0.0301777,0.4930421,-3.577844,227,0.123302991,0.006995749,0.12181119,0,-81.1291899353685,35.1602737261782,48,39,7,6.6,12,0,0,0,0,0,0,0,4,0,0,6.5,0,0,0,"1",0.0401330795534321
"1673",643,0,98020.39063,-273724549.419492,24283.81836,0.0308562,0.0106613,0.0224529,2.6465178,0.0919059,0.502786,-2.637767,226,0.110686444,0.015743735,0.109229651,0,-81.1170518357117,35.2028337275024,11,15,8.2,6.5,3,0,0,0,0,0,0.1,0,1,0,0,0,0,0,0,"1",0.094291410881859
"1674",686,0,63936.4095552236,-273724549.419492,23731.8418,0.0526631,0.0278014,0.0238395,2.5001462,0.1261994,0.497641,-2.602306,224,0.12375562,0.006921684,0.122263037,0.12,-81.1297379749259,35.1607272552981,78,79,8.7,7.6,20,17,0,0,0,0,0.32,0,7,0,0,0,0,0,0,"1",0.0393932471405376
"1675",704,0,63936.4095552236,-1.28e+08,25394.17969,0.033134,0.018284,0.0171909,2.0766673,-0.0329224,0.4736531,-3.590622,214,0.111364268,0.008026971,0.109883668,0,-81.1186453044199,35.1945958278321,250,100,12,7.6,88,130,0,0,0,0.2,0.18,0,8,0.43,0,0,0,0,0,"1",0.0647254433723086
"1676",710,0,63936.4095552236,-1.12e+08,16962.58008,0.0489111,0.0249629,0.0245033,3.5486591,-0.0288063,0.5128715,-2.997935,228,0.146710694,0.019669588,0.145212917,0.59,-81.1530341045217,35.1615863564725,93,102,9.9,7.4,26,6.8,0,0,0,0.22,0.44,0,7,0.21,0,5.4,0,0,0,"1",0.0729293636257054
"1677",744,0,63936.4095552236,-273724549.419492,24609.0625,0.0284433,0.014068,0.0157285,2.3215306,0.0219478,0.5117947,-3.366972,229,0.11484042,0.01089177,0.113367552,0,-81.122144797668,35.1975369440881,0,6,4.4,5.8,1,0,0.00176547231270358,0.568175895765472,0.06,0,0,0.004,0,0,0,5.4,0,0,0,"0",0.0548427196240711
"1678",753,0,63936.4095552236,-273724549.419492,25158.25391,0.0299992,0.0154281,0.016065,2.3215306,0.2043896,0.5047265,-2.783437,228,0.113885975,0.009837096,0.112410588,0,-81.1211450162828,35.1966451818691,21,24,13,6.2,6,0,0,0,0,0,0.12,0,2,0,0,8.7,0,0,0,"0",0.0442177955653868
"1679",754,0,63936.4095552236,-273724549.419492,25095.62695,0.0299992,0.0154281,0.016065,3.2813458,0.1481481,0.5068495,-3.234028,227,0.113448602,0.009676901,0.111972817,0,-81.120730856451,35.1964087265661,46,25,19,6.3,13,0,0,0,0,0.73,0,0.006,3,0,0,19,0,0,0,"0",0.0459119888048557
"1680",795,0,63936.4095552236,-8e+07,16686.90625,0.0347108,0.0104715,0.0098801,3.0257473,-0.0192046,0.5134057,-2.870293,240,0.140779085,0.02431054,0.139276828,3.22,-81.1486511587684,35.1745011598342,28,37,8.5,6.9,8,5.87,0.00176547231270358,0.568175895765472,0,0,3.99,0,2,0.05,0,5.56,0,0,0,"1",0.066488567528444
"1681",801,0,63936.4095552236,-7.04e+08,16345.91211,0.0395882,0.0157285,0.0155145,3.5335,-0.1755827,0.5116715,-3.842303,226,0.143970924,0.022874446,0.142468729,0.1,-81.1514686007208,35.1709660179668,15,10,3.6,6,5,7,0,0,0.06,0,0.83,0.013,0,0,0,0,0,0,0,"0",0.0664138777182362
"1682",827,0,63936.4095552236,-1.44e+08,16218.74414,0.038318,0.0143037,0.0139726,2.3674541,-0.0356651,0.513541,-2.690263,234,0.143300425,0.023270902,0.141798081,0,-81.150889502634,35.1721505701622,99,81,10,7.4,32,30,0,0,0,0,0.18,0.011,5,0.24,0,5.8,0,0,0,"1",0.0657267030369514
"1683",851,0,63936.4095552236,-1.92e+08,17176.07617,0.0358666,0.0116215,0.0109704,2.3674541,-0.0466401,0.5308678,-2.530963,240,0.140114563,0.02267053,0.138612171,0,-81.1474148531492,35.1737018584966,0,0,0,0,0,0,0,1.3,0,0,0,0,0,0,0,0,0,0,0,"0",0.0624291671445737
"1684",913,0,63936.4095552236,-273724549.419492,19335.60547,0.050894,0.026622,0.024146,1.9973403,0.0192038,0.4884024,-3.253829,230,0.140478311,0.012306246,0.13898446,0,-81.1456169962491,35.1589388043702,18,289,8.7,6.6,4,0,0.00176547231270358,0.568175895765472,0.65,0,0,0,2,0,0,0,0,0,0,"1",0.0451315032006995
"1685",931,0,63936.4095552236,-4.8e+08,22605.7832,0.0505116,0.0258575,0.021603,0.7344942,-0.1207138,0.5204391,-3.607479,226,0.127594827,0.005784013,0.126100446,0.17,-81.134471253651,35.1610173340956,25,24,7.2,7,7,0,0,0,0,0,0,0,2,0.1,0,12.3,0,0,0,"1",0.0470026168657988
"1686",940,0,63936.4095552236,-3.2e+08,19002.91406,0.0340299,0.0109093,0.0062273,2.6465178,-0.079561,0.4814129,-3.173051,232,0.133336452,0.021579447,0.13183425,0,-81.1418354042669,35.1765259838656,0,88,52.6,8,0,17.3,0,0,0,0,0,0,0,0,0,0,0,0,0,"1",0.0625970710677929
"1687",954,0,63936.4095552236,-273724549.419492,18027.74805,0.0474681,0.023243,0.0222435,2.6465178,0.0425238,0.4855139,-3.527234,231,0.143037024,0.016494933,0.141539192,0,-81.1504212508382,35.1633496098122,60,31,16.5,6.5,9,15.3,0,7.11,0,0,0,0,9,0.01,0,14.8,0,0,0,"1",0.204306057557851
"1688",962,0,63936.4095552236,-273724549.419492,20042.31445,0.0509334,0.0266972,0.0238395,0.9853842,0.1934155,0.5120289,-3.020123,232,0.138665148,0.010652171,0.137171372,0,-81.1446193406994,35.1592927370095,25,33,11,6.9,5,12,0,0,0,0,0.18,0,3,0.04,0,0,0,0,0,"1",0.0457798885466308
"1689",987,0,63936.4095552236,-273724549.419492,21841.78906,0.0517151,0.0277532,0.0231566,1.9973403,0.0768184,0.4989906,-3.746534,224,0.132202048,0.004680472,0.130710044,0,-81.1393932807759,35.1593313035931,60,72,8.1,7.3,13,6.7,0,0,0,0,1.4,0.009,7,0.13,0,0,0,0,0,"1",0.0462106643178184
"1690",1016,0,63936.4095552236,-273724549.419492,20756.88477,0.0510907,0.0269961,0.0233864,5.3320451,0.0603564,0.4861631,-3.703225,226,0.136341074,0.008282832,0.134848158,0.07,-81.1420885592778,35.1592757916713,41,46,9.4,7,11,17,0,0,0,0,0.24,0,3,0.1,0,0,0,0,0,"1",0.0475656731330827
"1691",1065,0,63936.4095552236,-2.72e+08,21754.40039,0.0449802,0.0201954,0.0161066,1.9973403,-0.0727019,0.5222123,-3.361629,220,0.126185893,0.012164846,0.124685684,0,-81.1332631919372,35.1677752902345,300,95,13,7.7,110,220,0,0,0,0,0.12,0,6,0.16,0,0,0,0,0,"1",0.0497179165390499
"1692",1075,0,63936.4095552236,-273724549.419492,18937.42578,0.0485819,0.0243116,0.0219408,2.5639057,0.0740731,0.4563299,-3.567138,230,0.140119757,0.013111548,0.138623466,0,-81.1463973116397,35.1610928215028,7,3,4,5.7,2,0,0,1.68,0,0,0,0,1,0.038,0,0,0,0,0,"0",0.0639201878195313
"1693",1138,0,63936.4095552236,-1.44e+08,18018.55664,0.04049,0.0162306,0.0144895,2.6465178,-0.0342937,0.544193,-3.21866,236,0.13875533,0.018333312,0.137253524,0,-81.1460556999644,35.1696828691861,48,26,27.6,6.2,13,0,0.00176547231270358,0.568175895765472,0.06,0,0,0,4,0.03,0,55.2,0.21,0,0,"0",0.0643888396472318
"1694",1176,0,63936.4095552236,-273724549.419492,20951.49023,0.0480978,0.0243116,0.0196585,0.6569588,0.148148,0.5135825,-2.953884,223,0.132864756,0.00849908,0.131368032,0,-81.1392799732514,35.1629694546439,44,50,13,6.5,12,0,0,0,0,0,0,0,4,0,0,5.1,0,0,0,"1",0.0379261435896976
"1695",1196,0,63936.4095552236,-273724549.419492,21109.02148,0.0440338,0.0196925,0.0152099,2.9355664,0.3017836,0.5236566,-3.378555,230,0.129768967,0.011430393,0.12826907,0,-81.1371581722424,35.1666113769173,50,53,9.1,6,16,0,0,1.9,0,0,0.57,0,2,0,0,5,0,0,0,"0",0.0419839271363248
"1696",1234,0,63936.4095552236,-6.4e+07,20414.90234,0.0467728,0.0230408,0.0185382,0.7344942,-0.0150894,0.5020435,-3.092768,219,0.133481834,0.009888074,0.13198395,0.31,-81.1398430702545,35.1636580962175,79,82,13,6.8,23,0,0,0,0.47,0,0,0.006,5,0,0,8.9,0,0,0,"1",0.0361604157647983
"1697",1250,0,63936.4095552236,-3.04e+08,20256.06055,0.0456296,0.0219408,0.0173843,4.5890746,-0.0795621,0.5057845,-3.856916,221,0.133844293,0.010709861,0.132345786,0.26,-81.1398273660159,35.1646035988193,129,142,13.1,7.7,43,17.18,0,0,0,0,0.18,0,6,0.04,0,0,0,0,0,"1",0.0384619745596778
"1698",1251,0,63936.4095552236,-273724549.419492,20206.93555,0.0435452,0.0196925,0.015033,2.5001462,0.0288063,0.5010974,-2.856138,231,0.131687522,0.012666179,0.130187032,2,-81.1387948831034,35.1673318149066,33,47,10,6.2,10,0,0,1.2,0,0,0.22,0,2,0,0,0,0,0,0,"0",0.0380274847806569
"1699",1252,0,63936.4095552236,-273724549.419492,20341.74414,0.0435452,0.0196925,0.015033,1.8575904,0.0425236,0.510471,-3.21213,227,0.132415412,0.012362215,0.130915228,0,-81.139550426256,35.1672315408285,36,34,9.7,6.5,9,0,0,0,0,0,0,0,3,0,0,0,0,0,0,"1",0.03929962691149
"1700",339,0,70338.28906,-4.8e+07,29022.67578,0.0638634,0.0317532,0.036805,1.3541625,-0.0281212,0.5064273,-4.042768,212,0.108881821,0.021090246,0.107406099,0.33,-81.1137699716992,35.1557236760205,83,70,16,7,16,0,0,0,0,0,0.25,0,10,0.03,0,34,0,0,0,"1",0.0573406712466565
"1701",371,0,73068.17969,-273724549.419492,32964.30469,0.0721235,0.02151,0.0429266,1.9147184,0.0507554,0.4895157,-3.527505,222,0.095632647,0.033751625,0.0941688,0.19,-81.0992438399131,35.1546248300217,70,85,6.3,6.9,19,0,0,0,0,0,0.68,0,6,0,0,0,0,0,0,"1",0.0858220306027011
"1702",407,0,76100.33594,-273724549.419492,24746.66602,0.0698536,0.015033,0.0204912,3.2318566,0.1481481,0.50753,-3.518895,203,0.07390624,0.012709581,0.072413826,0.2,-81.0815719363778,35.1867108328022,130,117,8.3,6.9,33,0,0,1.6,0,0,0,0,11,0,0,5.9,0,0,0,"1",0.0230698541150083
"1703",430,0,77940.67188,-273724549.419492,25430.03125,0.0644263,0.0138766,0.0228075,3.7400842,0.0521263,0.4777679,-2.823431,209,0.079258442,0.012061733,0.077767114,0.55,-81.0872519878868,35.1878608905364,37,45,5.3,7.4,9,0,0,7.1,0,0,0.27,0,3,0,0,0,0,0,0,"1",0.0275831756506873
"1704",431,0,77983.38281,-273724549.419492,25974.61914,0.0689383,0.0109704,0.0245033,2.2025177,0.0096017,0.5248891,-3.432609,203,0.076126033,0.015737432,0.074627904,0,-81.085371000033,35.1832953548945,34,44,5.1,7.5,8,0,0,0,0,0,0,0,4,0,0,0,0,0,0,"1",0.0258062090604378
"1705",456,0,80134.41406,-273724549.419492,25559.97461,0.0663587,0.0116215,0.0243116,5.0966787,0.0864196,0.511436,-3.550753,203,0.077532232,0.014040629,0.076036769,0,-81.0855025994874,35.1851653456745,89,89,4.5,7.3,18,0,0.00176547231270358,0.568175895765472,0,0,0,0,10,0,0,0,0,0,0,"1",0.0254711357560724
"1706",505,0,84234.60156,-1.44e+08,23202.43945,0.068783,0.018284,0.0171909,4.275084,-0.0397797,0.4787234,-4.081165,194,0.073953245,0.008231376,0.072474218,0,-81.0814246963962,35.1911891992251,48,45,15,6.9,15,0,0,0,0,0,0.85,0.005,3,0.29,0,17,0,0,0,"1",0.0225788786677599
"1707",597,0,92433.16406,-4.8e+07,31539.04102,0.0671301,0.0196925,0.0426453,2.1024425,-0.0109741,0.4970509,-2.79567,215,0.097116661,0.028250844,0.095634702,0,-81.1027968906208,35.1606830107417,260,236,17,7.7,83,31,0,0,0,0,0.19,0,14,0.14,0,13,0,0,0,"1",0.0581063404621379
"1708",617,0,94663,-1.44e+08,31810.98047,0.0662377,0.0173458,0.042093,5.595448,-0.0370372,0.5051523,-3.278739,219,0.094813351,0.026818349,0.093328754,0,-81.1009698644952,35.1618501255502,67,42,12.9,7,16,8,0,0,0,0,0,0,7,0,0,20.4,0,0,0,"1",0.0574516060070853
"1709",38,0,18784.03516,-273724549.419492,22514.00195,0.031029,0.0129288,0.0093231,0,0.230604,0.4876474,-2.563875,289,0.195888195,0.023870814,0.320884705,11.503,-81.3226096764885,35.254145215205,64.75486152033,61.2816735415439,9.90723366686286,0,18.7782352941176,9.90949941107185,0.00176547231270358,0.568175895765472,0.0304176470588235,0.119623820754717,0.653395882352941,30,4.29664508534432,0.0450829411764706,1.2948793407887e-06,5.24281176470588,0.0124105882352941,0,0,"0",0.098861260265822
"1710",147,0,43490.63281,-273724549.419492,76116.1875,0.0721976,0.0599761,0.0540664,0,0.0703708,0.494479,-2.400643,308,0.260590123,0.022973646,0.485687855,0.07,-81.4335667490116,35.4191242998795,54,57,1.4,7.4,19,0,0.00176547231270358,0.568175895765472,0,0,0,0,2,0,0,0,0,0,0,"1",0
"1711",264,0,61534.53125,-633600000,28804.97461,0.06426,0.0333552,0.0368776,0,-0.1629635,0.4873043,-4.306727,204,0.110507308,0.019766527,0.109033701,0.56,-81.1144146972743,35.1542452593176,84,65,14.3,6.9,23,12.58,0,0,0,0,0,0,7,0.05,0,8.44,0,0,0,"1",0.0563444059020027
