{
"type": "FeatureCollection",
"name": "gaston_zipcodes",
"crs": { "type": "name", "properties": { "name": "urn:ogc:def:crs:OGC:1.3:CRS84" } },
"features": [
{ "type": "Feature", "properties": { "zipcode": "28164" }, "geometry": { "type": "MultiPolygon", "coordinates": [ [ [ [ -81.025181, 35.360375 ], [ -81.021358, 35.362382 ], [ -81.021099, 35.369848 ], [ -81.015773, 35.37206 ], [ -81.017237, 35.372657 ], [ -81.016714, 35.374547 ], [ -81.014232, 35.376178 ], [ -81.013097, 35.376041 ], [ -81.013246, 35.374242 ], [ -81.010891, 35.374195 ], [ -81.010091, 35.373206 ], [ -81.01021, 35.371398 ], [ -81.008877, 35.371779 ], [ -81.009258, 35.364642 ], [ -81.004, 35.364309 ], [ -81.003759, 35.359513 ], [ -81.001111, 35.359455 ], [ -81.001383, 35.36024 ], [ -80.997272, 35.360065 ], [ -80.999334, 35.359118 ], [ -80.99952, 35.357652 ], [ -81.000652, 35.356769 ], [ -80.999043, 35.356533 ], [ -80.993579, 35.357228 ], [ -80.992784, 35.354268 ], [ -80.995117, 35.351372 ], [ -80.995739, 35.349601 ], [ -80.995465, 35.346472 ], [ -81.004644, 35.343863 ], [ -81.012554, 35.341867 ], [ -81.014697, 35.342833 ], [ -81.014744, 35.342864 ], [ -81.015701, 35.343931 ], [ -81.01626, 35.345076 ], [ -81.016396, 35.345587 ], [ -81.01665, 35.346542 ], [ -81.016699, 35.348165 ], [ -81.016368, 35.351054 ], [ -81.017988, 35.35433 ], [ -81.021368, 35.3585 ], [ -81.025181, 35.360375 ] ] ], [ [ [ -81.137984, 35.361567 ], [ -81.136794, 35.362685 ], [ -81.134495, 35.362173 ], [ -81.133076, 35.363345 ], [ -81.131744, 35.366352 ], [ -81.130367, 35.36502 ], [ -81.127175, 35.365093 ], [ -81.123955, 35.363576 ], [ -81.120894, 35.36106 ], [ -81.118011, 35.357411 ], [ -81.117332, 35.358704 ], [ -81.117345, 35.361447 ], [ -81.116646, 35.362773 ], [ -81.114418, 35.365764 ], [ -81.112603, 35.368932 ], [ -81.112868, 35.370465 ], [ -81.115146, 35.371688 ], [ -81.11522, 35.37341 ], [ -81.11634, 35.373505 ], [ -81.116392, 35.378102 ], [ -81.119457, 35.378588 ], [ -81.119267, 35.37938 ], [ -81.116325, 35.378996 ], [ -81.115301, 35.380077 ], [ -81.115087, 35.383429 ], [ -81.112644, 35.382916 ], [ -81.114265, 35.386397 ], [ -81.114315, 35.387718 ], [ -81.10643, 35.389427 ], [ -81.106157, 35.389478 ], [ -81.098453, 35.391125 ], [ -81.096014, 35.391755 ], [ -81.081179, 35.394506 ], [ -81.081183, 35.39961 ], [ -81.078589, 35.398882 ], [ -81.078335, 35.401571 ], [ -81.075929, 35.401155 ], [ -81.07374, 35.402956 ], [ -81.073709, 35.403964 ], [ -81.07211, 35.404229 ], [ -81.072324, 35.405868 ], [ -81.070224, 35.405795 ], [ -81.069584, 35.408093 ], [ -81.073653, 35.409985 ], [ -81.073492, 35.410939 ], [ -81.071134, 35.413721 ], [ -81.069078, 35.415341 ], [ -81.066517, 35.416409 ], [ -81.064437, 35.416605 ], [ -81.065691, 35.418712 ], [ -81.067422, 35.420329 ], [ -81.070017, 35.420668 ], [ -81.069969, 35.423851 ], [ -81.068056, 35.425699 ], [ -81.068429, 35.427134 ], [ -81.067679, 35.43144 ], [ -81.067374, 35.434276 ], [ -81.05518, 35.425869 ], [ -81.0544, 35.428164 ], [ -81.053417, 35.429136 ], [ -81.051093, 35.427628 ], [ -81.04184, 35.425135 ], [ -81.04006, 35.422934 ], [ -81.026897, 35.426526 ], [ -81.024784, 35.429155 ], [ -81.027733, 35.430203 ], [ -81.027524, 35.431182 ], [ -81.025871, 35.431855 ], [ -81.026541, 35.432707 ], [ -81.024747, 35.43364 ], [ -81.024803, 35.434984 ], [ -81.021723, 35.437319 ], [ -81.019132, 35.437812 ], [ -81.019304, 35.44205 ], [ -81.020413, 35.441947 ], [ -81.023536, 35.443542 ], [ -81.022443, 35.445984 ], [ -81.019932, 35.448348 ], [ -81.020672, 35.449643 ], [ -81.017602, 35.449219 ], [ -81.014543, 35.449528 ], [ -81.009405, 35.448997 ], [ -81.006915, 35.447026 ], [ -81.0078, 35.450933 ], [ -81.007486, 35.450893 ], [ -81.006133, 35.446599 ], [ -81.00166, 35.446868 ], [ -81.001, 35.447224 ], [ -80.997836, 35.445502 ], [ -81.001161, 35.440768 ], [ -81.000697, 35.439341 ], [ -80.995484, 35.440402 ], [ -80.992264, 35.441585 ], [ -80.990217, 35.443147 ], [ -80.989662, 35.444159 ], [ -80.990173, 35.449384 ], [ -80.981849, 35.444103 ], [ -80.97741, 35.449247 ], [ -80.972388, 35.45118 ], [ -80.97159, 35.449489 ], [ -80.969058, 35.450839 ], [ -80.965769, 35.451567 ], [ -80.966285, 35.453596 ], [ -80.966419, 35.453869 ], [ -80.961387, 35.453725 ], [ -80.960594, 35.453335 ], [ -80.961001, 35.451596 ], [ -80.96404, 35.451635 ], [ -80.963128, 35.450362 ], [ -80.961248, 35.449733 ], [ -80.960342, 35.445869 ], [ -80.961321, 35.442201 ], [ -80.960617, 35.439612 ], [ -80.962317, 35.436755 ], [ -80.962025, 35.435958 ], [ -80.958499, 35.435156 ], [ -80.959889, 35.43404 ], [ -80.959849, 35.430007 ], [ -80.95852, 35.428557 ], [ -80.957355, 35.428731 ], [ -80.95696, 35.428362 ], [ -80.956937, 35.428565 ], [ -80.956518, 35.427503 ], [ -80.955741, 35.425236 ], [ -80.955142, 35.42116 ], [ -80.95559, 35.418923 ], [ -80.957987, 35.414834 ], [ -80.958717, 35.411501 ], [ -80.95698, 35.403886 ], [ -80.956414, 35.402668 ], [ -80.955708, 35.401623 ], [ -80.95486, 35.400078 ], [ -80.954362, 35.396185 ], [ -80.955245, 35.393177 ], [ -80.957546, 35.391024 ], [ -80.961445, 35.38974 ], [ -80.965359, 35.388589 ], [ -80.97039, 35.386263 ], [ -80.976629, 35.382452 ], [ -80.979053, 35.381686 ], [ -80.983753, 35.381846 ], [ -80.985586, 35.381098 ], [ -80.986484, 35.38007 ], [ -80.986835, 35.379014 ], [ -80.986784, 35.37569 ], [ -80.985366, 35.371387 ], [ -80.9837, 35.368351 ], [ -80.981038, 35.36588 ], [ -80.98088, 35.365106 ], [ -80.975823, 35.363127 ], [ -80.976654, 35.361569 ], [ -80.979683, 35.359523 ], [ -80.979266, 35.358723 ], [ -80.982107, 35.358416 ], [ -80.983168, 35.359311 ], [ -80.990842, 35.366395 ], [ -80.992359, 35.367948 ], [ -80.994634, 35.371073 ], [ -80.996955, 35.375082 ], [ -81.003069, 35.382778 ], [ -81.009083, 35.387937 ], [ -81.009961, 35.387393 ], [ -81.010399, 35.384899 ], [ -81.011744, 35.386128 ], [ -81.014051, 35.386436 ], [ -81.014941, 35.387863 ], [ -81.017682, 35.387703 ], [ -81.019109, 35.388514 ], [ -81.019474, 35.390421 ], [ -81.020502, 35.390272 ], [ -81.02113, 35.393401 ], [ -81.022935, 35.393649 ], [ -81.02245, 35.396345 ], [ -81.019212, 35.39735 ], [ -81.02625, 35.403732 ], [ -81.026241, 35.404245 ], [ -81.030512, 35.404393 ], [ -81.030401, 35.40395 ], [ -81.031613, 35.401438 ], [ -81.031615, 35.395827 ], [ -81.032553, 35.388444 ], [ -81.013492, 35.377172 ], [ -81.014191, 35.376663 ], [ -81.019854, 35.373591 ], [ -81.023102, 35.370301 ], [ -81.027324, 35.369112 ], [ -81.028184, 35.365467 ], [ -81.029655, 35.364671 ], [ -81.032072, 35.36603 ], [ -81.031429, 35.367275 ], [ -81.033358, 35.37158 ], [ -81.031315, 35.375832 ], [ -81.031287, 35.376588 ], [ -81.031762, 35.376955 ], [ -81.035956, 35.379017 ], [ -81.039395, 35.381239 ], [ -81.042152, 35.38469 ], [ -81.045448, 35.381959 ], [ -81.046269, 35.379763 ], [ -81.044184, 35.379519 ], [ -81.044849, 35.377855 ], [ -81.044406, 35.376235 ], [ -81.046269, 35.375725 ], [ -81.046402, 35.374127 ], [ -81.047547, 35.37604 ], [ -81.048646, 35.375829 ], [ -81.048831, 35.374027 ], [ -81.050033, 35.370358 ], [ -81.048225, 35.369854 ], [ -81.04863, 35.368927 ], [ -81.048177, 35.368701 ], [ -81.048898, 35.368157 ], [ -81.050474, 35.364092 ], [ -81.051907, 35.364305 ], [ -81.071273, 35.365147 ], [ -81.066891, 35.364055 ], [ -81.065887, 35.363049 ], [ -81.063236, 35.362 ], [ -81.061561, 35.362301 ], [ -81.057934, 35.360451 ], [ -81.058132, 35.358989 ], [ -81.056505, 35.355308 ], [ -81.058345, 35.3518 ], [ -81.061977, 35.351785 ], [ -81.06529, 35.353372 ], [ -81.074667, 35.354379 ], [ -81.081469, 35.354555 ], [ -81.082557, 35.351241 ], [ -81.083931, 35.35112 ], [ -81.084933, 35.348387 ], [ -81.083461, 35.348201 ], [ -81.08402, 35.34621 ], [ -81.083546, 35.345809 ], [ -81.081236, 35.344204 ], [ -81.073672, 35.34314 ], [ -81.075799, 35.340679 ], [ -81.077543, 35.341704 ], [ -81.078965, 35.340069 ], [ -81.083491, 35.342723 ], [ -81.083548, 35.342657 ], [ -81.085286, 35.34182 ], [ -81.086582, 35.339843 ], [ -81.093123, 35.341642 ], [ -81.092258, 35.339677 ], [ -81.091565, 35.336344 ], [ -81.092447, 35.33606 ], [ -81.09928, 35.341282 ], [ -81.107, 35.338714 ], [ -81.108941, 35.338367 ], [ -81.110273, 35.335431 ], [ -81.106327, 35.336581 ], [ -81.106343, 35.332601 ], [ -81.108073, 35.328573 ], [ -81.108784, 35.32868 ], [ -81.109982, 35.326469 ], [ -81.112376, 35.326441 ], [ -81.115726, 35.325424 ], [ -81.115378, 35.323585 ], [ -81.11635, 35.320106 ], [ -81.115731, 35.317457 ], [ -81.116462, 35.316284 ], [ -81.11824, 35.317755 ], [ -81.118346, 35.317381 ], [ -81.123578, 35.32167 ], [ -81.125301, 35.321694 ], [ -81.126948, 35.320517 ], [ -81.128579, 35.320592 ], [ -81.131331, 35.322526 ], [ -81.131839, 35.324619 ], [ -81.130214, 35.32811 ], [ -81.132516, 35.330371 ], [ -81.128824, 35.332485 ], [ -81.122476, 35.334884 ], [ -81.121343, 35.335002 ], [ -81.121753, 35.336114 ], [ -81.124399, 35.33495 ], [ -81.131949, 35.337886 ], [ -81.131634, 35.339841 ], [ -81.132051, 35.340204 ], [ -81.134136, 35.341539 ], [ -81.135918, 35.346565 ], [ -81.134609, 35.349024 ], [ -81.135476, 35.352683 ], [ -81.137055, 35.354001 ], [ -81.136693, 35.356104 ], [ -81.138706, 35.358776 ], [ -81.137984, 35.361567 ] ] ] ] } },
{ "type": "Feature", "properties": { "zipcode": "28086" }, "geometry": { "type": "MultiPolygon", "coordinates": [ [ [ [ -81.47401, 35.235294 ], [ -81.469497, 35.238488 ], [ -81.466901, 35.239771 ], [ -81.468242, 35.24197 ], [ -81.469163, 35.242015 ], [ -81.467335, 35.245553 ], [ -81.468467, 35.246138 ], [ -81.468635, 35.248062 ], [ -81.458646, 35.256061 ], [ -81.458434, 35.256018 ], [ -81.457655, 35.256302 ], [ -81.45638, 35.259463 ], [ -81.458672, 35.265815 ], [ -81.46032, 35.266641 ], [ -81.457976, 35.268661 ], [ -81.457669, 35.271321 ], [ -81.456665, 35.273958 ], [ -81.456342, 35.274452 ], [ -81.456264, 35.27457 ], [ -81.455855, 35.275189 ], [ -81.456998, 35.27632 ], [ -81.456216, 35.276618 ], [ -81.453228, 35.276505 ], [ -81.452529, 35.274673 ], [ -81.450993, 35.274833 ], [ -81.451105, 35.276734 ], [ -81.44834, 35.276757 ], [ -81.448341, 35.278868 ], [ -81.448341, 35.27907 ], [ -81.448201, 35.279254 ], [ -81.448201, 35.279437 ], [ -81.44876, 35.279941 ], [ -81.448453, 35.280468 ], [ -81.447786, 35.280482 ], [ -81.449346, 35.281361 ], [ -81.449598, 35.282506 ], [ -81.453871, 35.282757 ], [ -81.454095, 35.283559 ], [ -81.451274, 35.283216 ], [ -81.449263, 35.283628 ], [ -81.45147, 35.284155 ], [ -81.450073, 35.286262 ], [ -81.448146, 35.285781 ], [ -81.446107, 35.286881 ], [ -81.448789, 35.287041 ], [ -81.449376, 35.288484 ], [ -81.447895, 35.288301 ], [ -81.447867, 35.289423 ], [ -81.445381, 35.290729 ], [ -81.449376, 35.290156 ], [ -81.447281, 35.292034 ], [ -81.44879, 35.292561 ], [ -81.448455, 35.294439 ], [ -81.447337, 35.294485 ], [ -81.447645, 35.297164 ], [ -81.44555, 35.295538 ], [ -81.446164, 35.297256 ], [ -81.441498, 35.29885 ], [ -81.439906, 35.300173 ], [ -81.437138, 35.300064 ], [ -81.434571, 35.303243 ], [ -81.432736, 35.305067 ], [ -81.429284, 35.301296 ], [ -81.428269, 35.29596 ], [ -81.427282, 35.296032 ], [ -81.424749, 35.298466 ], [ -81.425066, 35.301703 ], [ -81.421949, 35.302171 ], [ -81.416829, 35.306996 ], [ -81.416031, 35.308689 ], [ -81.416408, 35.313105 ], [ -81.415765, 35.315784 ], [ -81.417748, 35.319724 ], [ -81.417356, 35.320297 ], [ -81.413863, 35.321876 ], [ -81.412268, 35.328289 ], [ -81.414364, 35.329686 ], [ -81.411932, 35.330923 ], [ -81.412966, 35.333099 ], [ -81.410562, 35.334953 ], [ -81.409567, 35.338092 ], [ -81.407765, 35.339785 ], [ -81.408072, 35.341686 ], [ -81.406198, 35.343587 ], [ -81.404606, 35.342785 ], [ -81.40332, 35.343151 ], [ -81.404353, 35.345373 ], [ -81.401836, 35.345853 ], [ -81.399265, 35.344868 ], [ -81.396646, 35.345171 ], [ -81.394617, 35.342242 ], [ -81.393044, 35.34364 ], [ -81.391436, 35.343413 ], [ -81.391314, 35.3417 ], [ -81.393883, 35.340704 ], [ -81.393498, 35.340075 ], [ -81.389846, 35.338083 ], [ -81.388526, 35.337942 ], [ -81.388855, 35.336916 ], [ -81.387393, 35.335757 ], [ -81.390657, 35.332517 ], [ -81.386824, 35.330539 ], [ -81.385093, 35.332493 ], [ -81.382897, 35.333468 ], [ -81.381967, 35.335894 ], [ -81.382434, 35.336002 ], [ -81.381649, 35.339626 ], [ -81.378824, 35.34 ], [ -81.375767, 35.337769 ], [ -81.377831, 35.335924 ], [ -81.376103, 35.334957 ], [ -81.37386, 35.336663 ], [ -81.372054, 35.339698 ], [ -81.366023, 35.336129 ], [ -81.364291, 35.337614 ], [ -81.363969, 35.337845 ], [ -81.36775, 35.343224 ], [ -81.367633, 35.343437 ], [ -81.366328, 35.342769 ], [ -81.36497, 35.343296 ], [ -81.364003, 35.343969 ], [ -81.36655, 35.347246 ], [ -81.365748, 35.348244 ], [ -81.364224, 35.349433 ], [ -81.363759, 35.34881 ], [ -81.351878, 35.350701 ], [ -81.350114, 35.348603 ], [ -81.349519, 35.347926 ], [ -81.347258, 35.345966 ], [ -81.344743, 35.34621 ], [ -81.344851, 35.345552 ], [ -81.339769, 35.342117 ], [ -81.337816, 35.342588 ], [ -81.336592, 35.340235 ], [ -81.341306, 35.330878 ], [ -81.34501, 35.33117 ], [ -81.346233, 35.329273 ], [ -81.343891, 35.328796 ], [ -81.344997, 35.327061 ], [ -81.346667, 35.327777 ], [ -81.347036, 35.324241 ], [ -81.348917, 35.323201 ], [ -81.344541, 35.317006 ], [ -81.337826, 35.308379 ], [ -81.337134, 35.308018 ], [ -81.333266, 35.307592 ], [ -81.33226, 35.306514 ], [ -81.328652, 35.306372 ], [ -81.327814, 35.306917 ], [ -81.325387, 35.30424 ], [ -81.320324, 35.302976 ], [ -81.317078, 35.301086 ], [ -81.321437, 35.301684 ], [ -81.323797, 35.302525 ], [ -81.324354, 35.301723 ], [ -81.32373, 35.301009 ], [ -81.323795, 35.294675 ], [ -81.319743, 35.293354 ], [ -81.316984, 35.293423 ], [ -81.316233, 35.289438 ], [ -81.318104, 35.286378 ], [ -81.319444, 35.287481 ], [ -81.324697, 35.288611 ], [ -81.325122, 35.28864 ], [ -81.327633, 35.2883 ], [ -81.32715, 35.283192 ], [ -81.327192, 35.282825 ], [ -81.331894, 35.281312 ], [ -81.324998, 35.273059 ], [ -81.323829, 35.271681 ], [ -81.323741, 35.271565 ], [ -81.321733, 35.269086 ], [ -81.322142, 35.268616 ], [ -81.324273, 35.265868 ], [ -81.323981, 35.265678 ], [ -81.323317, 35.26528 ], [ -81.324483, 35.262338 ], [ -81.321729, 35.260449 ], [ -81.320736, 35.259659 ], [ -81.319986, 35.259236 ], [ -81.319867, 35.259347 ], [ -81.317969, 35.261108 ], [ -81.317428, 35.261603 ], [ -81.315579, 35.261718 ], [ -81.315818, 35.261414 ], [ -81.31363, 35.261511 ], [ -81.315279, 35.256756 ], [ -81.312332, 35.255461 ], [ -81.309747, 35.247703 ], [ -81.308493, 35.247198 ], [ -81.306228, 35.249251 ], [ -81.30403, 35.249605 ], [ -81.303102, 35.25083 ], [ -81.302473, 35.252567 ], [ -81.299494, 35.253861 ], [ -81.296597, 35.253964 ], [ -81.294705, 35.255078 ], [ -81.292978, 35.255301 ], [ -81.292391, 35.25513 ], [ -81.293242, 35.254514 ], [ -81.2952, 35.252413 ], [ -81.294988, 35.249499 ], [ -81.293979, 35.249283 ], [ -81.291759, 35.250467 ], [ -81.289956, 35.253409 ], [ -81.291165, 35.25387 ], [ -81.291018, 35.255784 ], [ -81.288395, 35.257639 ], [ -81.283068, 35.255989 ], [ -81.280697, 35.254471 ], [ -81.287445, 35.251233 ], [ -81.291084, 35.248698 ], [ -81.292059, 35.248886 ], [ -81.289618, 35.248298 ], [ -81.286872, 35.248673 ], [ -81.276727, 35.253453 ], [ -81.276527, 35.25309 ], [ -81.270414, 35.252064 ], [ -81.275924, 35.248388 ], [ -81.278465, 35.244293 ], [ -81.277621, 35.244512 ], [ -81.27412, 35.24792 ], [ -81.272462, 35.248551 ], [ -81.272065, 35.248165 ], [ -81.274725, 35.246486 ], [ -81.275864, 35.244514 ], [ -81.274105, 35.243112 ], [ -81.275464, 35.241694 ], [ -81.277822, 35.243439 ], [ -81.278181, 35.242428 ], [ -81.280312, 35.241267 ], [ -81.277802, 35.237382 ], [ -81.28237, 35.231506 ], [ -81.282346, 35.229531 ], [ -81.288118, 35.2247 ], [ -81.286433, 35.221514 ], [ -81.282695, 35.218092 ], [ -81.28383, 35.217228 ], [ -81.284896, 35.218205 ], [ -81.285519, 35.216726 ], [ -81.289804, 35.213299 ], [ -81.289618, 35.211856 ], [ -81.288783, 35.211661 ], [ -81.286624, 35.208118 ], [ -81.284138, 35.2089 ], [ -81.282648, 35.209804 ], [ -81.28088, 35.209704 ], [ -81.280043, 35.20773 ], [ -81.279597, 35.206612 ], [ -81.280212, 35.203863 ], [ -81.279012, 35.202786 ], [ -81.275332, 35.196556 ], [ -81.275696, 35.194655 ], [ -81.274971, 35.192433 ], [ -81.275391, 35.190326 ], [ -81.274582, 35.182167 ], [ -81.27628, 35.18191 ], [ -81.282344, 35.183116 ], [ -81.285126, 35.181565 ], [ -81.286757, 35.182417 ], [ -81.286022, 35.180276 ], [ -81.284907, 35.179222 ], [ -81.284546, 35.176518 ], [ -81.282483, 35.174592 ], [ -81.283382, 35.172888 ], [ -81.294688, 35.168138 ], [ -81.290061, 35.164985 ], [ -81.286986, 35.165287 ], [ -81.28473, 35.164847 ], [ -81.286588859980597, 35.161809795858503 ], [ -81.290672, 35.161967 ], [ -81.328039375457294, 35.163405284383998 ], [ -81.366597255315199, 35.164889391731698 ], [ -81.366599750283498, 35.164889487764 ], [ -81.366691, 35.164893 ], [ -81.406948749537705, 35.166489825451002 ], [ -81.408341, 35.170637 ], [ -81.413235, 35.176793 ], [ -81.41441, 35.178752 ], [ -81.41518, 35.180082 ], [ -81.416152, 35.179289 ], [ -81.416446, 35.178537 ], [ -81.418136, 35.177359 ], [ -81.418899, 35.179528 ], [ -81.417853, 35.180978 ], [ -81.416091, 35.181664 ], [ -81.416876, 35.183068 ], [ -81.41836, 35.182506 ], [ -81.422482, 35.184319 ], [ -81.423647, 35.18894 ], [ -81.422153, 35.189304 ], [ -81.425957, 35.201936 ], [ -81.429832, 35.209109 ], [ -81.431981, 35.205919 ], [ -81.43593, 35.202728 ], [ -81.437853, 35.203966 ], [ -81.439614, 35.206235 ], [ -81.439198, 35.208459 ], [ -81.443248, 35.211234 ], [ -81.443306, 35.213182 ], [ -81.444677, 35.215979 ], [ -81.450175, 35.217467 ], [ -81.452806, 35.218716 ], [ -81.457069, 35.222733 ], [ -81.45725, 35.224368 ], [ -81.459387, 35.228278 ], [ -81.458109, 35.228205 ], [ -81.457948, 35.230789 ], [ -81.456303, 35.232155 ], [ -81.457463, 35.234021 ], [ -81.45733, 35.235762 ], [ -81.460918, 35.236746 ], [ -81.46449, 35.234671 ], [ -81.468778, 35.234352 ], [ -81.470822, 35.23382 ], [ -81.47401, 35.235294 ] ] ] ] } },
{ "type": "Feature", "properties": { "zipcode": "28056" }, "geometry": { "type": "MultiPolygon", "coordinates": [ [ [ [ -81.139723, 35.301886 ], [ -81.139256, 35.302711 ], [ -81.136014, 35.302042 ], [ -81.132739, 35.30372 ], [ -81.132416, 35.304136 ], [ -81.13496, 35.307171 ], [ -81.129849, 35.306288 ], [ -81.127478, 35.308089 ], [ -81.121881, 35.306608 ], [ -81.120598, 35.308074 ], [ -81.123522, 35.310653 ], [ -81.125049, 35.310252 ], [ -81.129312, 35.310807 ], [ -81.130472, 35.31281 ], [ -81.133854, 35.311348 ], [ -81.134873, 35.312502 ], [ -81.132601, 35.3157 ], [ -81.131163, 35.316601 ], [ -81.126387, 35.316325 ], [ -81.123857, 35.315391 ], [ -81.123592, 35.315226 ], [ -81.122143, 35.314241 ], [ -81.121838, 35.313999 ], [ -81.121507, 35.313669 ], [ -81.120957, 35.312727 ], [ -81.119029, 35.313224 ], [ -81.118448, 35.315177 ], [ -81.117965, 35.316806 ], [ -81.117894, 35.31702 ], [ -81.118346, 35.317381 ], [ -81.11824, 35.317755 ], [ -81.116462, 35.316284 ], [ -81.115731, 35.317457 ], [ -81.11635, 35.320106 ], [ -81.115378, 35.323585 ], [ -81.115726, 35.325424 ], [ -81.112376, 35.326441 ], [ -81.109982, 35.326469 ], [ -81.108784, 35.32868 ], [ -81.108073, 35.328573 ], [ -81.107111, 35.328428 ], [ -81.102734, 35.329637 ], [ -81.10061, 35.327043 ], [ -81.100342, 35.324933 ], [ -81.098728, 35.325796 ], [ -81.089929, 35.332826 ], [ -81.08615, 35.328564 ], [ -81.084878, 35.326498 ], [ -81.083961, 35.324806 ], [ -81.083239, 35.323316 ], [ -81.084024, 35.318984 ], [ -81.08366, 35.317445 ], [ -81.080237, 35.313796 ], [ -81.0788, 35.311652 ], [ -81.077771, 35.308632 ], [ -81.079174, 35.304101 ], [ -81.076765, 35.301763 ], [ -81.070528, 35.297715 ], [ -81.069378, 35.297331 ], [ -81.070623, 35.294585 ], [ -81.065361, 35.294837 ], [ -81.060636, 35.291412 ], [ -81.055318, 35.290796 ], [ -81.051563, 35.291301 ], [ -81.046461, 35.288858 ], [ -81.044038, 35.289745 ], [ -81.040474, 35.287057 ], [ -81.040499, 35.287013 ], [ -81.041327, 35.285455 ], [ -81.041729, 35.284773 ], [ -81.042858, 35.283196 ], [ -81.044775, 35.281901 ], [ -81.047403, 35.28476 ], [ -81.055059, 35.284864 ], [ -81.056194, 35.283079 ], [ -81.057997, 35.278575 ], [ -81.058924, 35.27881 ], [ -81.059393, 35.277757 ], [ -81.060944, 35.274172 ], [ -81.061742, 35.273799 ], [ -81.061339, 35.27334 ], [ -81.0609, 35.271743 ], [ -81.059698, 35.269335 ], [ -81.055843, 35.27473 ], [ -81.055577, 35.274546 ], [ -81.060037, 35.268151 ], [ -81.061412, 35.267208 ], [ -81.063441, 35.266685 ], [ -81.065038, 35.26629 ], [ -81.065023, 35.265284 ], [ -81.066487, 35.264242 ], [ -81.068589, 35.26427 ], [ -81.068731, 35.264115 ], [ -81.069714, 35.264123 ], [ -81.077594, 35.264211 ], [ -81.077663, 35.264351 ], [ -81.078017, 35.265787 ], [ -81.07813, 35.266981 ], [ -81.078814, 35.268569 ], [ -81.081047, 35.269275 ], [ -81.082409, 35.270947 ], [ -81.082339, 35.272517 ], [ -81.079293, 35.274643 ], [ -81.07923, 35.277125 ], [ -81.081646, 35.278967 ], [ -81.082494, 35.281152 ], [ -81.083882, 35.282102 ], [ -81.086808, 35.283025 ], [ -81.089575, 35.284565 ], [ -81.092944, 35.285588 ], [ -81.095897, 35.287521 ], [ -81.096604, 35.287653 ], [ -81.097614, 35.287563 ], [ -81.098499, 35.286069 ], [ -81.101192, 35.285511 ], [ -81.101774, 35.285611 ], [ -81.104667, 35.287354 ], [ -81.106671, 35.285597 ], [ -81.109471, 35.286949 ], [ -81.105873, 35.289852 ], [ -81.118507, 35.294089 ], [ -81.120391, 35.294697 ], [ -81.120347, 35.295212 ], [ -81.132644, 35.294937 ], [ -81.132426, 35.300244 ], [ -81.134175, 35.300311 ], [ -81.1396, 35.300585 ], [ -81.139402, 35.301846 ], [ -81.139723, 35.301886 ] ] ], [ [ [ -81.209339, 35.2033 ], [ -81.200898, 35.212108 ], [ -81.200071, 35.213455 ], [ -81.199623, 35.218871 ], [ -81.1996, 35.219259 ], [ -81.199488, 35.221132 ], [ -81.198984, 35.221039 ], [ -81.19934, 35.221713 ], [ -81.19935, 35.223404 ], [ -81.199032, 35.225072 ], [ -81.198256, 35.226462 ], [ -81.194498, 35.232576 ], [ -81.194191, 35.233081 ], [ -81.192135, 35.231237 ], [ -81.191107, 35.232102 ], [ -81.190534, 35.232167 ], [ -81.190432, 35.232249 ], [ -81.189525, 35.231937 ], [ -81.186255, 35.231595 ], [ -81.183471, 35.231529 ], [ -81.184528, 35.230074 ], [ -81.180838, 35.231018 ], [ -81.180038, 35.227928 ], [ -81.18171, 35.226317 ], [ -81.183893, 35.22671 ], [ -81.181519, 35.225449 ], [ -81.181118, 35.225261 ], [ -81.180257, 35.224892 ], [ -81.17971, 35.224618 ], [ -81.177503, 35.222229 ], [ -81.176562, 35.22121 ], [ -81.169871, 35.218122 ], [ -81.167441, 35.215941 ], [ -81.165242, 35.215312 ], [ -81.160475, 35.215914 ], [ -81.159852, 35.216196 ], [ -81.158846, 35.217299 ], [ -81.156042, 35.221073 ], [ -81.154924, 35.221909 ], [ -81.15316, 35.222416 ], [ -81.143181, 35.222139 ], [ -81.142522, 35.222329 ], [ -81.136389, 35.226472 ], [ -81.135445, 35.224951 ], [ -81.134156, 35.224169 ], [ -81.13409, 35.226089 ], [ -81.134357, 35.22695 ], [ -81.134926, 35.22898 ], [ -81.135029, 35.230337 ], [ -81.133334, 35.230211 ], [ -81.133479, 35.228538 ], [ -81.131926, 35.227898 ], [ -81.130374, 35.229274 ], [ -81.130009, 35.22753 ], [ -81.130422, 35.22601 ], [ -81.12995, 35.225072 ], [ -81.126883, 35.227683 ], [ -81.126996, 35.229774 ], [ -81.125818, 35.231652 ], [ -81.125671, 35.23325 ], [ -81.124956, 35.23935 ], [ -81.123738, 35.242182 ], [ -81.123002, 35.243254 ], [ -81.123558, 35.244296 ], [ -81.121475, 35.2451 ], [ -81.121057, 35.244026 ], [ -81.116921, 35.245271 ], [ -81.117315, 35.246187 ], [ -81.116259, 35.246525 ], [ -81.11581, 35.2468 ], [ -81.114441, 35.24807 ], [ -81.113533, 35.247407 ], [ -81.11077, 35.251203 ], [ -81.10974, 35.251991 ], [ -81.10865, 35.252661 ], [ -81.112176, 35.252042 ], [ -81.112354, 35.252655 ], [ -81.111032, 35.254143 ], [ -81.114934, 35.256549 ], [ -81.117801, 35.25729 ], [ -81.120667, 35.256217 ], [ -81.124822, 35.257939 ], [ -81.128671, 35.259416 ], [ -81.129085, 35.259818 ], [ -81.133392, 35.260808 ], [ -81.133668, 35.264786 ], [ -81.127206, 35.263755 ], [ -81.114875, 35.261763 ], [ -81.11147, 35.258806 ], [ -81.108194, 35.257207 ], [ -81.107595, 35.256786 ], [ -81.097326, 35.255549 ], [ -81.097216, 35.255402 ], [ -81.096849, 35.255358 ], [ -81.093531, 35.25495 ], [ -81.092215, 35.254785 ], [ -81.091446, 35.25967 ], [ -81.090616, 35.260575 ], [ -81.087365, 35.258915 ], [ -81.086799, 35.258813 ], [ -81.088194, 35.257799 ], [ -81.087358, 35.256107 ], [ -81.08599, 35.257466 ], [ -81.084191, 35.255159 ], [ -81.083248, 35.255516 ], [ -81.08355, 35.254598 ], [ -81.082056, 35.254012 ], [ -81.079069, 35.257123 ], [ -81.078828, 35.254804 ], [ -81.077444, 35.253721 ], [ -81.079538, 35.251108 ], [ -81.080677, 35.252177 ], [ -81.082694, 35.253418 ], [ -81.090743, 35.254613 ], [ -81.091281, 35.252469 ], [ -81.083367, 35.250294 ], [ -81.083044, 35.249975 ], [ -81.082877, 35.249175 ], [ -81.083516, 35.24803 ], [ -81.085602, 35.247079 ], [ -81.086503, 35.246906 ], [ -81.086651, 35.244327 ], [ -81.083538, 35.240685 ], [ -81.085199, 35.23965 ], [ -81.087497, 35.24168 ], [ -81.088991, 35.240276 ], [ -81.087133, 35.239013 ], [ -81.087112, 35.238343 ], [ -81.086665, 35.238017 ], [ -81.084045, 35.236736 ], [ -81.086202, 35.23634 ], [ -81.085592, 35.23506 ], [ -81.087454, 35.234694 ], [ -81.087872, 35.234519 ], [ -81.092662, 35.234856 ], [ -81.092838, 35.233623 ], [ -81.091702, 35.232169 ], [ -81.092079, 35.231376 ], [ -81.092254, 35.230974 ], [ -81.09079, 35.230347 ], [ -81.09097, 35.229307 ], [ -81.091205, 35.229016 ], [ -81.091392, 35.228913 ], [ -81.091626, 35.227754 ], [ -81.09184, 35.227499 ], [ -81.091967, 35.227402 ], [ -81.092235, 35.227032 ], [ -81.092269, 35.226867 ], [ -81.092289, 35.226543 ], [ -81.093695, 35.224966 ], [ -81.094044, 35.224428 ], [ -81.093821, 35.222822 ], [ -81.090342, 35.224219 ], [ -81.087414, 35.222987 ], [ -81.088078, 35.221216 ], [ -81.08695, 35.221362 ], [ -81.0861, 35.221242 ], [ -81.084839, 35.221947 ], [ -81.083894, 35.221652 ], [ -81.08146, 35.220911 ], [ -81.080508, 35.220337 ], [ -81.080384, 35.220206 ], [ -81.080144, 35.220089 ], [ -81.079918, 35.220051 ], [ -81.07971, 35.220064 ], [ -81.079482, 35.220107 ], [ -81.075413, 35.220062 ], [ -81.074109, 35.219719 ], [ -81.072643, 35.219057 ], [ -81.071965, 35.218851 ], [ -81.071233, 35.215899 ], [ -81.072936, 35.214316 ], [ -81.076538, 35.217588 ], [ -81.076912, 35.215341 ], [ -81.082109, 35.214023 ], [ -81.082354, 35.21394 ], [ -81.081761, 35.212935 ], [ -81.080525, 35.211633 ], [ -81.074681, 35.20684 ], [ -81.076017, 35.205911 ], [ -81.074704, 35.203329 ], [ -81.073491, 35.204588 ], [ -81.0732, 35.204011 ], [ -81.072695, 35.203039 ], [ -81.075093, 35.200165 ], [ -81.074234, 35.198567 ], [ -81.075429, 35.197344 ], [ -81.071825, 35.194075 ], [ -81.071877, 35.193417 ], [ -81.072432, 35.193761 ], [ -81.074771, 35.191675 ], [ -81.074468, 35.189356 ], [ -81.075507, 35.186307 ], [ -81.071698, 35.18351 ], [ -81.072535, 35.180808 ], [ -81.07114, 35.178792 ], [ -81.070135, 35.175013 ], [ -81.070916, 35.174853 ], [ -81.071278, 35.171898 ], [ -81.06888, 35.170936 ], [ -81.069772, 35.169264 ], [ -81.071222, 35.169791 ], [ -81.071766, 35.171254 ], [ -81.080793, 35.157669 ], [ -81.078857, 35.158021 ], [ -81.078555, 35.156855 ], [ -81.079753, 35.153338 ], [ -81.072585, 35.155276 ], [ -81.069640478647003, 35.151555767356498 ], [ -81.077253, 35.152047 ], [ -81.079040932956801, 35.152162393713098 ], [ -81.084096686592403, 35.152488693523303 ], [ -81.089199000816294, 35.152817998367397 ], [ -81.092784381535395, 35.153049399881901 ], [ -81.093027850863194, 35.1530651134631 ], [ -81.109295, 35.154115 ], [ -81.11084, 35.154185 ], [ -81.114515999901499, 35.154350485141897 ], [ -81.129808180834999, 35.1550389042931 ], [ -81.1298933998048, 35.155042740657002 ], [ -81.130026279050796, 35.155048722578002 ], [ -81.138207, 35.155417 ], [ -81.145987211865901, 35.155767509885898 ], [ -81.180558604049097, 35.157325001499203 ], [ -81.180189, 35.158397 ], [ -81.182087, 35.158997 ], [ -81.183717, 35.157853 ], [ -81.187326, 35.159298 ], [ -81.19176, 35.164978 ], [ -81.19271, 35.167452 ], [ -81.193295, 35.1717 ], [ -81.195047, 35.170217 ], [ -81.195732, 35.173197 ], [ -81.197881, 35.176663 ], [ -81.198732, 35.177477 ], [ -81.202518, 35.179293 ], [ -81.205758, 35.183963 ], [ -81.206757, 35.187876 ], [ -81.207163, 35.190734 ], [ -81.208627, 35.194531 ], [ -81.209816, 35.201754 ], [ -81.209339, 35.2033 ] ] ] ] } },
{ "type": "Feature", "properties": { "zipcode": "28092" }, "geometry": { "type": "MultiPolygon", "coordinates": [ [ [ [ -81.408987, 35.504145 ], [ -81.401558, 35.504328 ], [ -81.397185, 35.504959 ], [ -81.396383, 35.503793 ], [ -81.392089, 35.507091 ], [ -81.384033, 35.509304 ], [ -81.380993, 35.506433 ], [ -81.381626, 35.504025 ], [ -81.38109, 35.50223 ], [ -81.377889, 35.499853 ], [ -81.375897, 35.500239 ], [ -81.371508, 35.499863 ], [ -81.3706, 35.50048 ], [ -81.368696, 35.499618 ], [ -81.364624, 35.500459 ], [ -81.363026, 35.501397 ], [ -81.36261, 35.502834 ], [ -81.359885, 35.503323 ], [ -81.357568, 35.502074 ], [ -81.35465, 35.501215 ], [ -81.353784, 35.499339 ], [ -81.349989, 35.496733 ], [ -81.347357, 35.496919 ], [ -81.347637, 35.498927 ], [ -81.344507, 35.499157 ], [ -81.339996, 35.497815 ], [ -81.338797, 35.497521 ], [ -81.338326, 35.497539 ], [ -81.334962, 35.49515 ], [ -81.326294, 35.496031 ], [ -81.327279, 35.49801 ], [ -81.327763, 35.500823 ], [ -81.332044, 35.508088 ], [ -81.334551, 35.510781 ], [ -81.331784, 35.513257 ], [ -81.337115, 35.513565 ], [ -81.337615, 35.515899 ], [ -81.339305, 35.518928 ], [ -81.339342, 35.520726 ], [ -81.336337, 35.524836 ], [ -81.336125, 35.527078 ], [ -81.332458, 35.528595 ], [ -81.328368, 35.525698 ], [ -81.321353, 35.518273 ], [ -81.31462, 35.516063 ], [ -81.310397, 35.515726 ], [ -81.309054, 35.516869 ], [ -81.300029, 35.518303 ], [ -81.299062, 35.52201 ], [ -81.299366, 35.52375 ], [ -81.30123, 35.523646 ], [ -81.304286, 35.524741 ], [ -81.307043, 35.526596 ], [ -81.310889, 35.528586 ], [ -81.311847, 35.529438 ], [ -81.312621, 35.531451 ], [ -81.312393, 35.53275 ], [ -81.314247, 35.537827 ], [ -81.314714, 35.53978 ], [ -81.315184, 35.544345 ], [ -81.315834, 35.546823 ], [ -81.317319, 35.548565 ], [ -81.318464, 35.550764 ], [ -81.318866, 35.553887 ], [ -81.31877, 35.557652 ], [ -81.318248, 35.560496 ], [ -81.317651, 35.560471 ], [ -81.318442, 35.560873 ], [ -81.319087, 35.562674 ], [ -81.322814, 35.563912 ], [ -81.3251, 35.565133 ], [ -81.327504, 35.567745 ], [ -81.328916, 35.568379 ], [ -81.329313, 35.570618 ], [ -81.326485, 35.579057 ], [ -81.325846, 35.581125 ], [ -81.323121, 35.584214 ], [ -81.322773, 35.590211 ], [ -81.322221, 35.591161 ], [ -81.315261, 35.594707 ], [ -81.313369, 35.592556 ], [ -81.308322, 35.588059 ], [ -81.305251, 35.587895 ], [ -81.30362, 35.588901 ], [ -81.303129, 35.589999 ], [ -81.300093, 35.589321 ], [ -81.301418, 35.592051 ], [ -81.299131, 35.592725 ], [ -81.296402, 35.591466 ], [ -81.294166, 35.591565 ], [ -81.293463, 35.590406 ], [ -81.29049, 35.589469 ], [ -81.290129, 35.593021 ], [ -81.288482, 35.5943 ], [ -81.285521, 35.594206 ], [ -81.286211, 35.592768 ], [ -81.28543, 35.589587 ], [ -81.284957, 35.58937 ], [ -81.282338, 35.590811 ], [ -81.279705, 35.589644 ], [ -81.280027, 35.587892 ], [ -81.281589, 35.588978 ], [ -81.283206, 35.588135 ], [ -81.283033, 35.587195 ], [ -81.281995, 35.586078 ], [ -81.283459, 35.584482 ], [ -81.282606, 35.584343 ], [ -81.281416, 35.584061 ], [ -81.280539, 35.583649 ], [ -81.274898, 35.58024 ], [ -81.276158, 35.57719 ], [ -81.277972, 35.575786 ], [ -81.279649, 35.570977 ], [ -81.281374, 35.568244 ], [ -81.281962, 35.566009 ], [ -81.281675, 35.563941 ], [ -81.280171, 35.561626 ], [ -81.279648, 35.558572 ], [ -81.277147, 35.556476 ], [ -81.274751, 35.557269 ], [ -81.273019, 35.556941 ], [ -81.270208, 35.555233 ], [ -81.269182, 35.553194 ], [ -81.265841, 35.548286 ], [ -81.26295, 35.550673 ], [ -81.258844, 35.551208 ], [ -81.255878, 35.535374 ], [ -81.253859, 35.535164 ], [ -81.252488, 35.532544 ], [ -81.251438, 35.532734 ], [ -81.252386, 35.536572 ], [ -81.250461, 35.541987 ], [ -81.249002, 35.544177 ], [ -81.249068, 35.55013 ], [ -81.248107, 35.550959 ], [ -81.242444, 35.552396 ], [ -81.241405, 35.553942 ], [ -81.245861, 35.557261 ], [ -81.245276, 35.557242 ], [ -81.230958, 35.556781 ], [ -81.22391, 35.556531 ], [ -81.219741, 35.556367 ], [ -81.21979, 35.556285 ], [ -81.219845, 35.556204 ], [ -81.221917, 35.553178 ], [ -81.221828, 35.550819 ], [ -81.218808, 35.54973 ], [ -81.214288, 35.552796 ], [ -81.214968, 35.548461 ], [ -81.216509, 35.545372 ], [ -81.208481, 35.540065 ], [ -81.207855, 35.54264 ], [ -81.207833, 35.54273 ], [ -81.207379, 35.544554 ], [ -81.206383, 35.547327 ], [ -81.200068, 35.555452 ], [ -81.198835, 35.55582 ], [ -81.196628, 35.555368 ], [ -81.195262, 35.555335 ], [ -81.190124, 35.55521 ], [ -81.189903, 35.555205 ], [ -81.184381, 35.555071 ], [ -81.181095, 35.548954 ], [ -81.180084, 35.54788 ], [ -81.180563, 35.546985 ], [ -81.181238, 35.545117 ], [ -81.180565, 35.545385 ], [ -81.174682, 35.545722 ], [ -81.171123, 35.544382 ], [ -81.16827, 35.54282 ], [ -81.175183, 35.530356 ], [ -81.171907, 35.526585 ], [ -81.164192, 35.539105 ], [ -81.162452, 35.537739 ], [ -81.162121, 35.538753 ], [ -81.157422, 35.537971 ], [ -81.153691, 35.535563 ], [ -81.151617, 35.534923 ], [ -81.149598, 35.535222 ], [ -81.14898, 35.532145 ], [ -81.150119, 35.530446 ], [ -81.148836, 35.529235 ], [ -81.146167, 35.530885 ], [ -81.143465, 35.530367 ], [ -81.140435, 35.531996 ], [ -81.139053, 35.53361 ], [ -81.141671, 35.534689 ], [ -81.142243, 35.534841 ], [ -81.14007, 35.538104 ], [ -81.136749, 35.540996 ], [ -81.134478, 35.545715 ], [ -81.129376, 35.547913 ], [ -81.127937, 35.549252 ], [ -81.121011, 35.547907 ], [ -81.118417, 35.543836 ], [ -81.116551, 35.543809 ], [ -81.116296, 35.541034 ], [ -81.117207, 35.540809 ], [ -81.115762, 35.538686 ], [ -81.108941, 35.539504 ], [ -81.106695, 35.536808 ], [ -81.105439, 35.536087 ], [ -81.102169, 35.53657 ], [ -81.101988, 35.533669 ], [ -81.100528, 35.52984 ], [ -81.100923, 35.528016 ], [ -81.099991, 35.526916 ], [ -81.099489, 35.524811 ], [ -81.099791, 35.522974 ], [ -81.101424, 35.524552 ], [ -81.110059, 35.519314 ], [ -81.110094, 35.517432 ], [ -81.113767, 35.516108 ], [ -81.112135, 35.514093 ], [ -81.111119, 35.51397 ], [ -81.10814, 35.511075 ], [ -81.104222, 35.511792 ], [ -81.100338, 35.511664 ], [ -81.101027, 35.510147 ], [ -81.10404, 35.510305 ], [ -81.107188, 35.509581 ], [ -81.110246, 35.508063 ], [ -81.115592, 35.513031 ], [ -81.115095, 35.513343 ], [ -81.114138, 35.51598 ], [ -81.115822, 35.515426 ], [ -81.12004, 35.515917 ], [ -81.123696, 35.515749 ], [ -81.125493, 35.515995 ], [ -81.12529, 35.513429 ], [ -81.118458, 35.508625 ], [ -81.117343, 35.509354 ], [ -81.11678, 35.509953 ], [ -81.11184, 35.505442 ], [ -81.108347, 35.503174 ], [ -81.105296, 35.498406 ], [ -81.107814, 35.49812 ], [ -81.114112, 35.493912 ], [ -81.12114, 35.492992 ], [ -81.12441, 35.492788 ], [ -81.12904, 35.492979 ], [ -81.132825, 35.491017 ], [ -81.134487, 35.492176 ], [ -81.134887, 35.497011 ], [ -81.134605, 35.498508 ], [ -81.136528, 35.49786 ], [ -81.138388, 35.495565 ], [ -81.138038, 35.497986 ], [ -81.139255, 35.498887 ], [ -81.142754, 35.497731 ], [ -81.143084, 35.495493 ], [ -81.145933, 35.495767 ], [ -81.14699, 35.49347 ], [ -81.146473, 35.49121 ], [ -81.148468, 35.490754 ], [ -81.148254, 35.489957 ], [ -81.145243, 35.490004 ], [ -81.147425, 35.487827 ], [ -81.146808, 35.48663 ], [ -81.143703, 35.485441 ], [ -81.146367, 35.48272 ], [ -81.146437, 35.481843 ], [ -81.147229, 35.4807 ], [ -81.151991, 35.481937 ], [ -81.152383, 35.480967 ], [ -81.154704, 35.481218 ], [ -81.157433, 35.479858 ], [ -81.160873, 35.479992 ], [ -81.164923, 35.47787 ], [ -81.166222, 35.477739 ], [ -81.167399, 35.47905 ], [ -81.170092, 35.478083 ], [ -81.170282, 35.47625 ], [ -81.169216, 35.470115 ], [ -81.173315, 35.469815 ], [ -81.174948, 35.470532 ], [ -81.173603, 35.471979 ], [ -81.17305, 35.473388 ], [ -81.173146, 35.474238 ], [ -81.174428, 35.474526 ], [ -81.175891, 35.472189 ], [ -81.176623, 35.471329 ], [ -81.179096, 35.472504 ], [ -81.17885, 35.471815 ], [ -81.180054, 35.470738 ], [ -81.181631, 35.471893 ], [ -81.182692, 35.470358 ], [ -81.184281, 35.469373 ], [ -81.183949, 35.465032 ], [ -81.182386, 35.462441 ], [ -81.185837, 35.457451 ], [ -81.186315, 35.455461 ], [ -81.186322, 35.454984 ], [ -81.1869, 35.449166 ], [ -81.185764, 35.447788 ], [ -81.183901, 35.443219 ], [ -81.180325, 35.442012 ], [ -81.177855, 35.440003 ], [ -81.17764, 35.43912 ], [ -81.176693, 35.439277 ], [ -81.174014, 35.442055 ], [ -81.172599, 35.44669 ], [ -81.1682, 35.444181 ], [ -81.168248, 35.439816 ], [ -81.169042, 35.436625 ], [ -81.172157, 35.43268 ], [ -81.173652, 35.431808 ], [ -81.173728, 35.430172 ], [ -81.175363, 35.429233 ], [ -81.179041, 35.429194 ], [ -81.181497, 35.42984 ], [ -81.180292, 35.428499 ], [ -81.176819, 35.421176 ], [ -81.174184, 35.417019 ], [ -81.172181, 35.415626 ], [ -81.174278, 35.413567 ], [ -81.175523, 35.410093 ], [ -81.177945, 35.409573 ], [ -81.184647, 35.409806 ], [ -81.199076, 35.410309 ], [ -81.20297, 35.410454 ], [ -81.2039, 35.410489 ], [ -81.208663, 35.408451 ], [ -81.210082, 35.40768 ], [ -81.209486, 35.399913 ], [ -81.203933, 35.397991 ], [ -81.203493, 35.397309 ], [ -81.204418, 35.396294 ], [ -81.204669, 35.396849 ], [ -81.207545, 35.396313 ], [ -81.207516, 35.395861 ], [ -81.208156, 35.394701 ], [ -81.208717, 35.394482 ], [ -81.207735, 35.392143 ], [ -81.207935, 35.391879 ], [ -81.208995, 35.394357 ], [ -81.210446, 35.39478 ], [ -81.212159, 35.39424 ], [ -81.214496, 35.391822 ], [ -81.216643, 35.394648 ], [ -81.217612, 35.392349 ], [ -81.218698, 35.393607 ], [ -81.221885, 35.392812 ], [ -81.223561, 35.395297 ], [ -81.22785, 35.388108 ], [ -81.228434, 35.387151 ], [ -81.231865, 35.388599 ], [ -81.229801, 35.391634 ], [ -81.227584, 35.392868 ], [ -81.228174, 35.396136 ], [ -81.231566, 35.38983 ], [ -81.234253, 35.3878 ], [ -81.23796, 35.382734 ], [ -81.239656, 35.381389 ], [ -81.240621, 35.378229 ], [ -81.24236, 35.375906 ], [ -81.24335, 35.373341 ], [ -81.246122, 35.37174 ], [ -81.248398, 35.369584 ], [ -81.251278, 35.368765 ], [ -81.253843, 35.365535 ], [ -81.261944, 35.36457 ], [ -81.262764, 35.366544 ], [ -81.267505, 35.371274 ], [ -81.268905, 35.373363 ], [ -81.270798, 35.374853 ], [ -81.270834, 35.3756 ], [ -81.26925, 35.378501 ], [ -81.27023, 35.379973 ], [ -81.272141, 35.380722 ], [ -81.275453, 35.380302 ], [ -81.275154, 35.384862 ], [ -81.275422, 35.386284 ], [ -81.277616, 35.391534 ], [ -81.28057, 35.391344 ], [ -81.283199, 35.392752 ], [ -81.285461, 35.390009 ], [ -81.285039, 35.388954 ], [ -81.286842, 35.389035 ], [ -81.286354, 35.392605 ], [ -81.289113, 35.392172 ], [ -81.287289, 35.395023 ], [ -81.291052, 35.398558 ], [ -81.287266, 35.402594 ], [ -81.289113, 35.404647 ], [ -81.288311, 35.406719 ], [ -81.289264, 35.408882 ], [ -81.293356, 35.410967 ], [ -81.298795, 35.413112 ], [ -81.300004, 35.414263 ], [ -81.301621, 35.415848 ], [ -81.305354, 35.419765 ], [ -81.301825, 35.420758 ], [ -81.301148, 35.421075 ], [ -81.29806, 35.422575 ], [ -81.292353, 35.427883 ], [ -81.291982, 35.428463 ], [ -81.289998, 35.429668 ], [ -81.290587, 35.431012 ], [ -81.290189, 35.431352 ], [ -81.287814, 35.435162 ], [ -81.287855, 35.43967 ], [ -81.290758, 35.43965 ], [ -81.289605, 35.443396 ], [ -81.291478, 35.445002 ], [ -81.289899, 35.447589 ], [ -81.290749, 35.448175 ], [ -81.294139, 35.450117 ], [ -81.294818, 35.448933 ], [ -81.296255, 35.449554 ], [ -81.295303, 35.453514 ], [ -81.294119, 35.455106 ], [ -81.299108, 35.45629 ], [ -81.298933, 35.458541 ], [ -81.299844, 35.458743 ], [ -81.301589, 35.456993 ], [ -81.308291, 35.45694 ], [ -81.308361, 35.455713 ], [ -81.313926, 35.455577 ], [ -81.31764, 35.458065 ], [ -81.317627, 35.456457 ], [ -81.325194, 35.453382 ], [ -81.332693, 35.449273 ], [ -81.331924, 35.446374 ], [ -81.331596, 35.440475 ], [ -81.331526, 35.440039 ], [ -81.333276, 35.440111 ], [ -81.337611, 35.441519 ], [ -81.339516, 35.441451 ], [ -81.33787, 35.438943 ], [ -81.336181, 35.437842 ], [ -81.335198, 35.435589 ], [ -81.340435, 35.435469 ], [ -81.342498, 35.437974 ], [ -81.346419, 35.440754 ], [ -81.348445, 35.439095 ], [ -81.35295, 35.438597 ], [ -81.354652, 35.436782 ], [ -81.355579, 35.437965 ], [ -81.361414, 35.43556 ], [ -81.362912, 35.435451 ], [ -81.363331, 35.442414 ], [ -81.364258, 35.442376 ], [ -81.362999, 35.445372 ], [ -81.364368, 35.445607 ], [ -81.364435, 35.447711 ], [ -81.367811, 35.447358 ], [ -81.37056, 35.446472 ], [ -81.372156, 35.444537 ], [ -81.374724, 35.442665 ], [ -81.377918, 35.442269 ], [ -81.378749, 35.441573 ], [ -81.380998, 35.441122 ], [ -81.380721, 35.443861 ], [ -81.384338, 35.444877 ], [ -81.384595, 35.447158 ], [ -81.389259, 35.443619 ], [ -81.390408, 35.444186 ], [ -81.392741, 35.44912 ], [ -81.3931, 35.452174 ], [ -81.39148, 35.453185 ], [ -81.390896, 35.45571 ], [ -81.391578, 35.457201 ], [ -81.392819, 35.457003 ], [ -81.393396, 35.45934 ], [ -81.392954, 35.462277 ], [ -81.39452, 35.462263 ], [ -81.396794, 35.460959 ], [ -81.398149, 35.46447 ], [ -81.398963, 35.467907 ], [ -81.397961, 35.470444 ], [ -81.395885, 35.471698 ], [ -81.395437, 35.472348 ], [ -81.395569, 35.476271 ], [ -81.396982, 35.480078 ], [ -81.398772, 35.488277 ], [ -81.400977, 35.490385 ], [ -81.402595, 35.492676 ], [ -81.404044, 35.498099 ], [ -81.407918, 35.500636 ], [ -81.408987, 35.504145 ] ] ] ] } },
{ "type": "Feature", "properties": { "zipcode": "28077" }, "geometry": { "type": "MultiPolygon", "coordinates": [ [ [ [ -81.210082, 35.40768 ], [ -81.208663, 35.408451 ], [ -81.2039, 35.410489 ], [ -81.20297, 35.410454 ], [ -81.199076, 35.410309 ], [ -81.19543, 35.409704 ], [ -81.197464, 35.404769 ], [ -81.196238, 35.402919 ], [ -81.196604, 35.398945 ], [ -81.198669, 35.399381 ], [ -81.20085, 35.3965 ], [ -81.203493, 35.397309 ], [ -81.203933, 35.397991 ], [ -81.209486, 35.399913 ], [ -81.210082, 35.40768 ] ] ] ] } },
{ "type": "Feature", "properties": { "zipcode": "28078" }, "geometry": { "type": "MultiPolygon", "coordinates": [ [ [ [ -80.749562, 35.423156 ], [ -80.748143, 35.42254 ], [ -80.745831, 35.421751 ], [ -80.74702, 35.42045 ], [ -80.749535, 35.422482 ], [ -80.749562, 35.423156 ] ] ], [ [ [ -80.986835, 35.379014 ], [ -80.986484, 35.38007 ], [ -80.985586, 35.381098 ], [ -80.983753, 35.381846 ], [ -80.979053, 35.381686 ], [ -80.976629, 35.382452 ], [ -80.97039, 35.386263 ], [ -80.965359, 35.388589 ], [ -80.961445, 35.38974 ], [ -80.957546, 35.391024 ], [ -80.955245, 35.393177 ], [ -80.954362, 35.396185 ], [ -80.95486, 35.400078 ], [ -80.955708, 35.401623 ], [ -80.956414, 35.402668 ], [ -80.95698, 35.403886 ], [ -80.958717, 35.411501 ], [ -80.957987, 35.414834 ], [ -80.95559, 35.418923 ], [ -80.955142, 35.42116 ], [ -80.955741, 35.425236 ], [ -80.956518, 35.427503 ], [ -80.956937, 35.428565 ], [ -80.958699, 35.432134 ], [ -80.958691, 35.432634 ], [ -80.95603, 35.438075 ], [ -80.953358, 35.440714 ], [ -80.95211, 35.444744 ], [ -80.950254, 35.447467 ], [ -80.949015, 35.448475 ], [ -80.944623, 35.44718 ], [ -80.941407, 35.445639 ], [ -80.938232, 35.444775 ], [ -80.935817, 35.444788 ], [ -80.933944, 35.445437 ], [ -80.930731, 35.447831 ], [ -80.926196, 35.448405 ], [ -80.922606, 35.449121 ], [ -80.915296, 35.451131 ], [ -80.912847, 35.451804 ], [ -80.910484, 35.435165 ], [ -80.909282, 35.434572 ], [ -80.908514, 35.433518 ], [ -80.906681, 35.432645 ], [ -80.900345, 35.440519 ], [ -80.895936, 35.444132 ], [ -80.894428, 35.444616 ], [ -80.893981, 35.445414 ], [ -80.893325, 35.445949 ], [ -80.890443, 35.446116 ], [ -80.890862, 35.446823 ], [ -80.887058, 35.450315 ], [ -80.884738, 35.4528 ], [ -80.884006, 35.453584 ], [ -80.877728, 35.452628 ], [ -80.877837, 35.452331 ], [ -80.878134, 35.450174 ], [ -80.87778, 35.448745 ], [ -80.877542, 35.448718 ], [ -80.873007, 35.44807 ], [ -80.87129, 35.450164 ], [ -80.870846, 35.450486 ], [ -80.870652, 35.450675 ], [ -80.869717, 35.446777 ], [ -80.868763, 35.447185 ], [ -80.868436, 35.444592 ], [ -80.866288, 35.445963 ], [ -80.866591, 35.447548 ], [ -80.865859, 35.448793 ], [ -80.865378, 35.449834 ], [ -80.86479, 35.450173 ], [ -80.862399, 35.450826 ], [ -80.860637, 35.451357 ], [ -80.85915, 35.451888 ], [ -80.858625, 35.452147 ], [ -80.85675, 35.451571 ], [ -80.856314, 35.451438 ], [ -80.850694, 35.450063 ], [ -80.848656, 35.450269 ], [ -80.847823, 35.450436 ], [ -80.847298, 35.450613 ], [ -80.847182, 35.450818 ], [ -80.84751, 35.451391 ], [ -80.846501, 35.451779 ], [ -80.84565, 35.451491 ], [ -80.845329, 35.451401 ], [ -80.844862, 35.451306 ], [ -80.843211, 35.451022 ], [ -80.842837, 35.453668 ], [ -80.842817, 35.4538 ], [ -80.842675, 35.457006 ], [ -80.843479, 35.459156 ], [ -80.843385, 35.459201 ], [ -80.839104, 35.460628 ], [ -80.838483, 35.459687 ], [ -80.829841, 35.462833 ], [ -80.828365, 35.46096 ], [ -80.824113, 35.464936 ], [ -80.822835, 35.463196 ], [ -80.82302, 35.46123 ], [ -80.821696, 35.461174 ], [ -80.823193, 35.459404 ], [ -80.820807, 35.458937 ], [ -80.821148, 35.45732 ], [ -80.817002, 35.455981 ], [ -80.813952, 35.457149 ], [ -80.812299, 35.456928 ], [ -80.810771, 35.45655 ], [ -80.809743, 35.456132 ], [ -80.808937, 35.4559 ], [ -80.80779, 35.455712 ], [ -80.806396, 35.455349 ], [ -80.804632, 35.45537 ], [ -80.802507, 35.454834 ], [ -80.802, 35.454597 ], [ -80.796012, 35.450237 ], [ -80.795937, 35.450198 ], [ -80.794847, 35.449704 ], [ -80.793211, 35.449286 ], [ -80.790886, 35.448703 ], [ -80.789771, 35.448238 ], [ -80.78708, 35.447072 ], [ -80.78683, 35.446966 ], [ -80.785061, 35.446441 ], [ -80.782745, 35.446086 ], [ -80.779546, 35.44419 ], [ -80.775551, 35.442829 ], [ -80.775263, 35.442732 ], [ -80.774203, 35.442379 ], [ -80.768932, 35.440791 ], [ -80.764909, 35.440968 ], [ -80.762785, 35.441154 ], [ -80.761565, 35.441518 ], [ -80.761528, 35.443369 ], [ -80.760364, 35.443355 ], [ -80.760369, 35.442806 ], [ -80.761142, 35.442808 ], [ -80.761171, 35.442278 ], [ -80.760375, 35.442255 ], [ -80.760377, 35.441986 ], [ -80.761181, 35.441986 ], [ -80.761178, 35.441264 ], [ -80.758912, 35.441429 ], [ -80.758827, 35.446176 ], [ -80.757423, 35.446594 ], [ -80.755559, 35.444788 ], [ -80.757065, 35.44856 ], [ -80.754961, 35.449767 ], [ -80.753383, 35.445721 ], [ -80.752617, 35.443341 ], [ -80.75557, 35.443281 ], [ -80.754768, 35.441744 ], [ -80.752045, 35.441946 ], [ -80.750677, 35.438354 ], [ -80.750365, 35.437835 ], [ -80.750755, 35.436734 ], [ -80.754784, 35.4367 ], [ -80.76342, 35.438854 ], [ -80.763691, 35.438381 ], [ -80.762631, 35.436129 ], [ -80.764373, 35.43584 ], [ -80.763788, 35.434645 ], [ -80.763152, 35.434195 ], [ -80.761904, 35.434589 ], [ -80.761577, 35.433895 ], [ -80.759885, 35.430309 ], [ -80.758763, 35.429798 ], [ -80.755122, 35.424331 ], [ -80.754973, 35.424076 ], [ -80.748915, 35.426557 ], [ -80.749194, 35.424227 ], [ -80.753099, 35.422495 ], [ -80.752819, 35.422094 ], [ -80.751047, 35.422838 ], [ -80.75066, 35.421883 ], [ -80.751604, 35.420876 ], [ -80.752419, 35.421455 ], [ -80.753047, 35.421169 ], [ -80.751455, 35.420234 ], [ -80.749384, 35.421752 ], [ -80.748507, 35.421015 ], [ -80.749928, 35.419683 ], [ -80.749253, 35.419502 ], [ -80.745722, 35.418528 ], [ -80.745576, 35.418467 ], [ -80.744652, 35.417748 ], [ -80.749478, 35.413611 ], [ -80.7496, 35.414719 ], [ -80.750289, 35.415374 ], [ -80.751873, 35.414261 ], [ -80.748585, 35.41176 ], [ -80.74836, 35.409559 ], [ -80.745722, 35.408944 ], [ -80.745112, 35.408614 ], [ -80.748394, 35.408061 ], [ -80.755629, 35.406779 ], [ -80.756626, 35.405156 ], [ -80.761025, 35.401828 ], [ -80.760968, 35.401706 ], [ -80.760679, 35.401441 ], [ -80.75952, 35.400468 ], [ -80.759747, 35.397471 ], [ -80.764295, 35.400203 ], [ -80.766172, 35.399168 ], [ -80.769059, 35.397558 ], [ -80.774385, 35.392752 ], [ -80.775126, 35.392358 ], [ -80.775521, 35.392196 ], [ -80.778003, 35.391177 ], [ -80.779258, 35.39055 ], [ -80.786697, 35.384439 ], [ -80.786798, 35.384335 ], [ -80.789047, 35.382334 ], [ -80.794389, 35.380414 ], [ -80.798709, 35.37748 ], [ -80.803665, 35.37413 ], [ -80.807437, 35.372033 ], [ -80.809383, 35.370957 ], [ -80.809632, 35.37082 ], [ -80.815926, 35.367751 ], [ -80.815861, 35.366576 ], [ -80.8163, 35.365909 ], [ -80.819722, 35.363869 ], [ -80.819373, 35.36123 ], [ -80.820536, 35.35789 ], [ -80.822089, 35.353583 ], [ -80.82268, 35.353662 ], [ -80.822395, 35.356427 ], [ -80.822701, 35.358388 ], [ -80.823779, 35.361384 ], [ -80.825735, 35.363707 ], [ -80.82692, 35.365031 ], [ -80.83144, 35.370185 ], [ -80.837811, 35.37034 ], [ -80.840942, 35.369125 ], [ -80.838937, 35.365757 ], [ -80.838476, 35.364321 ], [ -80.842568, 35.363808 ], [ -80.850807, 35.362673 ], [ -80.853292, 35.361826 ], [ -80.853448, 35.361753 ], [ -80.854236, 35.364958 ], [ -80.855844, 35.366669 ], [ -80.855903, 35.366819 ], [ -80.858904, 35.365569 ], [ -80.863974, 35.361526 ], [ -80.869568, 35.357262 ], [ -80.868126, 35.354843 ], [ -80.875435, 35.352478 ], [ -80.875976, 35.352876 ], [ -80.878729, 35.350696 ], [ -80.880155, 35.349558 ], [ -80.882812, 35.347631 ], [ -80.885437, 35.346558 ], [ -80.887689, 35.347562 ], [ -80.897517, 35.347722 ], [ -80.897542, 35.349055 ], [ -80.900953, 35.350817 ], [ -80.902357, 35.347629 ], [ -80.906548, 35.34852 ], [ -80.90932, 35.349754 ], [ -80.909982, 35.348412 ], [ -80.913215, 35.346141 ], [ -80.914948, 35.343953 ], [ -80.916215, 35.343652 ], [ -80.920884, 35.345245 ], [ -80.925114, 35.34847 ], [ -80.930901, 35.34833 ], [ -80.935079, 35.349392 ], [ -80.938398, 35.351293 ], [ -80.939086, 35.353673 ], [ -80.934954, 35.356562 ], [ -80.930907, 35.357811 ], [ -80.92824, 35.357518 ], [ -80.924747, 35.358461 ], [ -80.923042, 35.359917 ], [ -80.923062, 35.360648 ], [ -80.92475, 35.361832 ], [ -80.926883, 35.362521 ], [ -80.931201, 35.363104 ], [ -80.935877, 35.36211 ], [ -80.9384, 35.362948 ], [ -80.941672, 35.364919 ], [ -80.949187, 35.366378 ], [ -80.951611, 35.367287 ], [ -80.955391, 35.370438 ], [ -80.956783, 35.373657 ], [ -80.958278, 35.374984 ], [ -80.961267, 35.375455 ], [ -80.962896, 35.375107 ], [ -80.964773, 35.373523 ], [ -80.96733, 35.368553 ], [ -80.968093, 35.367674 ], [ -80.97327, 35.36419 ], [ -80.97423, 35.363899 ], [ -80.976447, 35.36416 ], [ -80.981038, 35.36588 ], [ -80.9837, 35.368351 ], [ -80.985366, 35.371387 ], [ -80.986784, 35.37569 ], [ -80.986835, 35.379014 ] ] ] ] } },
{ "type": "Feature", "properties": { "zipcode": "28006" }, "geometry": { "type": "MultiPolygon", "coordinates": [ [ [ [ -81.118577, 35.399766 ], [ -81.114998, 35.403728 ], [ -81.112507, 35.40488 ], [ -81.111537, 35.407241 ], [ -81.111389, 35.407235 ], [ -81.10403, 35.406976 ], [ -81.102413, 35.409884 ], [ -81.102007, 35.410184 ], [ -81.104799, 35.41287 ], [ -81.107623, 35.414082 ], [ -81.106397, 35.415088 ], [ -81.106808, 35.416384 ], [ -81.1051, 35.418321 ], [ -81.103302, 35.418783 ], [ -81.101034, 35.417872 ], [ -81.098854, 35.420275 ], [ -81.096646, 35.421741 ], [ -81.095147, 35.421544 ], [ -81.095354, 35.420762 ], [ -81.092217, 35.421171 ], [ -81.091406, 35.422664 ], [ -81.090356, 35.422924 ], [ -81.088748, 35.424621 ], [ -81.084473, 35.423698 ], [ -81.083551, 35.424436 ], [ -81.07942, 35.423215 ], [ -81.07785, 35.424157 ], [ -81.077267, 35.426936 ], [ -81.073167, 35.425695 ], [ -81.069969, 35.423851 ], [ -81.070017, 35.420668 ], [ -81.067422, 35.420329 ], [ -81.065691, 35.418712 ], [ -81.064437, 35.416605 ], [ -81.066517, 35.416409 ], [ -81.069078, 35.415341 ], [ -81.071134, 35.413721 ], [ -81.073492, 35.410939 ], [ -81.073653, 35.409985 ], [ -81.069584, 35.408093 ], [ -81.070224, 35.405795 ], [ -81.072324, 35.405868 ], [ -81.07211, 35.404229 ], [ -81.073709, 35.403964 ], [ -81.07374, 35.402956 ], [ -81.075929, 35.401155 ], [ -81.078335, 35.401571 ], [ -81.078589, 35.398882 ], [ -81.081183, 35.39961 ], [ -81.081179, 35.394506 ], [ -81.096014, 35.391755 ], [ -81.098453, 35.391125 ], [ -81.106157, 35.389478 ], [ -81.10643, 35.389427 ], [ -81.114315, 35.387718 ], [ -81.118873, 35.386724 ], [ -81.118312, 35.395735 ], [ -81.116973, 35.397058 ], [ -81.119328, 35.399712 ], [ -81.118577, 35.399766 ] ] ] ] } },
{ "type": "Feature", "properties": { "zipcode": "28120" }, "geometry": { "type": "MultiPolygon", "coordinates": [ [ [ [ -81.108941, 35.338367 ], [ -81.107, 35.338714 ], [ -81.09928, 35.341282 ], [ -81.092447, 35.33606 ], [ -81.091565, 35.336344 ], [ -81.092258, 35.339677 ], [ -81.093123, 35.341642 ], [ -81.086582, 35.339843 ], [ -81.085286, 35.34182 ], [ -81.083548, 35.342657 ], [ -81.083491, 35.342723 ], [ -81.078965, 35.340069 ], [ -81.077543, 35.341704 ], [ -81.075799, 35.340679 ], [ -81.073672, 35.34314 ], [ -81.081236, 35.344204 ], [ -81.083546, 35.345809 ], [ -81.08402, 35.34621 ], [ -81.083461, 35.348201 ], [ -81.084933, 35.348387 ], [ -81.083931, 35.35112 ], [ -81.082557, 35.351241 ], [ -81.081469, 35.354555 ], [ -81.074667, 35.354379 ], [ -81.06529, 35.353372 ], [ -81.061977, 35.351785 ], [ -81.058345, 35.3518 ], [ -81.056505, 35.355308 ], [ -81.058132, 35.358989 ], [ -81.057934, 35.360451 ], [ -81.061561, 35.362301 ], [ -81.063236, 35.362 ], [ -81.065887, 35.363049 ], [ -81.066891, 35.364055 ], [ -81.071273, 35.365147 ], [ -81.051907, 35.364305 ], [ -81.050474, 35.364092 ], [ -81.048898, 35.368157 ], [ -81.048177, 35.368701 ], [ -81.04863, 35.368927 ], [ -81.048225, 35.369854 ], [ -81.050033, 35.370358 ], [ -81.048831, 35.374027 ], [ -81.048646, 35.375829 ], [ -81.047547, 35.37604 ], [ -81.046402, 35.374127 ], [ -81.046269, 35.375725 ], [ -81.044406, 35.376235 ], [ -81.044849, 35.377855 ], [ -81.044184, 35.379519 ], [ -81.046269, 35.379763 ], [ -81.045448, 35.381959 ], [ -81.042152, 35.38469 ], [ -81.039395, 35.381239 ], [ -81.035956, 35.379017 ], [ -81.031762, 35.376955 ], [ -81.031287, 35.376588 ], [ -81.031315, 35.375832 ], [ -81.033358, 35.37158 ], [ -81.031429, 35.367275 ], [ -81.032072, 35.36603 ], [ -81.029655, 35.364671 ], [ -81.028184, 35.365467 ], [ -81.027324, 35.369112 ], [ -81.023102, 35.370301 ], [ -81.019854, 35.373591 ], [ -81.014191, 35.376663 ], [ -81.013492, 35.377172 ], [ -81.032553, 35.388444 ], [ -81.031615, 35.395827 ], [ -81.031613, 35.401438 ], [ -81.030401, 35.40395 ], [ -81.030512, 35.404393 ], [ -81.026241, 35.404245 ], [ -81.02625, 35.403732 ], [ -81.019212, 35.39735 ], [ -81.02245, 35.396345 ], [ -81.022935, 35.393649 ], [ -81.02113, 35.393401 ], [ -81.020502, 35.390272 ], [ -81.019474, 35.390421 ], [ -81.019109, 35.388514 ], [ -81.017682, 35.387703 ], [ -81.014941, 35.387863 ], [ -81.014051, 35.386436 ], [ -81.011744, 35.386128 ], [ -81.010399, 35.384899 ], [ -81.009961, 35.387393 ], [ -81.009083, 35.387937 ], [ -81.003069, 35.382778 ], [ -80.996955, 35.375082 ], [ -80.994634, 35.371073 ], [ -80.992359, 35.367948 ], [ -80.990842, 35.366395 ], [ -80.983168, 35.359311 ], [ -80.982107, 35.358416 ], [ -80.979266, 35.358723 ], [ -80.979683, 35.359523 ], [ -80.976654, 35.361569 ], [ -80.975823, 35.363127 ], [ -80.98088, 35.365106 ], [ -80.981038, 35.36588 ], [ -80.976447, 35.36416 ], [ -80.97423, 35.363899 ], [ -80.97327, 35.36419 ], [ -80.968093, 35.367674 ], [ -80.96733, 35.368553 ], [ -80.964773, 35.373523 ], [ -80.962896, 35.375107 ], [ -80.961267, 35.375455 ], [ -80.958278, 35.374984 ], [ -80.956783, 35.373657 ], [ -80.955391, 35.370438 ], [ -80.951611, 35.367287 ], [ -80.949187, 35.366378 ], [ -80.941672, 35.364919 ], [ -80.9384, 35.362948 ], [ -80.935877, 35.36211 ], [ -80.931201, 35.363104 ], [ -80.926883, 35.362521 ], [ -80.92475, 35.361832 ], [ -80.923062, 35.360648 ], [ -80.923042, 35.359917 ], [ -80.924747, 35.358461 ], [ -80.92824, 35.357518 ], [ -80.930907, 35.357811 ], [ -80.934954, 35.356562 ], [ -80.939086, 35.353673 ], [ -80.942509, 35.350899 ], [ -80.943632, 35.350582 ], [ -80.952042, 35.350971 ], [ -80.956403, 35.350258 ], [ -80.958355, 35.349526 ], [ -80.96241, 35.347035 ], [ -80.963912, 35.347706 ], [ -80.967088, 35.350794 ], [ -80.969368, 35.351446 ], [ -80.971864, 35.350843 ], [ -80.97267, 35.350257 ], [ -80.974434, 35.34539 ], [ -80.976254, 35.344114 ], [ -80.981471, 35.342653 ], [ -80.983481, 35.341602 ], [ -80.984894, 35.340059 ], [ -80.985302, 35.337217 ], [ -80.984667, 35.33634 ], [ -80.982994, 35.335078 ], [ -80.981805, 35.333168 ], [ -80.980804, 35.32979 ], [ -80.981687, 35.327216 ], [ -80.982655, 35.325824 ], [ -80.983622, 35.324811 ], [ -80.985748, 35.322923 ], [ -80.989183, 35.320706 ], [ -80.992147, 35.316354 ], [ -80.993365, 35.313244 ], [ -80.995387, 35.309472 ], [ -81.000873, 35.305379 ], [ -81.001828, 35.301235 ], [ -81.003854, 35.297929 ], [ -81.00407, 35.297291 ], [ -81.004204, 35.296714 ], [ -81.007059, 35.289573 ], [ -81.007941, 35.284164 ], [ -81.009332, 35.280367 ], [ -81.01103, 35.278244 ], [ -81.013002, 35.274657 ], [ -81.014896, 35.26979 ], [ -81.01505, 35.268655 ], [ -81.014111, 35.258513 ], [ -81.013825, 35.257685 ], [ -81.014956, 35.257624 ], [ -81.015925, 35.262509 ], [ -81.015557, 35.265839 ], [ -81.017574, 35.267544 ], [ -81.021438, 35.269523 ], [ -81.02231, 35.272667 ], [ -81.026179, 35.273283 ], [ -81.025805, 35.274854 ], [ -81.02584, 35.275899 ], [ -81.027758, 35.275511 ], [ -81.029843, 35.273613 ], [ -81.031935, 35.27483 ], [ -81.032125, 35.277596 ], [ -81.0312, 35.280468 ], [ -81.035906, 35.282218 ], [ -81.038976, 35.278833 ], [ -81.039612, 35.278996 ], [ -81.041193, 35.279463 ], [ -81.041369, 35.279323 ], [ -81.044775, 35.281901 ], [ -81.042858, 35.283196 ], [ -81.041729, 35.284773 ], [ -81.041327, 35.285455 ], [ -81.040499, 35.287013 ], [ -81.040474, 35.287057 ], [ -81.044038, 35.289745 ], [ -81.046461, 35.288858 ], [ -81.051563, 35.291301 ], [ -81.055318, 35.290796 ], [ -81.060636, 35.291412 ], [ -81.065361, 35.294837 ], [ -81.070623, 35.294585 ], [ -81.069378, 35.297331 ], [ -81.070528, 35.297715 ], [ -81.076765, 35.301763 ], [ -81.079174, 35.304101 ], [ -81.077771, 35.308632 ], [ -81.0788, 35.311652 ], [ -81.080237, 35.313796 ], [ -81.08366, 35.317445 ], [ -81.084024, 35.318984 ], [ -81.083239, 35.323316 ], [ -81.083961, 35.324806 ], [ -81.084878, 35.326498 ], [ -81.08615, 35.328564 ], [ -81.089929, 35.332826 ], [ -81.098728, 35.325796 ], [ -81.100342, 35.324933 ], [ -81.10061, 35.327043 ], [ -81.102734, 35.329637 ], [ -81.107111, 35.328428 ], [ -81.108073, 35.328573 ], [ -81.106343, 35.332601 ], [ -81.106327, 35.336581 ], [ -81.110273, 35.335431 ], [ -81.108941, 35.338367 ] ], [ [ -81.021368, 35.3585 ], [ -81.017988, 35.35433 ], [ -81.016368, 35.351054 ], [ -81.016699, 35.348165 ], [ -81.01665, 35.346542 ], [ -81.016396, 35.345587 ], [ -81.01626, 35.345076 ], [ -81.015701, 35.343931 ], [ -81.014744, 35.342864 ], [ -81.014697, 35.342833 ], [ -81.012554, 35.341867 ], [ -81.004644, 35.343863 ], [ -80.995465, 35.346472 ], [ -80.995739, 35.349601 ], [ -80.995117, 35.351372 ], [ -80.992784, 35.354268 ], [ -80.993579, 35.357228 ], [ -80.999043, 35.356533 ], [ -81.000652, 35.356769 ], [ -80.99952, 35.357652 ], [ -80.999334, 35.359118 ], [ -80.997272, 35.360065 ], [ -81.001383, 35.36024 ], [ -81.001111, 35.359455 ], [ -81.003759, 35.359513 ], [ -81.004, 35.364309 ], [ -81.009258, 35.364642 ], [ -81.008877, 35.371779 ], [ -81.01021, 35.371398 ], [ -81.010091, 35.373206 ], [ -81.010891, 35.374195 ], [ -81.013246, 35.374242 ], [ -81.013097, 35.376041 ], [ -81.014232, 35.376178 ], [ -81.016714, 35.374547 ], [ -81.017237, 35.372657 ], [ -81.015773, 35.37206 ], [ -81.021099, 35.369848 ], [ -81.021358, 35.362382 ], [ -81.025181, 35.360375 ], [ -81.021368, 35.3585 ] ] ] ] } },
{ "type": "Feature", "properties": { "zipcode": "28033" }, "geometry": { "type": "MultiPolygon", "coordinates": [ [ [ [ -81.387946, 35.437013 ], [ -81.385045, 35.438995 ], [ -81.381536, 35.439587 ], [ -81.378749, 35.441573 ], [ -81.377918, 35.442269 ], [ -81.374724, 35.442665 ], [ -81.372156, 35.444537 ], [ -81.37056, 35.446472 ], [ -81.367811, 35.447358 ], [ -81.364435, 35.447711 ], [ -81.364368, 35.445607 ], [ -81.362999, 35.445372 ], [ -81.364258, 35.442376 ], [ -81.363331, 35.442414 ], [ -81.362912, 35.435451 ], [ -81.361414, 35.43556 ], [ -81.355579, 35.437965 ], [ -81.354652, 35.436782 ], [ -81.35295, 35.438597 ], [ -81.348445, 35.439095 ], [ -81.346419, 35.440754 ], [ -81.342498, 35.437974 ], [ -81.340435, 35.435469 ], [ -81.335198, 35.435589 ], [ -81.336181, 35.437842 ], [ -81.33787, 35.438943 ], [ -81.339516, 35.441451 ], [ -81.337611, 35.441519 ], [ -81.333276, 35.440111 ], [ -81.331526, 35.440039 ], [ -81.331596, 35.440475 ], [ -81.331924, 35.446374 ], [ -81.332693, 35.449273 ], [ -81.325194, 35.453382 ], [ -81.317627, 35.456457 ], [ -81.31764, 35.458065 ], [ -81.313926, 35.455577 ], [ -81.308361, 35.455713 ], [ -81.308291, 35.45694 ], [ -81.301589, 35.456993 ], [ -81.299844, 35.458743 ], [ -81.298933, 35.458541 ], [ -81.299108, 35.45629 ], [ -81.294119, 35.455106 ], [ -81.295303, 35.453514 ], [ -81.296255, 35.449554 ], [ -81.294818, 35.448933 ], [ -81.294139, 35.450117 ], [ -81.290749, 35.448175 ], [ -81.289899, 35.447589 ], [ -81.291478, 35.445002 ], [ -81.289605, 35.443396 ], [ -81.290758, 35.43965 ], [ -81.287855, 35.43967 ], [ -81.287814, 35.435162 ], [ -81.290189, 35.431352 ], [ -81.290587, 35.431012 ], [ -81.289998, 35.429668 ], [ -81.291982, 35.428463 ], [ -81.292353, 35.427883 ], [ -81.29806, 35.422575 ], [ -81.301148, 35.421075 ], [ -81.301825, 35.420758 ], [ -81.305354, 35.419765 ], [ -81.301621, 35.415848 ], [ -81.300004, 35.414263 ], [ -81.298795, 35.413112 ], [ -81.293356, 35.410967 ], [ -81.289264, 35.408882 ], [ -81.288311, 35.406719 ], [ -81.289113, 35.404647 ], [ -81.287266, 35.402594 ], [ -81.291052, 35.398558 ], [ -81.287289, 35.395023 ], [ -81.289113, 35.392172 ], [ -81.286354, 35.392605 ], [ -81.286842, 35.389035 ], [ -81.285039, 35.388954 ], [ -81.285885, 35.386238 ], [ -81.286871, 35.385695 ], [ -81.292691, 35.379227 ], [ -81.296054, 35.378038 ], [ -81.299679, 35.377197 ], [ -81.305433, 35.37836 ], [ -81.306734, 35.377296 ], [ -81.310161, 35.376432 ], [ -81.316705, 35.382224 ], [ -81.317279, 35.382621 ], [ -81.31669, 35.384279 ], [ -81.316224, 35.384743 ], [ -81.320025, 35.385354 ], [ -81.323536, 35.386821 ], [ -81.324574, 35.385873 ], [ -81.327425, 35.38172 ], [ -81.329918, 35.382784 ], [ -81.332337, 35.382869 ], [ -81.333865, 35.388787 ], [ -81.331969, 35.392561 ], [ -81.330562, 35.393864 ], [ -81.33086, 35.395066 ], [ -81.333884, 35.394576 ], [ -81.336483, 35.393617 ], [ -81.338547, 35.391988 ], [ -81.342758, 35.394759 ], [ -81.343615, 35.394442 ], [ -81.342844, 35.395794 ], [ -81.340814, 35.397587 ], [ -81.338881, 35.3986 ], [ -81.337018, 35.399164 ], [ -81.329604, 35.40094 ], [ -81.327302, 35.401887 ], [ -81.325474, 35.403742 ], [ -81.324943, 35.405004 ], [ -81.32555, 35.405184 ], [ -81.325454, 35.409148 ], [ -81.324024, 35.413544 ], [ -81.322018, 35.415088 ], [ -81.343502, 35.415888 ], [ -81.346038, 35.415983 ], [ -81.345806, 35.413776 ], [ -81.343514, 35.412161 ], [ -81.345141, 35.408102 ], [ -81.34364, 35.405338 ], [ -81.342316, 35.403281 ], [ -81.342092, 35.401797 ], [ -81.34199, 35.400933 ], [ -81.341709, 35.399503 ], [ -81.344692, 35.398728 ], [ -81.348858, 35.399272 ], [ -81.349116, 35.400746 ], [ -81.349891, 35.400336 ], [ -81.35113, 35.401258 ], [ -81.351531, 35.402715 ], [ -81.349612, 35.406497 ], [ -81.347414, 35.411162 ], [ -81.345009, 35.412985 ], [ -81.348904, 35.41365 ], [ -81.352152, 35.414986 ], [ -81.358751, 35.41491 ], [ -81.3613, 35.41655 ], [ -81.36112, 35.416542 ], [ -81.361484, 35.416755 ], [ -81.365051, 35.418301 ], [ -81.369344, 35.421834 ], [ -81.371156, 35.423552 ], [ -81.371771, 35.427141 ], [ -81.376784, 35.42778 ], [ -81.380716, 35.427384 ], [ -81.383184, 35.428867 ], [ -81.383955, 35.431774 ], [ -81.386651, 35.432919 ], [ -81.387946, 35.437013 ] ] ] ] } },
{ "type": "Feature", "properties": { "zipcode": "28052" }, "geometry": { "type": "MultiPolygon", "coordinates": [ [ [ [ -81.294688, 35.168138 ], [ -81.283382, 35.172888 ], [ -81.282483, 35.174592 ], [ -81.284546, 35.176518 ], [ -81.284907, 35.179222 ], [ -81.286022, 35.180276 ], [ -81.286757, 35.182417 ], [ -81.285126, 35.181565 ], [ -81.282344, 35.183116 ], [ -81.27628, 35.18191 ], [ -81.274582, 35.182167 ], [ -81.275391, 35.190326 ], [ -81.274971, 35.192433 ], [ -81.275696, 35.194655 ], [ -81.275332, 35.196556 ], [ -81.279012, 35.202786 ], [ -81.280212, 35.203863 ], [ -81.279597, 35.206612 ], [ -81.280043, 35.20773 ], [ -81.28088, 35.209704 ], [ -81.282648, 35.209804 ], [ -81.284138, 35.2089 ], [ -81.286624, 35.208118 ], [ -81.288783, 35.211661 ], [ -81.289618, 35.211856 ], [ -81.289804, 35.213299 ], [ -81.285519, 35.216726 ], [ -81.284896, 35.218205 ], [ -81.28383, 35.217228 ], [ -81.282695, 35.218092 ], [ -81.286433, 35.221514 ], [ -81.288118, 35.2247 ], [ -81.282346, 35.229531 ], [ -81.28237, 35.231506 ], [ -81.277802, 35.237382 ], [ -81.280312, 35.241267 ], [ -81.278181, 35.242428 ], [ -81.277822, 35.243439 ], [ -81.275464, 35.241694 ], [ -81.274105, 35.243112 ], [ -81.275864, 35.244514 ], [ -81.274725, 35.246486 ], [ -81.272065, 35.248165 ], [ -81.272462, 35.248551 ], [ -81.27412, 35.24792 ], [ -81.277621, 35.244512 ], [ -81.278465, 35.244293 ], [ -81.275924, 35.248388 ], [ -81.270414, 35.252064 ], [ -81.269863, 35.252935 ], [ -81.265117, 35.252109 ], [ -81.263517, 35.252695 ], [ -81.260844, 35.253871 ], [ -81.260007, 35.253979 ], [ -81.261118, 35.255603 ], [ -81.261206, 35.256181 ], [ -81.256298, 35.257024 ], [ -81.256315, 35.257247 ], [ -81.256396, 35.259085 ], [ -81.255669, 35.260174 ], [ -81.253775, 35.259341 ], [ -81.254442, 35.25756 ], [ -81.249841, 35.258144 ], [ -81.248059, 35.257921 ], [ -81.24809, 35.261914 ], [ -81.246681, 35.26931 ], [ -81.246919, 35.269727 ], [ -81.240276, 35.272503 ], [ -81.240267, 35.27276 ], [ -81.24023, 35.27296 ], [ -81.247035, 35.270306 ], [ -81.247389, 35.270858 ], [ -81.248956, 35.271556 ], [ -81.249769, 35.273935 ], [ -81.248704, 35.277049 ], [ -81.249101, 35.278232 ], [ -81.250251, 35.281112 ], [ -81.249228, 35.283731 ], [ -81.250787, 35.283568 ], [ -81.248047, 35.286781 ], [ -81.244356, 35.287726 ], [ -81.244068, 35.287862 ], [ -81.243727, 35.288036 ], [ -81.242714, 35.288379 ], [ -81.238528, 35.29141 ], [ -81.236663, 35.292762 ], [ -81.229775, 35.29771 ], [ -81.221743, 35.30237 ], [ -81.220311, 35.30134 ], [ -81.217369, 35.301015 ], [ -81.214474, 35.299246 ], [ -81.211765, 35.295762 ], [ -81.209541, 35.295472 ], [ -81.203665, 35.298173 ], [ -81.202427, 35.2976 ], [ -81.201149, 35.296651 ], [ -81.197756, 35.295751 ], [ -81.193218, 35.295265 ], [ -81.192087, 35.296499 ], [ -81.190869, 35.296947 ], [ -81.189836, 35.296328 ], [ -81.188949, 35.29569 ], [ -81.187842, 35.295706 ], [ -81.18566, 35.29544 ], [ -81.185083, 35.293795 ], [ -81.184654, 35.292944 ], [ -81.181854, 35.292111 ], [ -81.181962, 35.291895 ], [ -81.182687, 35.291621 ], [ -81.183608, 35.290568 ], [ -81.184471, 35.288461 ], [ -81.184668, 35.287143 ], [ -81.18597, 35.286322 ], [ -81.18665, 35.285199 ], [ -81.184677, 35.284617 ], [ -81.183944, 35.282297 ], [ -81.187447, 35.283408 ], [ -81.187229, 35.280745 ], [ -81.187003, 35.280081 ], [ -81.183209, 35.276014 ], [ -81.181974, 35.274058 ], [ -81.179666, 35.274681 ], [ -81.178545, 35.272295 ], [ -81.177551, 35.271714 ], [ -81.177191, 35.268818 ], [ -81.177823, 35.264874 ], [ -81.178574, 35.260701 ], [ -81.178643, 35.2607 ], [ -81.178958, 35.257614 ], [ -81.180496, 35.255103 ], [ -81.181176, 35.253895 ], [ -81.181816, 35.253974 ], [ -81.181534, 35.253231 ], [ -81.181062, 35.252868 ], [ -81.181309, 35.252733 ], [ -81.181731, 35.252766 ], [ -81.182234, 35.25174 ], [ -81.18234, 35.251773 ], [ -81.184133, 35.248653 ], [ -81.185892, 35.246887 ], [ -81.188533, 35.244384 ], [ -81.192021, 35.239509 ], [ -81.192847, 35.236136 ], [ -81.193547, 35.236255 ], [ -81.19351, 35.234968 ], [ -81.193932, 35.233777 ], [ -81.194003, 35.233695 ], [ -81.19461, 35.232788 ], [ -81.194498, 35.232576 ], [ -81.198256, 35.226462 ], [ -81.199032, 35.225072 ], [ -81.19935, 35.223404 ], [ -81.19934, 35.221713 ], [ -81.198984, 35.221039 ], [ -81.199488, 35.221132 ], [ -81.1996, 35.219259 ], [ -81.199623, 35.218871 ], [ -81.200071, 35.213455 ], [ -81.200898, 35.212108 ], [ -81.209339, 35.2033 ], [ -81.209816, 35.201754 ], [ -81.208627, 35.194531 ], [ -81.207163, 35.190734 ], [ -81.206757, 35.187876 ], [ -81.205758, 35.183963 ], [ -81.202518, 35.179293 ], [ -81.198732, 35.177477 ], [ -81.197881, 35.176663 ], [ -81.195732, 35.173197 ], [ -81.195047, 35.170217 ], [ -81.193295, 35.1717 ], [ -81.19271, 35.167452 ], [ -81.19176, 35.164978 ], [ -81.187326, 35.159298 ], [ -81.183717, 35.157853 ], [ -81.182087, 35.158997 ], [ -81.180189, 35.158397 ], [ -81.180558604049097, 35.157325001499203 ], [ -81.180722586584693, 35.157332389151499 ], [ -81.199031874435804, 35.158157249259098 ], [ -81.209815295007999, 35.1586430580751 ], [ -81.214945903757496, 35.158874199478298 ], [ -81.239358, 35.159974 ], [ -81.241686, 35.160081 ], [ -81.265238566873904, 35.160987792575902 ], [ -81.2654920071096, 35.160997550226703 ], [ -81.266531305627197, 35.161037564047099 ], [ -81.267519173572893, 35.161075597749502 ], [ -81.269028416786796, 35.161133704814901 ], [ -81.269199108935894, 35.161140276598502 ], [ -81.269446089341201, 35.161149785540701 ], [ -81.286588859980597, 35.161809795858503 ], [ -81.28473, 35.164847 ], [ -81.286986, 35.165287 ], [ -81.290061, 35.164985 ], [ -81.294688, 35.168138 ] ] ] ] } },
{ "type": "Feature", "properties": { "zipcode": "28032" }, "geometry": { "type": "MultiPolygon", "coordinates": [ [ [ [ -81.094044, 35.224428 ], [ -81.093695, 35.224966 ], [ -81.092289, 35.226543 ], [ -81.092269, 35.226867 ], [ -81.092235, 35.227032 ], [ -81.091967, 35.227402 ], [ -81.09184, 35.227499 ], [ -81.091626, 35.227754 ], [ -81.091392, 35.228913 ], [ -81.091205, 35.229016 ], [ -81.09097, 35.229307 ], [ -81.09079, 35.230347 ], [ -81.092254, 35.230974 ], [ -81.092079, 35.231376 ], [ -81.091702, 35.232169 ], [ -81.092838, 35.233623 ], [ -81.092662, 35.234856 ], [ -81.087872, 35.234519 ], [ -81.087454, 35.234694 ], [ -81.085592, 35.23506 ], [ -81.086202, 35.23634 ], [ -81.084045, 35.236736 ], [ -81.086665, 35.238017 ], [ -81.087112, 35.238343 ], [ -81.087133, 35.239013 ], [ -81.088991, 35.240276 ], [ -81.087497, 35.24168 ], [ -81.085199, 35.23965 ], [ -81.083538, 35.240685 ], [ -81.086651, 35.244327 ], [ -81.086503, 35.246906 ], [ -81.085602, 35.247079 ], [ -81.083516, 35.24803 ], [ -81.082877, 35.249175 ], [ -81.083044, 35.249975 ], [ -81.083367, 35.250294 ], [ -81.091281, 35.252469 ], [ -81.090743, 35.254613 ], [ -81.082694, 35.253418 ], [ -81.080677, 35.252177 ], [ -81.079538, 35.251108 ], [ -81.078559, 35.250461 ], [ -81.077821, 35.250128 ], [ -81.073096, 35.249004 ], [ -81.073794, 35.246966 ], [ -81.073123, 35.241352 ], [ -81.070782, 35.235729 ], [ -81.065728, 35.23578 ], [ -81.065513, 35.235638 ], [ -81.06454, 35.233996 ], [ -81.064958, 35.231393 ], [ -81.065518, 35.23095 ], [ -81.070524, 35.230756 ], [ -81.072302, 35.229788 ], [ -81.073384, 35.22702 ], [ -81.071381, 35.223518 ], [ -81.065968, 35.2205 ], [ -81.064116, 35.220067 ], [ -81.064306, 35.217781 ], [ -81.066909, 35.213913 ], [ -81.070365, 35.214747 ], [ -81.068175, 35.217965 ], [ -81.071965, 35.218851 ], [ -81.072643, 35.219057 ], [ -81.074109, 35.219719 ], [ -81.075413, 35.220062 ], [ -81.079482, 35.220107 ], [ -81.07971, 35.220064 ], [ -81.079918, 35.220051 ], [ -81.080144, 35.220089 ], [ -81.080384, 35.220206 ], [ -81.080508, 35.220337 ], [ -81.08146, 35.220911 ], [ -81.083894, 35.221652 ], [ -81.084839, 35.221947 ], [ -81.0861, 35.221242 ], [ -81.08695, 35.221362 ], [ -81.088078, 35.221216 ], [ -81.087414, 35.222987 ], [ -81.090342, 35.224219 ], [ -81.093821, 35.222822 ], [ -81.094044, 35.224428 ] ] ] ] } },
{ "type": "Feature", "properties": { "zipcode": "28034" }, "geometry": { "type": "MultiPolygon", "coordinates": [ [ [ [ -81.251278, 35.368765 ], [ -81.248398, 35.369584 ], [ -81.246122, 35.37174 ], [ -81.24335, 35.373341 ], [ -81.24236, 35.375906 ], [ -81.240621, 35.378229 ], [ -81.239656, 35.381389 ], [ -81.23796, 35.382734 ], [ -81.234253, 35.3878 ], [ -81.231566, 35.38983 ], [ -81.228174, 35.396136 ], [ -81.227584, 35.392868 ], [ -81.229801, 35.391634 ], [ -81.231865, 35.388599 ], [ -81.228434, 35.387151 ], [ -81.22785, 35.388108 ], [ -81.223561, 35.395297 ], [ -81.221885, 35.392812 ], [ -81.218698, 35.393607 ], [ -81.217612, 35.392349 ], [ -81.216643, 35.394648 ], [ -81.214496, 35.391822 ], [ -81.212159, 35.39424 ], [ -81.210446, 35.39478 ], [ -81.208995, 35.394357 ], [ -81.207935, 35.391879 ], [ -81.207735, 35.392143 ], [ -81.208717, 35.394482 ], [ -81.208156, 35.394701 ], [ -81.207516, 35.395861 ], [ -81.207545, 35.396313 ], [ -81.204669, 35.396849 ], [ -81.204418, 35.396294 ], [ -81.203493, 35.397309 ], [ -81.20085, 35.3965 ], [ -81.198669, 35.399381 ], [ -81.196604, 35.398945 ], [ -81.196238, 35.402919 ], [ -81.197464, 35.404769 ], [ -81.19543, 35.409704 ], [ -81.199076, 35.410309 ], [ -81.184647, 35.409806 ], [ -81.177945, 35.409573 ], [ -81.162383, 35.40903 ], [ -81.12966, 35.407881 ], [ -81.122804, 35.407639 ], [ -81.118577, 35.399766 ], [ -81.119328, 35.399712 ], [ -81.116973, 35.397058 ], [ -81.118312, 35.395735 ], [ -81.118873, 35.386724 ], [ -81.114315, 35.387718 ], [ -81.114265, 35.386397 ], [ -81.112644, 35.382916 ], [ -81.115087, 35.383429 ], [ -81.115301, 35.380077 ], [ -81.116325, 35.378996 ], [ -81.119267, 35.37938 ], [ -81.119457, 35.378588 ], [ -81.116392, 35.378102 ], [ -81.11634, 35.373505 ], [ -81.11522, 35.37341 ], [ -81.115146, 35.371688 ], [ -81.112868, 35.370465 ], [ -81.112603, 35.368932 ], [ -81.114418, 35.365764 ], [ -81.116646, 35.362773 ], [ -81.117345, 35.361447 ], [ -81.117332, 35.358704 ], [ -81.118011, 35.357411 ], [ -81.120894, 35.36106 ], [ -81.123955, 35.363576 ], [ -81.127175, 35.365093 ], [ -81.130367, 35.36502 ], [ -81.131744, 35.366352 ], [ -81.133076, 35.363345 ], [ -81.134495, 35.362173 ], [ -81.136794, 35.362685 ], [ -81.137984, 35.361567 ], [ -81.138706, 35.358776 ], [ -81.136693, 35.356104 ], [ -81.137055, 35.354001 ], [ -81.135476, 35.352683 ], [ -81.134609, 35.349024 ], [ -81.135918, 35.346565 ], [ -81.134136, 35.341539 ], [ -81.132051, 35.340204 ], [ -81.131634, 35.339841 ], [ -81.131949, 35.337886 ], [ -81.124399, 35.33495 ], [ -81.121753, 35.336114 ], [ -81.121343, 35.335002 ], [ -81.122476, 35.334884 ], [ -81.128824, 35.332485 ], [ -81.132516, 35.330371 ], [ -81.130214, 35.32811 ], [ -81.131839, 35.324619 ], [ -81.131331, 35.322526 ], [ -81.128579, 35.320592 ], [ -81.126948, 35.320517 ], [ -81.125301, 35.321694 ], [ -81.123578, 35.32167 ], [ -81.118346, 35.317381 ], [ -81.117894, 35.31702 ], [ -81.117965, 35.316806 ], [ -81.118448, 35.315177 ], [ -81.119029, 35.313224 ], [ -81.120957, 35.312727 ], [ -81.121507, 35.313669 ], [ -81.121838, 35.313999 ], [ -81.122143, 35.314241 ], [ -81.123592, 35.315226 ], [ -81.123857, 35.315391 ], [ -81.126387, 35.316325 ], [ -81.131163, 35.316601 ], [ -81.132601, 35.3157 ], [ -81.134873, 35.312502 ], [ -81.133854, 35.311348 ], [ -81.130472, 35.31281 ], [ -81.129312, 35.310807 ], [ -81.125049, 35.310252 ], [ -81.123522, 35.310653 ], [ -81.120598, 35.308074 ], [ -81.121881, 35.306608 ], [ -81.127478, 35.308089 ], [ -81.129849, 35.306288 ], [ -81.13496, 35.307171 ], [ -81.139401, 35.307913 ], [ -81.140668, 35.307664 ], [ -81.142832, 35.307944 ], [ -81.146951, 35.304697 ], [ -81.14754, 35.304502 ], [ -81.147921, 35.302487 ], [ -81.149086, 35.301795 ], [ -81.1503, 35.302416 ], [ -81.153106, 35.303006 ], [ -81.154928, 35.302136 ], [ -81.156768, 35.299478 ], [ -81.159507, 35.299397 ], [ -81.162534, 35.298625 ], [ -81.164868, 35.297841 ], [ -81.165277, 35.297665 ], [ -81.168862, 35.294587 ], [ -81.1704, 35.293634 ], [ -81.171842, 35.292874 ], [ -81.173403, 35.290785 ], [ -81.177142, 35.287883 ], [ -81.178825, 35.287722 ], [ -81.180855, 35.290254 ], [ -81.181139, 35.292013 ], [ -81.181854, 35.292111 ], [ -81.184654, 35.292944 ], [ -81.185083, 35.293795 ], [ -81.18566, 35.29544 ], [ -81.187842, 35.295706 ], [ -81.188949, 35.29569 ], [ -81.189836, 35.296328 ], [ -81.190869, 35.296947 ], [ -81.192087, 35.296499 ], [ -81.193218, 35.295265 ], [ -81.197756, 35.295751 ], [ -81.201149, 35.296651 ], [ -81.202427, 35.2976 ], [ -81.203665, 35.298173 ], [ -81.209541, 35.295472 ], [ -81.211765, 35.295762 ], [ -81.214474, 35.299246 ], [ -81.217369, 35.301015 ], [ -81.220311, 35.30134 ], [ -81.221743, 35.30237 ], [ -81.229775, 35.29771 ], [ -81.236663, 35.292762 ], [ -81.236716, 35.293122 ], [ -81.235514, 35.294602 ], [ -81.234105, 35.299417 ], [ -81.232162, 35.302622 ], [ -81.230281, 35.304033 ], [ -81.230122, 35.304029 ], [ -81.227563, 35.304894 ], [ -81.228346, 35.307618 ], [ -81.229618, 35.308401 ], [ -81.229561, 35.310746 ], [ -81.230989, 35.31337 ], [ -81.232911, 35.314783 ], [ -81.232252, 35.31704 ], [ -81.230619, 35.319903 ], [ -81.229297, 35.326382 ], [ -81.22889, 35.326997 ], [ -81.229907, 35.329289 ], [ -81.230136, 35.329799 ], [ -81.231755, 35.329132 ], [ -81.231916, 35.330476 ], [ -81.235234, 35.331547 ], [ -81.23422, 35.332687 ], [ -81.235143, 35.334708 ], [ -81.240807, 35.338169 ], [ -81.238993, 35.340579 ], [ -81.241377, 35.341357 ], [ -81.24187, 35.342186 ], [ -81.244721, 35.343897 ], [ -81.244073, 35.345037 ], [ -81.245691, 35.346275 ], [ -81.245141, 35.347635 ], [ -81.243814, 35.348995 ], [ -81.24708, 35.35214 ], [ -81.248893, 35.353263 ], [ -81.240331, 35.367511 ], [ -81.253843, 35.365535 ], [ -81.251278, 35.368765 ] ] ] ] } },
{ "type": "Feature", "properties": { "zipcode": "28080" }, "geometry": { "type": "MultiPolygon", "coordinates": [ [ [ [ -81.186322, 35.454984 ], [ -81.186315, 35.455461 ], [ -81.185837, 35.457451 ], [ -81.182386, 35.462441 ], [ -81.183949, 35.465032 ], [ -81.184281, 35.469373 ], [ -81.182692, 35.470358 ], [ -81.181631, 35.471893 ], [ -81.180054, 35.470738 ], [ -81.17885, 35.471815 ], [ -81.179096, 35.472504 ], [ -81.176623, 35.471329 ], [ -81.175891, 35.472189 ], [ -81.174428, 35.474526 ], [ -81.173146, 35.474238 ], [ -81.17305, 35.473388 ], [ -81.173603, 35.471979 ], [ -81.174948, 35.470532 ], [ -81.173315, 35.469815 ], [ -81.169216, 35.470115 ], [ -81.170282, 35.47625 ], [ -81.170092, 35.478083 ], [ -81.167399, 35.47905 ], [ -81.166222, 35.477739 ], [ -81.164923, 35.47787 ], [ -81.160873, 35.479992 ], [ -81.157433, 35.479858 ], [ -81.154704, 35.481218 ], [ -81.152383, 35.480967 ], [ -81.151991, 35.481937 ], [ -81.147229, 35.4807 ], [ -81.146437, 35.481843 ], [ -81.146367, 35.48272 ], [ -81.143703, 35.485441 ], [ -81.146808, 35.48663 ], [ -81.147425, 35.487827 ], [ -81.145243, 35.490004 ], [ -81.148254, 35.489957 ], [ -81.148468, 35.490754 ], [ -81.146473, 35.49121 ], [ -81.14699, 35.49347 ], [ -81.145933, 35.495767 ], [ -81.143084, 35.495493 ], [ -81.142754, 35.497731 ], [ -81.139255, 35.498887 ], [ -81.138038, 35.497986 ], [ -81.138388, 35.495565 ], [ -81.136528, 35.49786 ], [ -81.134605, 35.498508 ], [ -81.134887, 35.497011 ], [ -81.134487, 35.492176 ], [ -81.132825, 35.491017 ], [ -81.12904, 35.492979 ], [ -81.12441, 35.492788 ], [ -81.12114, 35.492992 ], [ -81.114112, 35.493912 ], [ -81.107814, 35.49812 ], [ -81.105296, 35.498406 ], [ -81.099487, 35.502105 ], [ -81.096451, 35.503487 ], [ -81.095591, 35.502445 ], [ -81.093105, 35.504773 ], [ -81.091579, 35.505317 ], [ -81.089256, 35.505339 ], [ -81.089147, 35.502589 ], [ -81.087571, 35.500612 ], [ -81.085259, 35.504351 ], [ -81.083139, 35.506154 ], [ -81.081248, 35.50593 ], [ -81.081422, 35.491099 ], [ -81.075845, 35.492563 ], [ -81.074801, 35.489814 ], [ -81.072875, 35.488461 ], [ -81.073021, 35.485489 ], [ -81.075748, 35.486174 ], [ -81.076928, 35.487308 ], [ -81.081547, 35.486869 ], [ -81.082194, 35.464573 ], [ -81.080619, 35.464655 ], [ -81.079694, 35.462273 ], [ -81.078013, 35.463562 ], [ -81.076976, 35.462665 ], [ -81.076163, 35.463674 ], [ -81.07395, 35.463254 ], [ -81.070082, 35.461432 ], [ -81.068373, 35.463478 ], [ -81.065094, 35.459919 ], [ -81.063945, 35.46289 ], [ -81.06473, 35.464683 ], [ -81.05764, 35.465916 ], [ -81.060526, 35.470652 ], [ -81.057394, 35.473164 ], [ -81.059395, 35.474245 ], [ -81.059889, 35.475739 ], [ -81.062811, 35.477238 ], [ -81.064727, 35.479791 ], [ -81.067599, 35.480442 ], [ -81.066588, 35.481642 ], [ -81.065226, 35.484966 ], [ -81.064168, 35.485184 ], [ -81.063645, 35.487103 ], [ -81.058251, 35.488912 ], [ -81.060471, 35.493063 ], [ -81.060916, 35.495431 ], [ -81.058421, 35.498492 ], [ -81.045374, 35.490596 ], [ -81.045049, 35.489247 ], [ -81.043163, 35.487929 ], [ -81.040574, 35.48403 ], [ -81.037773, 35.483294 ], [ -81.035182, 35.480777 ], [ -81.034268, 35.475092 ], [ -81.03307, 35.47047 ], [ -81.033765, 35.465545 ], [ -81.034635, 35.462807 ], [ -81.034804, 35.458643 ], [ -81.033546, 35.454984 ], [ -81.033612, 35.454194 ], [ -81.034391, 35.452296 ], [ -81.033712, 35.447113 ], [ -81.032794, 35.44212 ], [ -81.033956, 35.440021 ], [ -81.033721, 35.439124 ], [ -81.032711, 35.437599 ], [ -81.030865, 35.437452 ], [ -81.030424, 35.436714 ], [ -81.031063, 35.434786 ], [ -81.030152, 35.434548 ], [ -81.027548, 35.431841 ], [ -81.027524, 35.431182 ], [ -81.027733, 35.430203 ], [ -81.024784, 35.429155 ], [ -81.026897, 35.426526 ], [ -81.04006, 35.422934 ], [ -81.04184, 35.425135 ], [ -81.051093, 35.427628 ], [ -81.053417, 35.429136 ], [ -81.0544, 35.428164 ], [ -81.05518, 35.425869 ], [ -81.067374, 35.434276 ], [ -81.067679, 35.43144 ], [ -81.068429, 35.427134 ], [ -81.068056, 35.425699 ], [ -81.069969, 35.423851 ], [ -81.073167, 35.425695 ], [ -81.077267, 35.426936 ], [ -81.07785, 35.424157 ], [ -81.07942, 35.423215 ], [ -81.083551, 35.424436 ], [ -81.084473, 35.423698 ], [ -81.088748, 35.424621 ], [ -81.090356, 35.422924 ], [ -81.091406, 35.422664 ], [ -81.092217, 35.421171 ], [ -81.095354, 35.420762 ], [ -81.095147, 35.421544 ], [ -81.096646, 35.421741 ], [ -81.098854, 35.420275 ], [ -81.101034, 35.417872 ], [ -81.103302, 35.418783 ], [ -81.1051, 35.418321 ], [ -81.106808, 35.416384 ], [ -81.106397, 35.415088 ], [ -81.107623, 35.414082 ], [ -81.104799, 35.41287 ], [ -81.102007, 35.410184 ], [ -81.102413, 35.409884 ], [ -81.10403, 35.406976 ], [ -81.111389, 35.407235 ], [ -81.111537, 35.407241 ], [ -81.112507, 35.40488 ], [ -81.114998, 35.403728 ], [ -81.118577, 35.399766 ], [ -81.122804, 35.407639 ], [ -81.12966, 35.407881 ], [ -81.162383, 35.40903 ], [ -81.177945, 35.409573 ], [ -81.175523, 35.410093 ], [ -81.174278, 35.413567 ], [ -81.172181, 35.415626 ], [ -81.174184, 35.417019 ], [ -81.176819, 35.421176 ], [ -81.180292, 35.428499 ], [ -81.181497, 35.42984 ], [ -81.179041, 35.429194 ], [ -81.175363, 35.429233 ], [ -81.173728, 35.430172 ], [ -81.173652, 35.431808 ], [ -81.172157, 35.43268 ], [ -81.169042, 35.436625 ], [ -81.168248, 35.439816 ], [ -81.1682, 35.444181 ], [ -81.172599, 35.44669 ], [ -81.174014, 35.442055 ], [ -81.176693, 35.439277 ], [ -81.17764, 35.43912 ], [ -81.177855, 35.440003 ], [ -81.180325, 35.442012 ], [ -81.183901, 35.443219 ], [ -81.185764, 35.447788 ], [ -81.1869, 35.449166 ], [ -81.186322, 35.454984 ] ] ] ] } },
{ "type": "Feature", "properties": { "zipcode": "28054" }, "geometry": { "type": "MultiPolygon", "coordinates": [ [ [ [ -81.19461, 35.232788 ], [ -81.194003, 35.233695 ], [ -81.193932, 35.233777 ], [ -81.19351, 35.234968 ], [ -81.193547, 35.236255 ], [ -81.192847, 35.236136 ], [ -81.192021, 35.239509 ], [ -81.188533, 35.244384 ], [ -81.185892, 35.246887 ], [ -81.184133, 35.248653 ], [ -81.18234, 35.251773 ], [ -81.182234, 35.25174 ], [ -81.181731, 35.252766 ], [ -81.181309, 35.252733 ], [ -81.181062, 35.252868 ], [ -81.181534, 35.253231 ], [ -81.181816, 35.253974 ], [ -81.181176, 35.253895 ], [ -81.180496, 35.255103 ], [ -81.178958, 35.257614 ], [ -81.178643, 35.2607 ], [ -81.178574, 35.260701 ], [ -81.177823, 35.264874 ], [ -81.177191, 35.268818 ], [ -81.177551, 35.271714 ], [ -81.178545, 35.272295 ], [ -81.179666, 35.274681 ], [ -81.181974, 35.274058 ], [ -81.183209, 35.276014 ], [ -81.187003, 35.280081 ], [ -81.187229, 35.280745 ], [ -81.187447, 35.283408 ], [ -81.183944, 35.282297 ], [ -81.184677, 35.284617 ], [ -81.18665, 35.285199 ], [ -81.18597, 35.286322 ], [ -81.184668, 35.287143 ], [ -81.184471, 35.288461 ], [ -81.183608, 35.290568 ], [ -81.182687, 35.291621 ], [ -81.181962, 35.291895 ], [ -81.181854, 35.292111 ], [ -81.181139, 35.292013 ], [ -81.180855, 35.290254 ], [ -81.178825, 35.287722 ], [ -81.177142, 35.287883 ], [ -81.173403, 35.290785 ], [ -81.171842, 35.292874 ], [ -81.1704, 35.293634 ], [ -81.168862, 35.294587 ], [ -81.165277, 35.297665 ], [ -81.164868, 35.297841 ], [ -81.162534, 35.298625 ], [ -81.159507, 35.299397 ], [ -81.156768, 35.299478 ], [ -81.154928, 35.302136 ], [ -81.153106, 35.303006 ], [ -81.1503, 35.302416 ], [ -81.149086, 35.301795 ], [ -81.147921, 35.302487 ], [ -81.14754, 35.304502 ], [ -81.146951, 35.304697 ], [ -81.142832, 35.307944 ], [ -81.140668, 35.307664 ], [ -81.139401, 35.307913 ], [ -81.13496, 35.307171 ], [ -81.132416, 35.304136 ], [ -81.132739, 35.30372 ], [ -81.136014, 35.302042 ], [ -81.139256, 35.302711 ], [ -81.139723, 35.301886 ], [ -81.139402, 35.301846 ], [ -81.1396, 35.300585 ], [ -81.134175, 35.300311 ], [ -81.132426, 35.300244 ], [ -81.132644, 35.294937 ], [ -81.120347, 35.295212 ], [ -81.120391, 35.294697 ], [ -81.118507, 35.294089 ], [ -81.105873, 35.289852 ], [ -81.109471, 35.286949 ], [ -81.106671, 35.285597 ], [ -81.105512, 35.284944 ], [ -81.104874, 35.283961 ], [ -81.106282, 35.282704 ], [ -81.111751, 35.284111 ], [ -81.113819, 35.282844 ], [ -81.114098, 35.280567 ], [ -81.116008, 35.280902 ], [ -81.11525, 35.279045 ], [ -81.116022, 35.277611 ], [ -81.115627, 35.276697 ], [ -81.116023, 35.275996 ], [ -81.109801, 35.274325 ], [ -81.111198, 35.272644 ], [ -81.109056, 35.270423 ], [ -81.114606, 35.273491 ], [ -81.114493, 35.273079 ], [ -81.114404, 35.272588 ], [ -81.115064, 35.269953 ], [ -81.115143, 35.268809 ], [ -81.118858, 35.265307 ], [ -81.11935, 35.264843 ], [ -81.114875, 35.261763 ], [ -81.127206, 35.263755 ], [ -81.133668, 35.264786 ], [ -81.133392, 35.260808 ], [ -81.129085, 35.259818 ], [ -81.128671, 35.259416 ], [ -81.124822, 35.257939 ], [ -81.120667, 35.256217 ], [ -81.117801, 35.25729 ], [ -81.114934, 35.256549 ], [ -81.111032, 35.254143 ], [ -81.112354, 35.252655 ], [ -81.112176, 35.252042 ], [ -81.10865, 35.252661 ], [ -81.10974, 35.251991 ], [ -81.11077, 35.251203 ], [ -81.113533, 35.247407 ], [ -81.114441, 35.24807 ], [ -81.11581, 35.2468 ], [ -81.116259, 35.246525 ], [ -81.117315, 35.246187 ], [ -81.116921, 35.245271 ], [ -81.121057, 35.244026 ], [ -81.121475, 35.2451 ], [ -81.123558, 35.244296 ], [ -81.123002, 35.243254 ], [ -81.123738, 35.242182 ], [ -81.124956, 35.23935 ], [ -81.125671, 35.23325 ], [ -81.125818, 35.231652 ], [ -81.126996, 35.229774 ], [ -81.126883, 35.227683 ], [ -81.12995, 35.225072 ], [ -81.130422, 35.22601 ], [ -81.130009, 35.22753 ], [ -81.130374, 35.229274 ], [ -81.131926, 35.227898 ], [ -81.133479, 35.228538 ], [ -81.133334, 35.230211 ], [ -81.135029, 35.230337 ], [ -81.134926, 35.22898 ], [ -81.134357, 35.22695 ], [ -81.13409, 35.226089 ], [ -81.134156, 35.224169 ], [ -81.135445, 35.224951 ], [ -81.136389, 35.226472 ], [ -81.142522, 35.222329 ], [ -81.143181, 35.222139 ], [ -81.15316, 35.222416 ], [ -81.154924, 35.221909 ], [ -81.156042, 35.221073 ], [ -81.158846, 35.217299 ], [ -81.159852, 35.216196 ], [ -81.160475, 35.215914 ], [ -81.165242, 35.215312 ], [ -81.167441, 35.215941 ], [ -81.169871, 35.218122 ], [ -81.176562, 35.22121 ], [ -81.177503, 35.222229 ], [ -81.17971, 35.224618 ], [ -81.180257, 35.224892 ], [ -81.181118, 35.225261 ], [ -81.181519, 35.225449 ], [ -81.183893, 35.22671 ], [ -81.18171, 35.226317 ], [ -81.180038, 35.227928 ], [ -81.180838, 35.231018 ], [ -81.184528, 35.230074 ], [ -81.183471, 35.231529 ], [ -81.186255, 35.231595 ], [ -81.189525, 35.231937 ], [ -81.190432, 35.232249 ], [ -81.190534, 35.232167 ], [ -81.191107, 35.232102 ], [ -81.192135, 35.231237 ], [ -81.194191, 35.233081 ], [ -81.194498, 35.232576 ], [ -81.19461, 35.232788 ] ] ] ] } },
{ "type": "Feature", "properties": { "zipcode": "28101" }, "geometry": { "type": "MultiPolygon", "coordinates": [ [ [ [ -81.085223, 35.257478 ], [ -81.081962, 35.261522 ], [ -81.079361, 35.259263 ], [ -81.076167, 35.25877 ], [ -81.073927, 35.260234 ], [ -81.076452, 35.261893 ], [ -81.077594, 35.264211 ], [ -81.069714, 35.264123 ], [ -81.068731, 35.264115 ], [ -81.069106, 35.263714 ], [ -81.067845, 35.262314 ], [ -81.066948, 35.260546 ], [ -81.073761, 35.260537 ], [ -81.071925, 35.258404 ], [ -81.070398, 35.254501 ], [ -81.069786, 35.253184 ], [ -81.070029, 35.253001 ], [ -81.070135, 35.252938 ], [ -81.072934, 35.24947 ], [ -81.073096, 35.249004 ], [ -81.077821, 35.250128 ], [ -81.078559, 35.250461 ], [ -81.079538, 35.251108 ], [ -81.077444, 35.253721 ], [ -81.078828, 35.254804 ], [ -81.079069, 35.257123 ], [ -81.082056, 35.254012 ], [ -81.08355, 35.254598 ], [ -81.083248, 35.255516 ], [ -81.085223, 35.257478 ] ] ] ] } },
{ "type": "Feature", "properties": { "zipcode": "28278" }, "geometry": { "type": "MultiPolygon", "coordinates": [ [ [ [ -81.058029, 35.07319 ], [ -81.057681738575496, 35.078856097819802 ], [ -81.057236, 35.086129 ], [ -81.056712681901004, 35.087158489870298 ], [ -81.052078, 35.096276 ], [ -81.050079, 35.098817 ], [ -81.046524, 35.100617 ], [ -81.040184404379403, 35.101949319166998 ], [ -81.040170245980505, 35.101952294673197 ], [ -81.037369, 35.102541 ], [ -81.034958, 35.104105 ], [ -81.032806, 35.108049 ], [ -81.032471, 35.110033 ], [ -81.033005, 35.113747 ], [ -81.036759, 35.122552 ], [ -81.038968, 35.126299 ], [ -81.05042, 35.131048 ], [ -81.051037, 35.131654 ], [ -81.051204, 35.133237 ], [ -81.047826, 35.143743 ], [ -81.047091, 35.145157 ], [ -81.044391, 35.147918 ], [ -81.043407, 35.14839 ], [ -81.04287, 35.149248 ], [ -81.033195, 35.148685 ], [ -81.031371, 35.148443 ], [ -81.024721, 35.148877 ], [ -81.021558, 35.150378 ], [ -81.017112, 35.154318 ], [ -81.016227, 35.154338 ], [ -81.011598, 35.152738 ], [ -81.00951, 35.153126 ], [ -81.007467, 35.154506 ], [ -81.005806, 35.157023 ], [ -81.005836, 35.160877 ], [ -81.007188, 35.164653 ], [ -81.007306, 35.165175 ], [ -81.003915, 35.170407 ], [ -81.003185, 35.173182 ], [ -81.002387, 35.180817 ], [ -81.002967, 35.184764 ], [ -81.0039, 35.187033 ], [ -81.00614, 35.195082 ], [ -81.006273, 35.198349 ], [ -81.005268, 35.207686 ], [ -81.006295, 35.210285 ], [ -81.004194, 35.211432 ], [ -81.004075, 35.211371 ], [ -81.003079, 35.207293 ], [ -81.00236, 35.208785 ], [ -81.000683, 35.209018 ], [ -80.997859, 35.208347 ], [ -80.995115, 35.206657 ], [ -80.991659, 35.20628 ], [ -80.992657, 35.207245 ], [ -80.996624, 35.209129 ], [ -80.999728, 35.209961 ], [ -80.999155, 35.21208 ], [ -80.999648, 35.213875 ], [ -80.9981, 35.215566 ], [ -80.995267, 35.2171 ], [ -80.995243, 35.219336 ], [ -80.993457, 35.220712 ], [ -80.989666, 35.218497 ], [ -80.98786, 35.21551 ], [ -80.984168, 35.21712 ], [ -80.982353, 35.219995 ], [ -80.980774, 35.218089 ], [ -80.980653, 35.215774 ], [ -80.981259, 35.21281 ], [ -80.978862, 35.212824 ], [ -80.975888, 35.211243 ], [ -80.972956, 35.20869 ], [ -80.969863, 35.207056 ], [ -80.96845, 35.206869 ], [ -80.968739, 35.212023 ], [ -80.968473, 35.212028 ], [ -80.968725, 35.215497 ], [ -80.969003, 35.215509 ], [ -80.969181, 35.21704 ], [ -80.969693, 35.219317 ], [ -80.969429, 35.219386 ], [ -80.969387, 35.222379 ], [ -80.970493, 35.222213 ], [ -80.970755, 35.223404 ], [ -80.969734, 35.223584 ], [ -80.969855, 35.226695 ], [ -80.96938, 35.228706 ], [ -80.966884, 35.22919 ], [ -80.963461, 35.228815 ], [ -80.960242, 35.23146 ], [ -80.955104, 35.232017 ], [ -80.956518, 35.231121 ], [ -80.957141, 35.229774 ], [ -80.956173, 35.226739 ], [ -80.956469, 35.225591 ], [ -80.957457, 35.224939 ], [ -80.961266, 35.223806 ], [ -80.958811, 35.216674 ], [ -80.958234, 35.212098 ], [ -80.958617, 35.210135 ], [ -80.961573, 35.206871 ], [ -80.961824, 35.203334 ], [ -80.962422, 35.200997 ], [ -80.96211, 35.199944 ], [ -80.959344, 35.194377 ], [ -80.958067, 35.190368 ], [ -80.962215, 35.190852 ], [ -80.963954, 35.188047 ], [ -80.964314, 35.187814 ], [ -80.959931, 35.187878 ], [ -80.960278, 35.190204 ], [ -80.957978, 35.189967 ], [ -80.95781, 35.189955 ], [ -80.957967, 35.189614 ], [ -80.95921, 35.186345 ], [ -80.95662, 35.182981 ], [ -80.956613, 35.180937 ], [ -80.956968, 35.179207 ], [ -80.959213, 35.173124 ], [ -80.960868, 35.171999 ], [ -80.961532, 35.171361 ], [ -80.963908, 35.172786 ], [ -80.969284, 35.171997 ], [ -80.968042, 35.16932 ], [ -80.96563, 35.166761 ], [ -80.966979, 35.165399 ], [ -80.968341, 35.16402 ], [ -80.96924, 35.164378 ], [ -80.969696, 35.165385 ], [ -80.970916, 35.163144 ], [ -80.969841, 35.16247 ], [ -80.970293, 35.161885 ], [ -80.970677, 35.159418 ], [ -80.97052, 35.15809 ], [ -80.977015, 35.157275 ], [ -80.97968, 35.155661 ], [ -80.984884, 35.15387 ], [ -80.986058, 35.152439 ], [ -80.989084, 35.151931 ], [ -80.990069, 35.150707 ], [ -80.989213, 35.14972 ], [ -80.98915, 35.148061 ], [ -80.982171, 35.139051 ], [ -80.98102, 35.137939 ], [ -80.977827, 35.136417 ], [ -80.981796, 35.121423 ], [ -80.983352, 35.119169 ], [ -80.984666, 35.118039 ], [ -80.986476, 35.116604 ], [ -80.986853, 35.116134 ], [ -80.987005, 35.115676 ], [ -80.987437, 35.111795 ], [ -80.987779, 35.109906 ], [ -80.989052, 35.104556 ], [ -80.988646, 35.102809 ], [ -80.988594, 35.102688 ], [ -80.992735, 35.100676 ], [ -80.991641, 35.09962 ], [ -80.990889, 35.099523 ], [ -80.990899, 35.098391 ], [ -80.991998, 35.09675 ], [ -80.991822, 35.09341 ], [ -80.992635, 35.087905 ], [ -80.992355, 35.086437 ], [ -80.990776, 35.081669 ], [ -80.990101, 35.079621 ], [ -80.989013, 35.075875 ], [ -80.989035753456406, 35.074772876461402 ], [ -80.989172083118703, 35.074694722746003 ], [ -81.013072749191593, 35.060993186167799 ], [ -81.016242825699507, 35.059175876177498 ], [ -81.018960084042604, 35.057618153289503 ], [ -81.037816604171795, 35.046808274623501 ], [ -81.041489, 35.044703 ], [ -81.041496788973006, 35.0447126282263 ], [ -81.050018, 35.055246 ], [ -81.055695, 35.060121 ], [ -81.057420222818195, 35.0621633528703 ], [ -81.057648, 35.062433 ], [ -81.057718030486697, 35.064410212455599 ], [ -81.057811732149602, 35.067055747332098 ], [ -81.058029, 35.07319 ] ] ] ] } },
{ "type": "Feature", "properties": { "zipcode": "28214" }, "geometry": { "type": "MultiPolygon", "coordinates": [ [ [ [ -81.014896, 35.26979 ], [ -81.013002, 35.274657 ], [ -81.01103, 35.278244 ], [ -81.009332, 35.280367 ], [ -81.007941, 35.284164 ], [ -81.007059, 35.289573 ], [ -81.004204, 35.296714 ], [ -81.00407, 35.297291 ], [ -81.003854, 35.297929 ], [ -81.001828, 35.301235 ], [ -81.000873, 35.305379 ], [ -80.995387, 35.309472 ], [ -80.993365, 35.313244 ], [ -80.992147, 35.316354 ], [ -80.989183, 35.320706 ], [ -80.985748, 35.322923 ], [ -80.983622, 35.324811 ], [ -80.982655, 35.325824 ], [ -80.981687, 35.327216 ], [ -80.980804, 35.32979 ], [ -80.981805, 35.333168 ], [ -80.982994, 35.335078 ], [ -80.984667, 35.33634 ], [ -80.985302, 35.337217 ], [ -80.984894, 35.340059 ], [ -80.983481, 35.341602 ], [ -80.981471, 35.342653 ], [ -80.976254, 35.344114 ], [ -80.974434, 35.34539 ], [ -80.97267, 35.350257 ], [ -80.971864, 35.350843 ], [ -80.969368, 35.351446 ], [ -80.967088, 35.350794 ], [ -80.963912, 35.347706 ], [ -80.96241, 35.347035 ], [ -80.962087, 35.345146 ], [ -80.959059, 35.345241 ], [ -80.96013, 35.346159 ], [ -80.957089, 35.346835 ], [ -80.956863, 35.344139 ], [ -80.958312, 35.342422 ], [ -80.956675, 35.343248 ], [ -80.956547, 35.340547 ], [ -80.955539, 35.342233 ], [ -80.955741, 35.345069 ], [ -80.954418, 35.344037 ], [ -80.952354, 35.335652 ], [ -80.951324, 35.335282 ], [ -80.950704, 35.331117 ], [ -80.948048, 35.328985 ], [ -80.954471, 35.323598 ], [ -80.95251, 35.320802 ], [ -80.949998, 35.318682 ], [ -80.945624, 35.317083 ], [ -80.942742, 35.320367 ], [ -80.940875, 35.321899 ], [ -80.938346, 35.319857 ], [ -80.936803, 35.318579 ], [ -80.937883, 35.316825 ], [ -80.943436, 35.31494 ], [ -80.939562, 35.309912 ], [ -80.938819, 35.309556 ], [ -80.936627, 35.309015 ], [ -80.935813, 35.308653 ], [ -80.936576, 35.307368 ], [ -80.935971, 35.306002 ], [ -80.936258, 35.305602 ], [ -80.937996, 35.30547 ], [ -80.937351, 35.303646 ], [ -80.936624, 35.302722 ], [ -80.934842, 35.301658 ], [ -80.925309, 35.299517 ], [ -80.924747, 35.298225 ], [ -80.921695, 35.29634 ], [ -80.923526, 35.294116 ], [ -80.92302, 35.290193 ], [ -80.918429, 35.293037 ], [ -80.915152, 35.289276 ], [ -80.915013, 35.288506 ], [ -80.920175, 35.28659 ], [ -80.921524, 35.285639 ], [ -80.920074, 35.284734 ], [ -80.919564, 35.282306 ], [ -80.914251, 35.282221 ], [ -80.914885, 35.278781 ], [ -80.914819, 35.277704 ], [ -80.913264, 35.27785 ], [ -80.911336, 35.275255 ], [ -80.910959, 35.273858 ], [ -80.913566, 35.274045 ], [ -80.913631, 35.272904 ], [ -80.917826, 35.270722 ], [ -80.919616, 35.269063 ], [ -80.919744, 35.266504 ], [ -80.92124, 35.263445 ], [ -80.924232, 35.260819 ], [ -80.926081, 35.259621 ], [ -80.926485, 35.259197 ], [ -80.927183, 35.255597 ], [ -80.927491, 35.254229 ], [ -80.926521, 35.253961 ], [ -80.925502, 35.253271 ], [ -80.924515, 35.253023 ], [ -80.925138, 35.252094 ], [ -80.927472, 35.251912 ], [ -80.927033, 35.249514 ], [ -80.927088, 35.244589 ], [ -80.932035, 35.244362 ], [ -80.931078, 35.241794 ], [ -80.924222, 35.240209 ], [ -80.919738, 35.238559 ], [ -80.919792, 35.238365 ], [ -80.919941, 35.238415 ], [ -80.920448, 35.236862 ], [ -80.9225, 35.238847 ], [ -80.93176, 35.241325 ], [ -80.936792, 35.24102 ], [ -80.938732, 35.237107 ], [ -80.940413, 35.237295 ], [ -80.941596, 35.23718 ], [ -80.943735, 35.23462 ], [ -80.944488, 35.2327 ], [ -80.942706, 35.234049 ], [ -80.941113, 35.234041 ], [ -80.939631, 35.233181 ], [ -80.940028, 35.231674 ], [ -80.942699, 35.227742 ], [ -80.94415, 35.226121 ], [ -80.946753, 35.225976 ], [ -80.946504, 35.223106 ], [ -80.949703, 35.222949 ], [ -80.950203, 35.221493 ], [ -80.949433, 35.212609 ], [ -80.945702, 35.209747 ], [ -80.948632, 35.207462 ], [ -80.948209, 35.205241 ], [ -80.946819, 35.203789 ], [ -80.948372, 35.19966 ], [ -80.948182, 35.197204 ], [ -80.948565, 35.196607 ], [ -80.951738, 35.19707 ], [ -80.952123, 35.198101 ], [ -80.957674, 35.199649 ], [ -80.956699, 35.197523 ], [ -80.956335, 35.193197 ], [ -80.957565, 35.190329 ], [ -80.958067, 35.190368 ], [ -80.959344, 35.194377 ], [ -80.96211, 35.199944 ], [ -80.962422, 35.200997 ], [ -80.961824, 35.203334 ], [ -80.961573, 35.206871 ], [ -80.958617, 35.210135 ], [ -80.958234, 35.212098 ], [ -80.958811, 35.216674 ], [ -80.961266, 35.223806 ], [ -80.957457, 35.224939 ], [ -80.956469, 35.225591 ], [ -80.956173, 35.226739 ], [ -80.957141, 35.229774 ], [ -80.956518, 35.231121 ], [ -80.955104, 35.232017 ], [ -80.960242, 35.23146 ], [ -80.963461, 35.228815 ], [ -80.966884, 35.22919 ], [ -80.96938, 35.228706 ], [ -80.969855, 35.226695 ], [ -80.969734, 35.223584 ], [ -80.970755, 35.223404 ], [ -80.970493, 35.222213 ], [ -80.969387, 35.222379 ], [ -80.969429, 35.219386 ], [ -80.969693, 35.219317 ], [ -80.969181, 35.21704 ], [ -80.969003, 35.215509 ], [ -80.968725, 35.215497 ], [ -80.968473, 35.212028 ], [ -80.968739, 35.212023 ], [ -80.96845, 35.206869 ], [ -80.969863, 35.207056 ], [ -80.972956, 35.20869 ], [ -80.975888, 35.211243 ], [ -80.978862, 35.212824 ], [ -80.981259, 35.21281 ], [ -80.980653, 35.215774 ], [ -80.980774, 35.218089 ], [ -80.982353, 35.219995 ], [ -80.984168, 35.21712 ], [ -80.98786, 35.21551 ], [ -80.989666, 35.218497 ], [ -80.993457, 35.220712 ], [ -80.995243, 35.219336 ], [ -80.995267, 35.2171 ], [ -80.9981, 35.215566 ], [ -80.999648, 35.213875 ], [ -80.999155, 35.21208 ], [ -80.999728, 35.209961 ], [ -80.996624, 35.209129 ], [ -80.992657, 35.207245 ], [ -80.991659, 35.20628 ], [ -80.995115, 35.206657 ], [ -80.997859, 35.208347 ], [ -81.000683, 35.209018 ], [ -81.00236, 35.208785 ], [ -81.003079, 35.207293 ], [ -81.004075, 35.211371 ], [ -81.004194, 35.211432 ], [ -81.006295, 35.210285 ], [ -81.007275, 35.211732 ], [ -81.010099, 35.214554 ], [ -81.014127, 35.22196 ], [ -81.014266, 35.22434 ], [ -81.013943, 35.225777 ], [ -81.012459, 35.231474 ], [ -81.010918, 35.235562 ], [ -81.010207, 35.243198 ], [ -81.009142, 35.245772 ], [ -81.008268, 35.248056 ], [ -81.008301, 35.248748 ], [ -81.008868, 35.250706 ], [ -81.011206, 35.2523 ], [ -81.013825, 35.257685 ], [ -81.014111, 35.258513 ], [ -81.01505, 35.268655 ], [ -81.014896, 35.26979 ] ] ] ] } },
{ "type": "Feature", "properties": { "zipcode": "28216" }, "geometry": { "type": "MultiPolygon", "coordinates": [ [ [ [ -80.96241, 35.347035 ], [ -80.958355, 35.349526 ], [ -80.956403, 35.350258 ], [ -80.952042, 35.350971 ], [ -80.943632, 35.350582 ], [ -80.942509, 35.350899 ], [ -80.939086, 35.353673 ], [ -80.938398, 35.351293 ], [ -80.935079, 35.349392 ], [ -80.930901, 35.34833 ], [ -80.925114, 35.34847 ], [ -80.920884, 35.345245 ], [ -80.916215, 35.343652 ], [ -80.914948, 35.343953 ], [ -80.913215, 35.346141 ], [ -80.909982, 35.348412 ], [ -80.90932, 35.349754 ], [ -80.906548, 35.34852 ], [ -80.902357, 35.347629 ], [ -80.900953, 35.350817 ], [ -80.897542, 35.349055 ], [ -80.897517, 35.347722 ], [ -80.887689, 35.347562 ], [ -80.885437, 35.346558 ], [ -80.882812, 35.347631 ], [ -80.880155, 35.349558 ], [ -80.878729, 35.350696 ], [ -80.875976, 35.352876 ], [ -80.875435, 35.352478 ], [ -80.868126, 35.354843 ], [ -80.869568, 35.357262 ], [ -80.863974, 35.361526 ], [ -80.858904, 35.365569 ], [ -80.855903, 35.366819 ], [ -80.855844, 35.366669 ], [ -80.854236, 35.364958 ], [ -80.853448, 35.361753 ], [ -80.853292, 35.361826 ], [ -80.850807, 35.362673 ], [ -80.842568, 35.363808 ], [ -80.842943, 35.361137 ], [ -80.845975, 35.353902 ], [ -80.847776, 35.348766 ], [ -80.847884, 35.348395 ], [ -80.848614, 35.344999 ], [ -80.848984, 35.341144 ], [ -80.848754, 35.333844 ], [ -80.847657, 35.31518 ], [ -80.847655, 35.312815 ], [ -80.848476, 35.307324 ], [ -80.851298, 35.294863 ], [ -80.851459, 35.29302 ], [ -80.851198, 35.29015 ], [ -80.85015, 35.286984 ], [ -80.84894, 35.284259 ], [ -80.845506, 35.27655 ], [ -80.846654, 35.273292 ], [ -80.846742, 35.272566 ], [ -80.846528, 35.270573 ], [ -80.84539, 35.268461 ], [ -80.841248, 35.262631 ], [ -80.840653, 35.261028 ], [ -80.840634, 35.259792 ], [ -80.841627, 35.257178 ], [ -80.841765, 35.256863 ], [ -80.843749, 35.252437 ], [ -80.845704, 35.248074 ], [ -80.846331, 35.246448 ], [ -80.847069, 35.243277 ], [ -80.850497, 35.241046 ], [ -80.854419, 35.237481 ], [ -80.855789, 35.235923 ], [ -80.858073, 35.236536 ], [ -80.858708, 35.23709 ], [ -80.858468, 35.240553 ], [ -80.858713, 35.241733 ], [ -80.85989, 35.243569 ], [ -80.866251, 35.250476 ], [ -80.865796, 35.250876 ], [ -80.865253, 35.252729 ], [ -80.871283, 35.254804 ], [ -80.871629, 35.25463 ], [ -80.873173, 35.254904 ], [ -80.873782, 35.255175 ], [ -80.873905, 35.255274 ], [ -80.878539, 35.258939 ], [ -80.878986, 35.259619 ], [ -80.880103, 35.260751 ], [ -80.887394, 35.26914 ], [ -80.896064, 35.275867 ], [ -80.895915, 35.276023 ], [ -80.896875, 35.276785 ], [ -80.900601, 35.279961 ], [ -80.903935, 35.281824 ], [ -80.905516, 35.282086 ], [ -80.914251, 35.282221 ], [ -80.919564, 35.282306 ], [ -80.920074, 35.284734 ], [ -80.921524, 35.285639 ], [ -80.920175, 35.28659 ], [ -80.915013, 35.288506 ], [ -80.915152, 35.289276 ], [ -80.918429, 35.293037 ], [ -80.92302, 35.290193 ], [ -80.923526, 35.294116 ], [ -80.921695, 35.29634 ], [ -80.924747, 35.298225 ], [ -80.925309, 35.299517 ], [ -80.934842, 35.301658 ], [ -80.936624, 35.302722 ], [ -80.937351, 35.303646 ], [ -80.937996, 35.30547 ], [ -80.936258, 35.305602 ], [ -80.935971, 35.306002 ], [ -80.936576, 35.307368 ], [ -80.935813, 35.308653 ], [ -80.936627, 35.309015 ], [ -80.938819, 35.309556 ], [ -80.939562, 35.309912 ], [ -80.943436, 35.31494 ], [ -80.937883, 35.316825 ], [ -80.936803, 35.318579 ], [ -80.938346, 35.319857 ], [ -80.940875, 35.321899 ], [ -80.942742, 35.320367 ], [ -80.945624, 35.317083 ], [ -80.949998, 35.318682 ], [ -80.95251, 35.320802 ], [ -80.954471, 35.323598 ], [ -80.948048, 35.328985 ], [ -80.950704, 35.331117 ], [ -80.951324, 35.335282 ], [ -80.952354, 35.335652 ], [ -80.954418, 35.344037 ], [ -80.955741, 35.345069 ], [ -80.955539, 35.342233 ], [ -80.956547, 35.340547 ], [ -80.956675, 35.343248 ], [ -80.958312, 35.342422 ], [ -80.956863, 35.344139 ], [ -80.957089, 35.346835 ], [ -80.96013, 35.346159 ], [ -80.959059, 35.345241 ], [ -80.962087, 35.345146 ], [ -80.96241, 35.347035 ] ] ] ] } },
{ "type": "Feature", "properties": { "zipcode": "28012" }, "geometry": { "type": "MultiPolygon", "coordinates": [ [ [ [ -81.082109, 35.214023 ], [ -81.076912, 35.215341 ], [ -81.076538, 35.217588 ], [ -81.072936, 35.214316 ], [ -81.071233, 35.215899 ], [ -81.071965, 35.218851 ], [ -81.068175, 35.217965 ], [ -81.070365, 35.214747 ], [ -81.066909, 35.213913 ], [ -81.064306, 35.217781 ], [ -81.064116, 35.220067 ], [ -81.065968, 35.2205 ], [ -81.071381, 35.223518 ], [ -81.073384, 35.22702 ], [ -81.072302, 35.229788 ], [ -81.070524, 35.230756 ], [ -81.065518, 35.23095 ], [ -81.064958, 35.231393 ], [ -81.06454, 35.233996 ], [ -81.065513, 35.235638 ], [ -81.065728, 35.23578 ], [ -81.070782, 35.235729 ], [ -81.073123, 35.241352 ], [ -81.073794, 35.246966 ], [ -81.073096, 35.249004 ], [ -81.072934, 35.24947 ], [ -81.070135, 35.252938 ], [ -81.070029, 35.253001 ], [ -81.069786, 35.253184 ], [ -81.070398, 35.254501 ], [ -81.071925, 35.258404 ], [ -81.073761, 35.260537 ], [ -81.066948, 35.260546 ], [ -81.067845, 35.262314 ], [ -81.069106, 35.263714 ], [ -81.068731, 35.264115 ], [ -81.068589, 35.26427 ], [ -81.066487, 35.264242 ], [ -81.065023, 35.265284 ], [ -81.065038, 35.26629 ], [ -81.063441, 35.266685 ], [ -81.061412, 35.267208 ], [ -81.060037, 35.268151 ], [ -81.055577, 35.274546 ], [ -81.055843, 35.27473 ], [ -81.059698, 35.269335 ], [ -81.0609, 35.271743 ], [ -81.061339, 35.27334 ], [ -81.061742, 35.273799 ], [ -81.060944, 35.274172 ], [ -81.059393, 35.277757 ], [ -81.058924, 35.27881 ], [ -81.057997, 35.278575 ], [ -81.056194, 35.283079 ], [ -81.055059, 35.284864 ], [ -81.047403, 35.28476 ], [ -81.044775, 35.281901 ], [ -81.041369, 35.279323 ], [ -81.041193, 35.279463 ], [ -81.039612, 35.278996 ], [ -81.038976, 35.278833 ], [ -81.035906, 35.282218 ], [ -81.0312, 35.280468 ], [ -81.032125, 35.277596 ], [ -81.031935, 35.27483 ], [ -81.029843, 35.273613 ], [ -81.027758, 35.275511 ], [ -81.02584, 35.275899 ], [ -81.025805, 35.274854 ], [ -81.026179, 35.273283 ], [ -81.02231, 35.272667 ], [ -81.021438, 35.269523 ], [ -81.017574, 35.267544 ], [ -81.015557, 35.265839 ], [ -81.015925, 35.262509 ], [ -81.014956, 35.257624 ], [ -81.013825, 35.257685 ], [ -81.011206, 35.2523 ], [ -81.008868, 35.250706 ], [ -81.008301, 35.248748 ], [ -81.008268, 35.248056 ], [ -81.009142, 35.245772 ], [ -81.010207, 35.243198 ], [ -81.010918, 35.235562 ], [ -81.012459, 35.231474 ], [ -81.013943, 35.225777 ], [ -81.014266, 35.22434 ], [ -81.014127, 35.22196 ], [ -81.010099, 35.214554 ], [ -81.007275, 35.211732 ], [ -81.006295, 35.210285 ], [ -81.005268, 35.207686 ], [ -81.006273, 35.198349 ], [ -81.00614, 35.195082 ], [ -81.0039, 35.187033 ], [ -81.002967, 35.184764 ], [ -81.002387, 35.180817 ], [ -81.003185, 35.173182 ], [ -81.003915, 35.170407 ], [ -81.007306, 35.165175 ], [ -81.007188, 35.164653 ], [ -81.005836, 35.160877 ], [ -81.005806, 35.157023 ], [ -81.007467, 35.154506 ], [ -81.00951, 35.153126 ], [ -81.011598, 35.152738 ], [ -81.016227, 35.154338 ], [ -81.017112, 35.154318 ], [ -81.021558, 35.150378 ], [ -81.024721, 35.148877 ], [ -81.031371, 35.148443 ], [ -81.033195, 35.148685 ], [ -81.04287, 35.149248 ], [ -81.043625, 35.149877 ], [ -81.046345615509594, 35.150052560118198 ], [ -81.056207991632405, 35.1506889748972 ], [ -81.056761720449302, 35.150724706773403 ], [ -81.0575723511473, 35.150777016414601 ], [ -81.058693875469601, 35.1508493878842 ], [ -81.069640478647003, 35.151555767356498 ], [ -81.072585, 35.155276 ], [ -81.079753, 35.153338 ], [ -81.078555, 35.156855 ], [ -81.078857, 35.158021 ], [ -81.080793, 35.157669 ], [ -81.071766, 35.171254 ], [ -81.071222, 35.169791 ], [ -81.069772, 35.169264 ], [ -81.06888, 35.170936 ], [ -81.071278, 35.171898 ], [ -81.070916, 35.174853 ], [ -81.070135, 35.175013 ], [ -81.07114, 35.178792 ], [ -81.072535, 35.180808 ], [ -81.071698, 35.18351 ], [ -81.075507, 35.186307 ], [ -81.074468, 35.189356 ], [ -81.074771, 35.191675 ], [ -81.072432, 35.193761 ], [ -81.071877, 35.193417 ], [ -81.071825, 35.194075 ], [ -81.075429, 35.197344 ], [ -81.074234, 35.198567 ], [ -81.075093, 35.200165 ], [ -81.072695, 35.203039 ], [ -81.0732, 35.204011 ], [ -81.073491, 35.204588 ], [ -81.074704, 35.203329 ], [ -81.076017, 35.205911 ], [ -81.074681, 35.20684 ], [ -81.080525, 35.211633 ], [ -81.081761, 35.212935 ], [ -81.082354, 35.21394 ], [ -81.082109, 35.214023 ] ] ] ] } },
{ "type": "Feature", "properties": { "zipcode": "28021" }, "geometry": { "type": "MultiPolygon", "coordinates": [ [ [ [ -81.476537, 35.472971 ], [ -81.469087, 35.473439 ], [ -81.4658, 35.47539 ], [ -81.469415, 35.476361 ], [ -81.475226, 35.47944 ], [ -81.479691, 35.481513 ], [ -81.473932, 35.483929 ], [ -81.451038, 35.492545 ], [ -81.44753, 35.493851 ], [ -81.430241, 35.494703 ], [ -81.430567, 35.491197 ], [ -81.432194, 35.486343 ], [ -81.432781, 35.482835 ], [ -81.437159, 35.475407 ], [ -81.438263, 35.47455 ], [ -81.440699, 35.474044 ], [ -81.438226, 35.473675 ], [ -81.43746, 35.472805 ], [ -81.435432, 35.474109 ], [ -81.434811, 35.473261 ], [ -81.432845, 35.474875 ], [ -81.430073, 35.474419 ], [ -81.425913, 35.472857 ], [ -81.425389, 35.473594 ], [ -81.422135, 35.473285 ], [ -81.419504, 35.475226 ], [ -81.419127, 35.477391 ], [ -81.416356, 35.477416 ], [ -81.414596, 35.475925 ], [ -81.413334, 35.476333 ], [ -81.409567, 35.476047 ], [ -81.409359, 35.473659 ], [ -81.407291, 35.471631 ], [ -81.404161, 35.469281 ], [ -81.401906, 35.470396 ], [ -81.397961, 35.470444 ], [ -81.398963, 35.467907 ], [ -81.398149, 35.46447 ], [ -81.396794, 35.460959 ], [ -81.39452, 35.462263 ], [ -81.392954, 35.462277 ], [ -81.393396, 35.45934 ], [ -81.392819, 35.457003 ], [ -81.391578, 35.457201 ], [ -81.390896, 35.45571 ], [ -81.39148, 35.453185 ], [ -81.3931, 35.452174 ], [ -81.392741, 35.44912 ], [ -81.390408, 35.444186 ], [ -81.389259, 35.443619 ], [ -81.384595, 35.447158 ], [ -81.384338, 35.444877 ], [ -81.380721, 35.443861 ], [ -81.380998, 35.441122 ], [ -81.378749, 35.441573 ], [ -81.381536, 35.439587 ], [ -81.385045, 35.438995 ], [ -81.387946, 35.437013 ], [ -81.386651, 35.432919 ], [ -81.383955, 35.431774 ], [ -81.383184, 35.428867 ], [ -81.380716, 35.427384 ], [ -81.376784, 35.42778 ], [ -81.371771, 35.427141 ], [ -81.371156, 35.423552 ], [ -81.369344, 35.421834 ], [ -81.365051, 35.418301 ], [ -81.361484, 35.416755 ], [ -81.36112, 35.416542 ], [ -81.3613, 35.41655 ], [ -81.358751, 35.41491 ], [ -81.352152, 35.414986 ], [ -81.348904, 35.41365 ], [ -81.345009, 35.412985 ], [ -81.347414, 35.411162 ], [ -81.349612, 35.406497 ], [ -81.351531, 35.402715 ], [ -81.35113, 35.401258 ], [ -81.349891, 35.400336 ], [ -81.349116, 35.400746 ], [ -81.348858, 35.399272 ], [ -81.344692, 35.398728 ], [ -81.341709, 35.399503 ], [ -81.34199, 35.400933 ], [ -81.342092, 35.401797 ], [ -81.342316, 35.403281 ], [ -81.34364, 35.405338 ], [ -81.345141, 35.408102 ], [ -81.343514, 35.412161 ], [ -81.345806, 35.413776 ], [ -81.346038, 35.415983 ], [ -81.343502, 35.415888 ], [ -81.322018, 35.415088 ], [ -81.324024, 35.413544 ], [ -81.325454, 35.409148 ], [ -81.32555, 35.405184 ], [ -81.324943, 35.405004 ], [ -81.325474, 35.403742 ], [ -81.327302, 35.401887 ], [ -81.329604, 35.40094 ], [ -81.337018, 35.399164 ], [ -81.338881, 35.3986 ], [ -81.340814, 35.397587 ], [ -81.342844, 35.395794 ], [ -81.343615, 35.394442 ], [ -81.342758, 35.394759 ], [ -81.338547, 35.391988 ], [ -81.336483, 35.393617 ], [ -81.333884, 35.394576 ], [ -81.33086, 35.395066 ], [ -81.330562, 35.393864 ], [ -81.331969, 35.392561 ], [ -81.333865, 35.388787 ], [ -81.332337, 35.382869 ], [ -81.329918, 35.382784 ], [ -81.327425, 35.38172 ], [ -81.324574, 35.385873 ], [ -81.323536, 35.386821 ], [ -81.320025, 35.385354 ], [ -81.316224, 35.384743 ], [ -81.31669, 35.384279 ], [ -81.317279, 35.382621 ], [ -81.316705, 35.382224 ], [ -81.310161, 35.376432 ], [ -81.308379, 35.373135 ], [ -81.307849, 35.370208 ], [ -81.30895, 35.368504 ], [ -81.31156, 35.368103 ], [ -81.316424, 35.364645 ], [ -81.32434, 35.368116 ], [ -81.325099, 35.366634 ], [ -81.327573, 35.367961 ], [ -81.327405, 35.366042 ], [ -81.330145, 35.367094 ], [ -81.330586, 35.365405 ], [ -81.334305, 35.365307 ], [ -81.334648, 35.363962 ], [ -81.335871, 35.363815 ], [ -81.33707, 35.362298 ], [ -81.337706, 35.358921 ], [ -81.339933, 35.360267 ], [ -81.341157, 35.359019 ], [ -81.346068, 35.35638 ], [ -81.346558, 35.354269 ], [ -81.347977, 35.352902 ], [ -81.347508, 35.352611 ], [ -81.346683, 35.352258 ], [ -81.345996, 35.351751 ], [ -81.348993, 35.351239 ], [ -81.350114, 35.348603 ], [ -81.351878, 35.350701 ], [ -81.363759, 35.34881 ], [ -81.364224, 35.349433 ], [ -81.365748, 35.348244 ], [ -81.36655, 35.347246 ], [ -81.364003, 35.343969 ], [ -81.36497, 35.343296 ], [ -81.366328, 35.342769 ], [ -81.367633, 35.343437 ], [ -81.36775, 35.343224 ], [ -81.363969, 35.337845 ], [ -81.364291, 35.337614 ], [ -81.366023, 35.336129 ], [ -81.372054, 35.339698 ], [ -81.37386, 35.336663 ], [ -81.376103, 35.334957 ], [ -81.377831, 35.335924 ], [ -81.375767, 35.337769 ], [ -81.378824, 35.34 ], [ -81.381649, 35.339626 ], [ -81.382434, 35.336002 ], [ -81.381967, 35.335894 ], [ -81.382897, 35.333468 ], [ -81.385093, 35.332493 ], [ -81.386824, 35.330539 ], [ -81.390657, 35.332517 ], [ -81.387393, 35.335757 ], [ -81.388855, 35.336916 ], [ -81.388526, 35.337942 ], [ -81.389846, 35.338083 ], [ -81.393498, 35.340075 ], [ -81.393883, 35.340704 ], [ -81.391314, 35.3417 ], [ -81.391436, 35.343413 ], [ -81.393044, 35.34364 ], [ -81.394617, 35.342242 ], [ -81.396646, 35.345171 ], [ -81.399265, 35.344868 ], [ -81.401836, 35.345853 ], [ -81.404353, 35.345373 ], [ -81.40332, 35.343151 ], [ -81.404606, 35.342785 ], [ -81.406198, 35.343587 ], [ -81.408072, 35.341686 ], [ -81.407765, 35.339785 ], [ -81.409567, 35.338092 ], [ -81.41023, 35.338176 ], [ -81.416215, 35.344938 ], [ -81.419382, 35.343856 ], [ -81.419569, 35.345261 ], [ -81.419056, 35.34706 ], [ -81.412664, 35.346998 ], [ -81.409069, 35.349003 ], [ -81.407367, 35.349356 ], [ -81.410032, 35.352903 ], [ -81.411696, 35.356761 ], [ -81.412187, 35.360366 ], [ -81.413966, 35.363169 ], [ -81.413905, 35.363962 ], [ -81.419869, 35.359863 ], [ -81.419844, 35.361869 ], [ -81.420559, 35.363914 ], [ -81.427622, 35.361665 ], [ -81.428486, 35.36172 ], [ -81.430316, 35.365586 ], [ -81.430738, 35.367001 ], [ -81.430974, 35.367352 ], [ -81.43037, 35.367966 ], [ -81.430379, 35.36913 ], [ -81.430294, 35.371641 ], [ -81.431325, 35.373061 ], [ -81.427341, 35.372853 ], [ -81.427457, 35.368917 ], [ -81.427372, 35.370512 ], [ -81.418242, 35.372139 ], [ -81.418212, 35.374309 ], [ -81.421135, 35.374399 ], [ -81.422009, 35.376478 ], [ -81.422822, 35.376539 ], [ -81.425263, 35.378588 ], [ -81.4246, 35.375574 ], [ -81.426313, 35.376502 ], [ -81.426408, 35.378105 ], [ -81.430566, 35.378618 ], [ -81.430687, 35.376629 ], [ -81.435086, 35.376749 ], [ -81.435176, 35.375363 ], [ -81.439207, 35.375167 ], [ -81.437189, 35.371676 ], [ -81.434045, 35.370029 ], [ -81.432323, 35.368503 ], [ -81.433994, 35.367655 ], [ -81.437097, 35.364455 ], [ -81.437149, 35.360119 ], [ -81.435596, 35.357209 ], [ -81.433759, 35.355597 ], [ -81.42841, 35.354344 ], [ -81.430814, 35.352751 ], [ -81.42937, 35.350988 ], [ -81.425205, 35.349087 ], [ -81.425849, 35.342484 ], [ -81.42697, 35.34127 ], [ -81.427723, 35.33504 ], [ -81.430546, 35.330155 ], [ -81.434291, 35.32715 ], [ -81.436638, 35.326347 ], [ -81.440439, 35.327672 ], [ -81.439433, 35.324511 ], [ -81.440355, 35.322908 ], [ -81.440075, 35.31945 ], [ -81.442115, 35.317686 ], [ -81.442003, 35.316403 ], [ -81.438796, 35.314794 ], [ -81.440718, 35.313655 ], [ -81.442115, 35.311502 ], [ -81.437805, 35.309522 ], [ -81.438722, 35.308779 ], [ -81.44063, 35.309956 ], [ -81.443152, 35.309619 ], [ -81.445125, 35.30827 ], [ -81.444697, 35.307 ], [ -81.446858, 35.307717 ], [ -81.445246, 35.305038 ], [ -81.446998, 35.30521 ], [ -81.447227, 35.304309 ], [ -81.447889, 35.304151 ], [ -81.450238, 35.300336 ], [ -81.45369, 35.301878 ], [ -81.456027, 35.301892 ], [ -81.461858, 35.30596 ], [ -81.467248, 35.306601 ], [ -81.468789, 35.30893 ], [ -81.470787, 35.310727 ], [ -81.468226, 35.315801 ], [ -81.468729, 35.317132 ], [ -81.470601, 35.317606 ], [ -81.470946, 35.319365 ], [ -81.472827, 35.32121 ], [ -81.472719, 35.322759 ], [ -81.473341, 35.323534 ], [ -81.473152, 35.323789 ], [ -81.471172, 35.326603 ], [ -81.46121, 35.336543 ], [ -81.460408, 35.339067 ], [ -81.460261, 35.34081 ], [ -81.462753, 35.34113 ], [ -81.4663, 35.340835 ], [ -81.469336, 35.342085 ], [ -81.469867, 35.344004 ], [ -81.474042, 35.345659 ], [ -81.459398, 35.345775 ], [ -81.458348, 35.347694 ], [ -81.455278, 35.349776 ], [ -81.463138, 35.354064 ], [ -81.462072, 35.355213 ], [ -81.462904, 35.356356 ], [ -81.461632, 35.359041 ], [ -81.466088, 35.362944 ], [ -81.4688, 35.363419 ], [ -81.47189, 35.36327 ], [ -81.470554, 35.364184 ], [ -81.466111, 35.364128 ], [ -81.463401, 35.366002 ], [ -81.462121, 35.371105 ], [ -81.461423, 35.372102 ], [ -81.461515, 35.375373 ], [ -81.458078, 35.375427 ], [ -81.453087, 35.374619 ], [ -81.443918, 35.375578 ], [ -81.441028, 35.376596 ], [ -81.44295, 35.378933 ], [ -81.444246, 35.381955 ], [ -81.449068, 35.386488 ], [ -81.452825, 35.392582 ], [ -81.457226, 35.390599 ], [ -81.459907, 35.388855 ], [ -81.465456, 35.390401 ], [ -81.467986, 35.3931 ], [ -81.47197, 35.391969 ], [ -81.474568, 35.389163 ], [ -81.475932, 35.390003 ], [ -81.476884, 35.39227 ], [ -81.476998, 35.39424 ], [ -81.476438, 35.39479 ], [ -81.472159, 35.394997 ], [ -81.471236, 35.395387 ], [ -81.467882, 35.399693 ], [ -81.467476, 35.403014 ], [ -81.466325, 35.403283 ], [ -81.464023, 35.402353 ], [ -81.463129, 35.40771 ], [ -81.462598, 35.408398 ], [ -81.460024, 35.408879 ], [ -81.458887, 35.410561 ], [ -81.458396, 35.413819 ], [ -81.460513, 35.415983 ], [ -81.461222, 35.420657 ], [ -81.460784, 35.422097 ], [ -81.458803, 35.423681 ], [ -81.459061, 35.424233 ], [ -81.457351, 35.428519 ], [ -81.455083, 35.432549 ], [ -81.454566, 35.436021 ], [ -81.457267, 35.44117 ], [ -81.45669, 35.441905 ], [ -81.460824, 35.444148 ], [ -81.457491, 35.445085 ], [ -81.459151, 35.449003 ], [ -81.461941, 35.450334 ], [ -81.464744, 35.450585 ], [ -81.466517, 35.451813 ], [ -81.467419, 35.455152 ], [ -81.470253, 35.458857 ], [ -81.475464, 35.460167 ], [ -81.481383, 35.471503 ], [ -81.476537, 35.472971 ] ] ] ] } },
{ "type": "Feature", "properties": { "zipcode": "28098" }, "geometry": { "type": "MultiPolygon", "coordinates": [ [ [ [ -81.118858, 35.265307 ], [ -81.115143, 35.268809 ], [ -81.115064, 35.269953 ], [ -81.114404, 35.272588 ], [ -81.114493, 35.273079 ], [ -81.114606, 35.273491 ], [ -81.109056, 35.270423 ], [ -81.111198, 35.272644 ], [ -81.109801, 35.274325 ], [ -81.116023, 35.275996 ], [ -81.115627, 35.276697 ], [ -81.116022, 35.277611 ], [ -81.11525, 35.279045 ], [ -81.116008, 35.280902 ], [ -81.114098, 35.280567 ], [ -81.113819, 35.282844 ], [ -81.111751, 35.284111 ], [ -81.106282, 35.282704 ], [ -81.104874, 35.283961 ], [ -81.105512, 35.284944 ], [ -81.106671, 35.285597 ], [ -81.104667, 35.287354 ], [ -81.101774, 35.285611 ], [ -81.101192, 35.285511 ], [ -81.098499, 35.286069 ], [ -81.097614, 35.287563 ], [ -81.096604, 35.287653 ], [ -81.095897, 35.287521 ], [ -81.092944, 35.285588 ], [ -81.089575, 35.284565 ], [ -81.086808, 35.283025 ], [ -81.083882, 35.282102 ], [ -81.082494, 35.281152 ], [ -81.081646, 35.278967 ], [ -81.07923, 35.277125 ], [ -81.079293, 35.274643 ], [ -81.082339, 35.272517 ], [ -81.082409, 35.270947 ], [ -81.081047, 35.269275 ], [ -81.078814, 35.268569 ], [ -81.07813, 35.266981 ], [ -81.078017, 35.265787 ], [ -81.077663, 35.264351 ], [ -81.077594, 35.264211 ], [ -81.076452, 35.261893 ], [ -81.073927, 35.260234 ], [ -81.076167, 35.25877 ], [ -81.079361, 35.259263 ], [ -81.081962, 35.261522 ], [ -81.085223, 35.257478 ], [ -81.083248, 35.255516 ], [ -81.084191, 35.255159 ], [ -81.08599, 35.257466 ], [ -81.087358, 35.256107 ], [ -81.088194, 35.257799 ], [ -81.086799, 35.258813 ], [ -81.087365, 35.258915 ], [ -81.090616, 35.260575 ], [ -81.091446, 35.25967 ], [ -81.092215, 35.254785 ], [ -81.093531, 35.25495 ], [ -81.096849, 35.255358 ], [ -81.097216, 35.255402 ], [ -81.097326, 35.255549 ], [ -81.107595, 35.256786 ], [ -81.108194, 35.257207 ], [ -81.11147, 35.258806 ], [ -81.114875, 35.261763 ], [ -81.11935, 35.264843 ], [ -81.118858, 35.265307 ] ] ] ] } },
{ "type": "Feature", "properties": { "zipcode": "28016" }, "geometry": { "type": "MultiPolygon", "coordinates": [ [ [ [ -81.350114, 35.348603 ], [ -81.348993, 35.351239 ], [ -81.345996, 35.351751 ], [ -81.346683, 35.352258 ], [ -81.347508, 35.352611 ], [ -81.347977, 35.352902 ], [ -81.346558, 35.354269 ], [ -81.346068, 35.35638 ], [ -81.341157, 35.359019 ], [ -81.339933, 35.360267 ], [ -81.337706, 35.358921 ], [ -81.33707, 35.362298 ], [ -81.335871, 35.363815 ], [ -81.334648, 35.363962 ], [ -81.334305, 35.365307 ], [ -81.330586, 35.365405 ], [ -81.330145, 35.367094 ], [ -81.327405, 35.366042 ], [ -81.327573, 35.367961 ], [ -81.325099, 35.366634 ], [ -81.32434, 35.368116 ], [ -81.316424, 35.364645 ], [ -81.31156, 35.368103 ], [ -81.30895, 35.368504 ], [ -81.307849, 35.370208 ], [ -81.308379, 35.373135 ], [ -81.310161, 35.376432 ], [ -81.306734, 35.377296 ], [ -81.305433, 35.37836 ], [ -81.299679, 35.377197 ], [ -81.296054, 35.378038 ], [ -81.292691, 35.379227 ], [ -81.286871, 35.385695 ], [ -81.285885, 35.386238 ], [ -81.285039, 35.388954 ], [ -81.285461, 35.390009 ], [ -81.283199, 35.392752 ], [ -81.28057, 35.391344 ], [ -81.277616, 35.391534 ], [ -81.275422, 35.386284 ], [ -81.275154, 35.384862 ], [ -81.275453, 35.380302 ], [ -81.272141, 35.380722 ], [ -81.27023, 35.379973 ], [ -81.26925, 35.378501 ], [ -81.270834, 35.3756 ], [ -81.270798, 35.374853 ], [ -81.268905, 35.373363 ], [ -81.267505, 35.371274 ], [ -81.262764, 35.366544 ], [ -81.261944, 35.36457 ], [ -81.253843, 35.365535 ], [ -81.240331, 35.367511 ], [ -81.248893, 35.353263 ], [ -81.24708, 35.35214 ], [ -81.243814, 35.348995 ], [ -81.245141, 35.347635 ], [ -81.245691, 35.346275 ], [ -81.244073, 35.345037 ], [ -81.244721, 35.343897 ], [ -81.24187, 35.342186 ], [ -81.241377, 35.341357 ], [ -81.238993, 35.340579 ], [ -81.240807, 35.338169 ], [ -81.235143, 35.334708 ], [ -81.23422, 35.332687 ], [ -81.235234, 35.331547 ], [ -81.231916, 35.330476 ], [ -81.231755, 35.329132 ], [ -81.230136, 35.329799 ], [ -81.229907, 35.329289 ], [ -81.22889, 35.326997 ], [ -81.229297, 35.326382 ], [ -81.230619, 35.319903 ], [ -81.232252, 35.31704 ], [ -81.232911, 35.314783 ], [ -81.230989, 35.31337 ], [ -81.229561, 35.310746 ], [ -81.229618, 35.308401 ], [ -81.228346, 35.307618 ], [ -81.227563, 35.304894 ], [ -81.230122, 35.304029 ], [ -81.230281, 35.304033 ], [ -81.232162, 35.302622 ], [ -81.234105, 35.299417 ], [ -81.235514, 35.294602 ], [ -81.236716, 35.293122 ], [ -81.236663, 35.292762 ], [ -81.238528, 35.29141 ], [ -81.242714, 35.288379 ], [ -81.243727, 35.288036 ], [ -81.244068, 35.287862 ], [ -81.244356, 35.287726 ], [ -81.248047, 35.286781 ], [ -81.250787, 35.283568 ], [ -81.249228, 35.283731 ], [ -81.250251, 35.281112 ], [ -81.249101, 35.278232 ], [ -81.248704, 35.277049 ], [ -81.249769, 35.273935 ], [ -81.248956, 35.271556 ], [ -81.247389, 35.270858 ], [ -81.247035, 35.270306 ], [ -81.24023, 35.27296 ], [ -81.240267, 35.27276 ], [ -81.240276, 35.272503 ], [ -81.246919, 35.269727 ], [ -81.246681, 35.26931 ], [ -81.24809, 35.261914 ], [ -81.248059, 35.257921 ], [ -81.249841, 35.258144 ], [ -81.254442, 35.25756 ], [ -81.253775, 35.259341 ], [ -81.255669, 35.260174 ], [ -81.256396, 35.259085 ], [ -81.256315, 35.257247 ], [ -81.256298, 35.257024 ], [ -81.261206, 35.256181 ], [ -81.261118, 35.255603 ], [ -81.260007, 35.253979 ], [ -81.260844, 35.253871 ], [ -81.263517, 35.252695 ], [ -81.265117, 35.252109 ], [ -81.269863, 35.252935 ], [ -81.270414, 35.252064 ], [ -81.276527, 35.25309 ], [ -81.276727, 35.253453 ], [ -81.286872, 35.248673 ], [ -81.289618, 35.248298 ], [ -81.292059, 35.248886 ], [ -81.291084, 35.248698 ], [ -81.287445, 35.251233 ], [ -81.280697, 35.254471 ], [ -81.283068, 35.255989 ], [ -81.288395, 35.257639 ], [ -81.291018, 35.255784 ], [ -81.291165, 35.25387 ], [ -81.289956, 35.253409 ], [ -81.291759, 35.250467 ], [ -81.293979, 35.249283 ], [ -81.294988, 35.249499 ], [ -81.2952, 35.252413 ], [ -81.293242, 35.254514 ], [ -81.292391, 35.25513 ], [ -81.292978, 35.255301 ], [ -81.294705, 35.255078 ], [ -81.296597, 35.253964 ], [ -81.299494, 35.253861 ], [ -81.302473, 35.252567 ], [ -81.303102, 35.25083 ], [ -81.30403, 35.249605 ], [ -81.306228, 35.249251 ], [ -81.308493, 35.247198 ], [ -81.309747, 35.247703 ], [ -81.312332, 35.255461 ], [ -81.315279, 35.256756 ], [ -81.31363, 35.261511 ], [ -81.315818, 35.261414 ], [ -81.315579, 35.261718 ], [ -81.317428, 35.261603 ], [ -81.317969, 35.261108 ], [ -81.319867, 35.259347 ], [ -81.319986, 35.259236 ], [ -81.320736, 35.259659 ], [ -81.321729, 35.260449 ], [ -81.324483, 35.262338 ], [ -81.323317, 35.26528 ], [ -81.323981, 35.265678 ], [ -81.324273, 35.265868 ], [ -81.322142, 35.268616 ], [ -81.321733, 35.269086 ], [ -81.323741, 35.271565 ], [ -81.323829, 35.271681 ], [ -81.324998, 35.273059 ], [ -81.331894, 35.281312 ], [ -81.327192, 35.282825 ], [ -81.32715, 35.283192 ], [ -81.327633, 35.2883 ], [ -81.325122, 35.28864 ], [ -81.324697, 35.288611 ], [ -81.319444, 35.287481 ], [ -81.318104, 35.286378 ], [ -81.316233, 35.289438 ], [ -81.316984, 35.293423 ], [ -81.319743, 35.293354 ], [ -81.323795, 35.294675 ], [ -81.32373, 35.301009 ], [ -81.324354, 35.301723 ], [ -81.323797, 35.302525 ], [ -81.321437, 35.301684 ], [ -81.317078, 35.301086 ], [ -81.320324, 35.302976 ], [ -81.325387, 35.30424 ], [ -81.327814, 35.306917 ], [ -81.328652, 35.306372 ], [ -81.33226, 35.306514 ], [ -81.333266, 35.307592 ], [ -81.337134, 35.308018 ], [ -81.337826, 35.308379 ], [ -81.344541, 35.317006 ], [ -81.348917, 35.323201 ], [ -81.347036, 35.324241 ], [ -81.346667, 35.327777 ], [ -81.344997, 35.327061 ], [ -81.343891, 35.328796 ], [ -81.346233, 35.329273 ], [ -81.34501, 35.33117 ], [ -81.341306, 35.330878 ], [ -81.336592, 35.340235 ], [ -81.337816, 35.342588 ], [ -81.339769, 35.342117 ], [ -81.344851, 35.345552 ], [ -81.344743, 35.34621 ], [ -81.347258, 35.345966 ], [ -81.349519, 35.347926 ], [ -81.350114, 35.348603 ] ] ] ] } }
]
}
