{
"type": "FeatureCollection",
"name": "gaston_county_subdivisions",
"crs": { "type": "name", "properties": { "name": "urn:ogc:def:crs:OGC:1.3:CRS84" } },
"features": [
{ "type": "Feature", "properties": { "county_subdivision": "11, Long Creek", "geoid": "3711993700" }, "geometry": { "type": "MultiPolygon", "coordinates": [ [ [ [ -80.832638, 35.359349 ], [ -80.827827, 35.359798 ], [ -80.826403, 35.360304 ], [ -80.827504, 35.362512 ], [ -80.825735, 35.363707 ], [ -80.823779, 35.361384 ], [ -80.822701, 35.358388 ], [ -80.822395, 35.356427 ], [ -80.82268, 35.353662 ], [ -80.823304, 35.349299 ], [ -80.825637, 35.349503 ], [ -80.827838, 35.351816 ], [ -80.827617, 35.358793 ], [ -80.827903, 35.357766 ], [ -80.830636, 35.357989 ], [ -80.833688, 35.35752 ], [ -80.832638, 35.359349 ] ] ], [ [ [ -80.88121, 35.333776 ], [ -80.880232, 35.335047 ], [ -80.879159, 35.335429 ], [ -80.878591, 35.335032 ], [ -80.878723, 35.33368 ], [ -80.880455, 35.333801 ], [ -80.88121, 35.333776 ] ] ], [ [ [ -80.879746, 35.328575 ], [ -80.877696, 35.32837 ], [ -80.875515, 35.329769 ], [ -80.876584, 35.333517 ], [ -80.875062, 35.333406 ], [ -80.875739, 35.334899 ], [ -80.877448, 35.336191 ], [ -80.879698, 35.335392 ], [ -80.880321, 35.336809 ], [ -80.876685, 35.338034 ], [ -80.871025, 35.340445 ], [ -80.867736, 35.336058 ], [ -80.867083, 35.336187 ], [ -80.860628, 35.337327 ], [ -80.859195, 35.340603 ], [ -80.856555, 35.338619 ], [ -80.857853, 35.33776 ], [ -80.857516, 35.335051 ], [ -80.858618, 35.336505 ], [ -80.861428, 35.336999 ], [ -80.861017, 35.334109 ], [ -80.866124, 35.334528 ], [ -80.866967, 35.333969 ], [ -80.86494, 35.330159 ], [ -80.868175, 35.326804 ], [ -80.870776, 35.325174 ], [ -80.870372, 35.323883 ], [ -80.868569, 35.323445 ], [ -80.867015, 35.323291 ], [ -80.867431, 35.323855 ], [ -80.867551, 35.325134 ], [ -80.867049, 35.325664 ], [ -80.866842, 35.325366 ], [ -80.866774, 35.325229 ], [ -80.865662, 35.321824 ], [ -80.869066, 35.321989 ], [ -80.869652, 35.320761 ], [ -80.872339, 35.320661 ], [ -80.874581, 35.323596 ], [ -80.877816, 35.322324 ], [ -80.878137, 35.320652 ], [ -80.878762, 35.320265 ], [ -80.87987, 35.321388 ], [ -80.880001, 35.322981 ], [ -80.8799, 35.323074 ], [ -80.879293, 35.32362 ], [ -80.882247, 35.326613 ], [ -80.879746, 35.328575 ] ], [ [ -80.873184, 35.331084 ], [ -80.868032, 35.334272 ], [ -80.866355, 35.33477 ], [ -80.866687, 35.335136 ], [ -80.871926, 35.333982 ], [ -80.873767, 35.332259 ], [ -80.873184, 35.331084 ] ] ], [ [ [ -80.896486, 35.314519 ], [ -80.892466, 35.320111 ], [ -80.887057, 35.317696 ], [ -80.882643, 35.31443 ], [ -80.876182, 35.309353 ], [ -80.87118, 35.307018 ], [ -80.871028, 35.307163 ], [ -80.866193, 35.305424 ], [ -80.85826, 35.304964 ], [ -80.855461, 35.300635 ], [ -80.856856, 35.292966 ], [ -80.876546, 35.299202 ], [ -80.878945, 35.299973 ], [ -80.879786, 35.300272 ], [ -80.891155, 35.308097 ], [ -80.891076, 35.309614 ], [ -80.893543, 35.309774 ], [ -80.896763, 35.311972 ], [ -80.896486, 35.314519 ] ] ], [ [ [ -80.986835, 35.379014 ], [ -80.985586, 35.381098 ], [ -80.983753, 35.381846 ], [ -80.979053, 35.381686 ], [ -80.976629, 35.382452 ], [ -80.97039, 35.386263 ], [ -80.965359, 35.388589 ], [ -80.961445, 35.38974 ], [ -80.957546, 35.391024 ], [ -80.955245, 35.393177 ], [ -80.920941, 35.389583 ], [ -80.920093, 35.389971 ], [ -80.919485, 35.392778 ], [ -80.918381, 35.393166 ], [ -80.914094, 35.393023 ], [ -80.91296, 35.393669 ], [ -80.901859, 35.405048 ], [ -80.900536, 35.405361 ], [ -80.89565, 35.404949 ], [ -80.89349, 35.405492 ], [ -80.892186, 35.405273 ], [ -80.892865, 35.403272 ], [ -80.892478, 35.399286 ], [ -80.89328, 35.397347 ], [ -80.89349, 35.396369 ], [ -80.886157, 35.395363 ], [ -80.87577, 35.394227 ], [ -80.851813, 35.391436 ], [ -80.848459, 35.391048 ], [ -80.834853, 35.389642 ], [ -80.834838, 35.389506 ], [ -80.834167, 35.383104 ], [ -80.832875, 35.372939 ], [ -80.83144, 35.370185 ], [ -80.82692, 35.365031 ], [ -80.83333, 35.363338 ], [ -80.836394, 35.363215 ], [ -80.836436, 35.361826 ], [ -80.838128, 35.361852 ], [ -80.838528, 35.357397 ], [ -80.837648, 35.356877 ], [ -80.83619, 35.354284 ], [ -80.840669, 35.353943 ], [ -80.841109, 35.351679 ], [ -80.845329, 35.352309 ], [ -80.846115, 35.348462 ], [ -80.849307, 35.348995 ], [ -80.847421, 35.351368 ], [ -80.846421, 35.353984 ], [ -80.848347, 35.355575 ], [ -80.851005, 35.356138 ], [ -80.854878, 35.354776 ], [ -80.853301, 35.355859 ], [ -80.854081, 35.356766 ], [ -80.852977, 35.358662 ], [ -80.850629, 35.357924 ], [ -80.849073, 35.359686 ], [ -80.849177, 35.360573 ], [ -80.851453, 35.360413 ], [ -80.852302, 35.359717 ], [ -80.853292, 35.361826 ], [ -80.853772, 35.362622 ], [ -80.853726, 35.364677 ], [ -80.855429, 35.366723 ], [ -80.85599, 35.366487 ], [ -80.8546, 35.364876 ], [ -80.854125, 35.362478 ], [ -80.853589, 35.361687 ], [ -80.853281, 35.361201 ], [ -80.854636, 35.360536 ], [ -80.85738, 35.357909 ], [ -80.857172, 35.359022 ], [ -80.857692, 35.359888 ], [ -80.862648, 35.36059 ], [ -80.863974, 35.361526 ], [ -80.869568, 35.357262 ], [ -80.871134, 35.356085 ], [ -80.875732, 35.353046 ], [ -80.878729, 35.350696 ], [ -80.882812, 35.347631 ], [ -80.885437, 35.346558 ], [ -80.890183, 35.345878 ], [ -80.895506, 35.34675 ], [ -80.897566, 35.346707 ], [ -80.900898, 35.345512 ], [ -80.904909, 35.344757 ], [ -80.906838, 35.343372 ], [ -80.907261, 35.34221 ], [ -80.905945, 35.339556 ], [ -80.904842, 35.339327 ], [ -80.9013, 35.340365 ], [ -80.899328, 35.340524 ], [ -80.891449, 35.340307 ], [ -80.888076, 35.340717 ], [ -80.885639, 35.341577 ], [ -80.883893, 35.342847 ], [ -80.883762, 35.345039 ], [ -80.879664, 35.342341 ], [ -80.87745, 35.33898 ], [ -80.883193, 35.33691 ], [ -80.881569, 35.333763 ], [ -80.879425, 35.330587 ], [ -80.881635, 35.329616 ], [ -80.882316, 35.328431 ], [ -80.883672, 35.327097 ], [ -80.884564, 35.326626 ], [ -80.885648, 35.327705 ], [ -80.885258, 35.328256 ], [ -80.886123, 35.327927 ], [ -80.885925, 35.333445 ], [ -80.888521, 35.332509 ], [ -80.888626, 35.328931 ], [ -80.886944, 35.3282 ], [ -80.888905, 35.326318 ], [ -80.889911, 35.3255 ], [ -80.89068, 35.326597 ], [ -80.894517, 35.326023 ], [ -80.896911, 35.327976 ], [ -80.897382, 35.327736 ], [ -80.897144, 35.326607 ], [ -80.898181, 35.326373 ], [ -80.898306, 35.323516 ], [ -80.89997, 35.323534 ], [ -80.901794, 35.323781 ], [ -80.901982, 35.322707 ], [ -80.899802, 35.322338 ], [ -80.894842, 35.321073 ], [ -80.895879, 35.31818 ], [ -80.898052, 35.318374 ], [ -80.898163, 35.314005 ], [ -80.900729, 35.313321 ], [ -80.900893, 35.313967 ], [ -80.901513, 35.315253 ], [ -80.922175, 35.329265 ], [ -80.931114, 35.33503 ], [ -80.933488, 35.336552 ], [ -80.934619, 35.338219 ], [ -80.936505, 35.344854 ], [ -80.93582, 35.344885 ], [ -80.937065, 35.347875 ], [ -80.938175, 35.35046 ], [ -80.938398, 35.351293 ], [ -80.939086, 35.353673 ], [ -80.934954, 35.356562 ], [ -80.930907, 35.357811 ], [ -80.92824, 35.357518 ], [ -80.924747, 35.358461 ], [ -80.923042, 35.359917 ], [ -80.923062, 35.360648 ], [ -80.92475, 35.361832 ], [ -80.929423, 35.362993 ], [ -80.932409, 35.363032 ], [ -80.935877, 35.36211 ], [ -80.9384, 35.362948 ], [ -80.941672, 35.364919 ], [ -80.949187, 35.366378 ], [ -80.951611, 35.367287 ], [ -80.955391, 35.370438 ], [ -80.956783, 35.373657 ], [ -80.958278, 35.374984 ], [ -80.961267, 35.375455 ], [ -80.962896, 35.375107 ], [ -80.964773, 35.373523 ], [ -80.96733, 35.368553 ], [ -80.968093, 35.367674 ], [ -80.97327, 35.36419 ], [ -80.97423, 35.363899 ], [ -80.976447, 35.36416 ], [ -80.9811, 35.365909 ], [ -80.9837, 35.368351 ], [ -80.985366, 35.371387 ], [ -80.986784, 35.37569 ], [ -80.986835, 35.379014 ] ], [ [ -80.907426, 35.327261 ], [ -80.905946, 35.326695 ], [ -80.90555, 35.326469 ], [ -80.905121, 35.326137 ], [ -80.904012, 35.324951 ], [ -80.904006, 35.326238 ], [ -80.904664, 35.329073 ], [ -80.904569, 35.329834 ], [ -80.905497, 35.329994 ], [ -80.90746, 35.328525 ], [ -80.907426, 35.327261 ] ], [ [ -80.896852, 35.332481 ], [ -80.895696, 35.332161 ], [ -80.893194, 35.331254 ], [ -80.896776, 35.337165 ], [ -80.896852, 35.332481 ] ] ] ] } },
{ "type": "Feature", "properties": { "county_subdivision": "12, Paw Creek", "geoid": "3711993720" }, "geometry": { "type": "MultiPolygon", "coordinates": [ [ [ [ -80.891155, 35.308097 ], [ -80.879786, 35.300272 ], [ -80.878945, 35.299973 ], [ -80.876546, 35.299202 ], [ -80.856856, 35.292966 ], [ -80.858501, 35.286675 ], [ -80.85812, 35.284843 ], [ -80.86187, 35.28654 ], [ -80.86206, 35.288914 ], [ -80.864544, 35.287739 ], [ -80.866806, 35.289299 ], [ -80.871952, 35.292615 ], [ -80.874132, 35.292959 ], [ -80.873578, 35.291047 ], [ -80.876224, 35.288657 ], [ -80.877039, 35.288343 ], [ -80.877805, 35.288002 ], [ -80.880155, 35.286908 ], [ -80.880997, 35.288182 ], [ -80.881413, 35.28812 ], [ -80.879615, 35.289788 ], [ -80.882876, 35.29006 ], [ -80.883853, 35.28844 ], [ -80.886505, 35.289867 ], [ -80.886279, 35.293567 ], [ -80.885267, 35.296438 ], [ -80.884802, 35.296762 ], [ -80.884021, 35.296596 ], [ -80.883545, 35.294436 ], [ -80.881182, 35.292339 ], [ -80.878871, 35.29181 ], [ -80.878538, 35.290593 ], [ -80.876928, 35.289608 ], [ -80.876796, 35.292738 ], [ -80.877472, 35.292375 ], [ -80.877994, 35.29494 ], [ -80.876716, 35.295776 ], [ -80.878121, 35.298581 ], [ -80.8807, 35.299623 ], [ -80.88183, 35.298809 ], [ -80.884689, 35.299595 ], [ -80.884963, 35.298255 ], [ -80.887202, 35.29855 ], [ -80.885177, 35.301265 ], [ -80.885514, 35.302787 ], [ -80.887603, 35.304324 ], [ -80.890297, 35.302564 ], [ -80.893503, 35.307326 ], [ -80.891155, 35.308097 ] ] ], [ [ [ -80.936494, 35.319004 ], [ -80.934572, 35.321226 ], [ -80.931625, 35.322744 ], [ -80.932044, 35.32628 ], [ -80.932353, 35.330028 ], [ -80.930839, 35.33119 ], [ -80.931944, 35.335152 ], [ -80.933529, 35.335156 ], [ -80.934596, 35.334853 ], [ -80.935744, 35.337534 ], [ -80.936782, 35.340742 ], [ -80.936505, 35.344854 ], [ -80.934619, 35.338219 ], [ -80.933488, 35.336552 ], [ -80.931114, 35.33503 ], [ -80.922175, 35.329265 ], [ -80.901513, 35.315253 ], [ -80.900893, 35.313967 ], [ -80.900729, 35.313321 ], [ -80.900661, 35.312904 ], [ -80.898172, 35.312949 ], [ -80.896763, 35.311972 ], [ -80.893543, 35.309774 ], [ -80.897536, 35.308137 ], [ -80.898209, 35.308771 ], [ -80.898171, 35.305445 ], [ -80.900557, 35.308597 ], [ -80.900211, 35.308116 ], [ -80.901843, 35.30643 ], [ -80.900927, 35.306397 ], [ -80.902256, 35.303928 ], [ -80.905388, 35.30555 ], [ -80.907788, 35.301294 ], [ -80.907521, 35.299293 ], [ -80.90659, 35.297758 ], [ -80.90367, 35.297751 ], [ -80.903852, 35.294777 ], [ -80.906424, 35.294966 ], [ -80.907329, 35.295799 ], [ -80.908348, 35.295027 ], [ -80.910955, 35.295128 ], [ -80.911678, 35.295745 ], [ -80.912097, 35.296637 ], [ -80.911318, 35.302114 ], [ -80.909182, 35.302223 ], [ -80.90905, 35.304798 ], [ -80.91231, 35.306027 ], [ -80.911663, 35.308394 ], [ -80.916037, 35.31026 ], [ -80.917495, 35.30847 ], [ -80.921333, 35.308933 ], [ -80.919542, 35.304503 ], [ -80.921213, 35.304078 ], [ -80.922356, 35.306442 ], [ -80.926107, 35.309842 ], [ -80.938346, 35.319857 ], [ -80.936494, 35.319004 ] ] ], [ [ [ -80.960988, 35.278259 ], [ -80.958918, 35.27814 ], [ -80.957831, 35.278961 ], [ -80.957124, 35.27645 ], [ -80.958858, 35.275656 ], [ -80.961597, 35.277664 ], [ -80.960988, 35.278259 ] ] ], [ [ [ -80.984894, 35.340059 ], [ -80.983481, 35.341602 ], [ -80.981471, 35.342653 ], [ -80.976254, 35.344114 ], [ -80.974434, 35.34539 ], [ -80.97267, 35.350257 ], [ -80.969368, 35.351446 ], [ -80.967088, 35.350794 ], [ -80.963912, 35.347706 ], [ -80.962141, 35.347046 ], [ -80.958355, 35.349526 ], [ -80.956403, 35.350258 ], [ -80.952042, 35.350971 ], [ -80.943632, 35.350582 ], [ -80.942509, 35.350899 ], [ -80.939086, 35.353673 ], [ -80.938398, 35.351293 ], [ -80.938175, 35.35046 ], [ -80.939952, 35.347648 ], [ -80.942096, 35.34798 ], [ -80.940303, 35.349747 ], [ -80.939681, 35.350681 ], [ -80.940697, 35.349492 ], [ -80.942263, 35.349863 ], [ -80.942987, 35.348705 ], [ -80.944656, 35.34799 ], [ -80.945029, 35.346528 ], [ -80.944483, 35.344032 ], [ -80.945759, 35.345746 ], [ -80.945767, 35.347602 ], [ -80.94725, 35.349761 ], [ -80.948266, 35.34941 ], [ -80.951202, 35.350184 ], [ -80.952948, 35.349087 ], [ -80.955361, 35.349225 ], [ -80.957035, 35.348378 ], [ -80.955045, 35.346112 ], [ -80.950605, 35.343392 ], [ -80.952178, 35.342872 ], [ -80.952152, 35.34064 ], [ -80.950806, 35.339774 ], [ -80.951174, 35.336727 ], [ -80.950213, 35.335712 ], [ -80.950706, 35.334533 ], [ -80.948895, 35.333447 ], [ -80.9447, 35.334743 ], [ -80.942495, 35.333617 ], [ -80.939704, 35.331075 ], [ -80.946242, 35.324598 ], [ -80.949351, 35.323302 ], [ -80.95251, 35.320802 ], [ -80.95751, 35.328074 ], [ -80.962974, 35.336729 ], [ -80.963071, 35.338137 ], [ -80.96662, 35.341555 ], [ -80.968098, 35.344522 ], [ -80.96749, 35.3449 ], [ -80.967513, 35.345062 ], [ -80.968006, 35.345792 ], [ -80.968693, 35.347096 ], [ -80.969394, 35.347701 ], [ -80.969918, 35.347528 ], [ -80.97102, 35.347113 ], [ -80.971707, 35.345361 ], [ -80.973016, 35.344444 ], [ -80.974603, 35.34183 ], [ -80.973371, 35.341005 ], [ -80.975333, 35.340204 ], [ -80.974817, 35.337539 ], [ -80.976196, 35.339293 ], [ -80.975788, 35.341477 ], [ -80.977095, 35.342487 ], [ -80.978605, 35.342644 ], [ -80.981952, 35.341584 ], [ -80.984484, 35.338144 ], [ -80.983788, 35.337113 ], [ -80.984667, 35.33634 ], [ -80.985302, 35.337217 ], [ -80.984894, 35.340059 ] ] ], [ [ [ -80.98879, 35.317133 ], [ -80.987563, 35.319562 ], [ -80.989183, 35.320706 ], [ -80.985748, 35.322923 ], [ -80.983622, 35.324811 ], [ -80.982655, 35.325824 ], [ -80.981687, 35.327216 ], [ -80.980804, 35.32979 ], [ -80.981805, 35.333168 ], [ -80.980869, 35.33208 ], [ -80.981253, 35.333792 ], [ -80.980405, 35.332845 ], [ -80.97594, 35.334381 ], [ -80.971207, 35.331792 ], [ -80.972101, 35.331429 ], [ -80.97318, 35.329366 ], [ -80.970881, 35.327268 ], [ -80.972052, 35.325951 ], [ -80.971005, 35.324218 ], [ -80.972303, 35.324554 ], [ -80.972956, 35.325745 ], [ -80.972467, 35.326664 ], [ -80.973606, 35.32862 ], [ -80.974207, 35.326966 ], [ -80.973019, 35.324138 ], [ -80.974637, 35.323503 ], [ -80.977432, 35.323999 ], [ -80.976177, 35.320493 ], [ -80.975911, 35.320334 ], [ -80.974462, 35.320273 ], [ -80.969174, 35.324274 ], [ -80.970506, 35.325517 ], [ -80.96965, 35.326934 ], [ -80.966197, 35.326897 ], [ -80.96516, 35.326356 ], [ -80.967759, 35.324482 ], [ -80.968044, 35.323351 ], [ -80.967061, 35.321885 ], [ -80.967216, 35.320289 ], [ -80.969533, 35.319768 ], [ -80.970452, 35.317737 ], [ -80.970765, 35.317813 ], [ -80.971285, 35.316359 ], [ -80.975029, 35.315461 ], [ -80.97404, 35.313946 ], [ -80.976024, 35.314602 ], [ -80.975769, 35.316495 ], [ -80.978914, 35.318492 ], [ -80.981071, 35.317589 ], [ -80.983312, 35.317941 ], [ -80.986899, 35.315266 ], [ -80.990132, 35.316324 ], [ -80.98879, 35.317133 ] ] ], [ [ [ -81.014896, 35.26979 ], [ -81.013002, 35.274657 ], [ -81.01103, 35.278244 ], [ -81.009332, 35.280367 ], [ -81.007941, 35.284164 ], [ -81.007059, 35.289573 ], [ -81.004204, 35.296714 ], [ -81.00407, 35.297291 ], [ -81.003854, 35.297929 ], [ -81.001828, 35.301235 ], [ -81.000873, 35.305379 ], [ -80.995387, 35.309472 ], [ -80.993365, 35.313244 ], [ -80.989949, 35.313704 ], [ -80.990574, 35.311835 ], [ -80.988387, 35.31137 ], [ -80.987513, 35.309813 ], [ -80.989628, 35.308194 ], [ -80.989842, 35.305443 ], [ -80.989511, 35.304787 ], [ -80.98665, 35.306064 ], [ -80.984852, 35.305397 ], [ -80.98318, 35.303566 ], [ -80.986038, 35.302073 ], [ -80.986946, 35.301042 ], [ -80.987503, 35.300366 ], [ -80.985724, 35.300593 ], [ -80.980076, 35.298822 ], [ -80.979141, 35.298239 ], [ -80.976446, 35.295561 ], [ -80.97162, 35.292229 ], [ -80.968076, 35.290388 ], [ -80.968506, 35.290144 ], [ -80.964702, 35.28801 ], [ -80.964235, 35.287743 ], [ -80.964773, 35.285912 ], [ -80.965238, 35.281719 ], [ -80.963402, 35.27899 ], [ -80.965529, 35.280158 ], [ -80.968278, 35.283221 ], [ -80.971335, 35.281882 ], [ -80.96992, 35.281098 ], [ -80.971227, 35.279977 ], [ -80.97552, 35.279753 ], [ -80.977364, 35.279017 ], [ -80.97594, 35.276136 ], [ -80.972317, 35.274821 ], [ -80.973564, 35.273618 ], [ -80.97629, 35.27292 ], [ -80.976251, 35.271943 ], [ -80.974611, 35.270049 ], [ -80.975964, 35.268882 ], [ -80.975604, 35.263396 ], [ -80.973864, 35.262989 ], [ -80.972315, 35.260927 ], [ -80.96996, 35.261279 ], [ -80.969076, 35.259438 ], [ -80.967634, 35.259007 ], [ -80.9667, 35.254918 ], [ -80.967287, 35.252524 ], [ -80.968373, 35.251738 ], [ -80.96996, 35.250567 ], [ -80.970482, 35.249674 ], [ -80.97248, 35.247505 ], [ -80.97315, 35.244045 ], [ -80.984586, 35.248667 ], [ -80.993668, 35.253691 ], [ -81.008301, 35.248748 ], [ -81.008868, 35.250706 ], [ -81.011206, 35.2523 ], [ -81.013825, 35.257685 ], [ -81.014111, 35.258513 ], [ -81.01505, 35.268655 ], [ -81.014896, 35.26979 ] ], [ [ -80.990307, 35.302898 ], [ -80.990424, 35.300005 ], [ -80.988045, 35.301524 ], [ -80.987545, 35.303414 ], [ -80.991114, 35.304648 ], [ -80.990307, 35.302898 ] ] ] ] } },
{ "type": "Feature", "properties": { "county_subdivision": "1, Charlotte", "geoid": "3711993268" }, "geometry": { "type": "MultiPolygon", "coordinates": [ [ [ [ -80.672958, 35.281529 ], [ -80.671816, 35.281361 ], [ -80.671456, 35.281507 ], [ -80.670534, 35.278849 ], [ -80.671913, 35.278405 ], [ -80.672473, 35.27982 ], [ -80.672958, 35.281529 ] ] ], [ [ [ -80.677757, 35.293548 ], [ -80.675949, 35.294781 ], [ -80.672489, 35.284568 ], [ -80.673368, 35.284566 ], [ -80.67698, 35.287894 ], [ -80.680205, 35.293165 ], [ -80.677757, 35.293548 ] ] ], [ [ [ -80.710625, 35.280683 ], [ -80.708584, 35.281271 ], [ -80.706021, 35.281123 ], [ -80.704624, 35.282952 ], [ -80.704467, 35.28054 ], [ -80.705216, 35.279838 ], [ -80.704468, 35.278638 ], [ -80.707541, 35.276856 ], [ -80.708164, 35.277431 ], [ -80.707141, 35.278107 ], [ -80.708327, 35.279181 ], [ -80.708724, 35.27887 ], [ -80.709198, 35.278344 ], [ -80.709435, 35.278451 ], [ -80.708502, 35.27934 ], [ -80.710537, 35.279944 ], [ -80.710625, 35.280683 ] ] ], [ [ [ -80.729008, 35.351632 ], [ -80.728229, 35.352831 ], [ -80.727474, 35.352698 ], [ -80.727152, 35.352389 ], [ -80.726878, 35.352047 ], [ -80.725457, 35.350133 ], [ -80.727182, 35.349306 ], [ -80.726823, 35.348677 ], [ -80.728673, 35.347938 ], [ -80.729233, 35.348642 ], [ -80.729008, 35.351632 ] ] ], [ [ [ -80.744321, 35.364432 ], [ -80.743422, 35.364748 ], [ -80.741785, 35.36398 ], [ -80.742257, 35.359325 ], [ -80.743705, 35.360572 ], [ -80.745311, 35.361955 ], [ -80.744321, 35.364432 ] ] ], [ [ [ -80.873767, 35.332259 ], [ -80.871926, 35.333982 ], [ -80.866687, 35.335136 ], [ -80.866355, 35.33477 ], [ -80.868032, 35.334272 ], [ -80.873184, 35.331084 ], [ -80.873767, 35.332259 ] ] ], [ [ [ -80.896776, 35.337165 ], [ -80.893194, 35.331254 ], [ -80.895696, 35.332161 ], [ -80.896852, 35.332481 ], [ -80.896776, 35.337165 ] ] ], [ [ [ -80.90746, 35.328525 ], [ -80.905497, 35.329994 ], [ -80.904569, 35.329834 ], [ -80.904664, 35.329073 ], [ -80.904006, 35.326238 ], [ -80.904012, 35.324951 ], [ -80.905121, 35.326137 ], [ -80.90555, 35.326469 ], [ -80.905946, 35.326695 ], [ -80.907426, 35.327261 ], [ -80.90746, 35.328525 ] ] ], [ [ [ -80.991114, 35.304648 ], [ -80.987545, 35.303414 ], [ -80.988045, 35.301524 ], [ -80.990424, 35.300005 ], [ -80.990307, 35.302898 ], [ -80.991114, 35.304648 ] ] ], [ [ [ -80.992437, 35.193452 ], [ -80.98877, 35.194914 ], [ -80.983151, 35.194333 ], [ -80.980398, 35.194494 ], [ -80.979912, 35.19035 ], [ -80.977061, 35.190498 ], [ -80.97729, 35.191587 ], [ -80.97311, 35.191826 ], [ -80.973524, 35.192782 ], [ -80.970166, 35.192788 ], [ -80.972164, 35.189806 ], [ -80.974419, 35.190296 ], [ -80.974582, 35.18834 ], [ -80.975907, 35.188081 ], [ -80.976955, 35.189978 ], [ -80.979876, 35.189956 ], [ -80.984559, 35.188103 ], [ -80.985194, 35.190475 ], [ -80.989031, 35.189943 ], [ -80.98894, 35.191571 ], [ -80.991988, 35.192792 ], [ -80.992437, 35.193452 ] ] ], [ [ [ -81.00871, 35.153143 ], [ -81.006465, 35.155042 ], [ -81.005304, 35.156984 ], [ -81.003283, 35.157486 ], [ -81.004889, 35.1578 ], [ -81.004954, 35.160805 ], [ -81.005746, 35.163395 ], [ -81.004292, 35.164117 ], [ -80.999847, 35.162744 ], [ -80.996481, 35.169436 ], [ -80.99453, 35.167989 ], [ -80.993506, 35.168232 ], [ -80.993304, 35.167841 ], [ -80.992536, 35.167751 ], [ -80.991542, 35.168125 ], [ -80.991258, 35.168498 ], [ -80.990389, 35.168647 ], [ -80.988971, 35.168459 ], [ -80.988749, 35.168087 ], [ -80.987248, 35.165065 ], [ -80.985702, 35.165836 ], [ -80.982275, 35.164908 ], [ -80.981096, 35.16567 ], [ -80.978457, 35.165615 ], [ -80.976454, 35.16635 ], [ -80.974461, 35.16491 ], [ -80.974983, 35.164282 ], [ -80.974025, 35.164818 ], [ -80.972304, 35.16392 ], [ -80.973713, 35.166255 ], [ -80.973639, 35.169292 ], [ -80.974511, 35.171341 ], [ -80.973189, 35.171729 ], [ -80.969655, 35.172005 ], [ -80.96792, 35.165891 ], [ -80.966979, 35.165399 ], [ -80.96563, 35.166761 ], [ -80.964332, 35.168113 ], [ -80.963539, 35.167661 ], [ -80.9617, 35.165427 ], [ -80.960393, 35.164686 ], [ -80.952631, 35.162662 ], [ -80.953621, 35.165449 ], [ -80.945016, 35.162813 ], [ -80.943685, 35.161403 ], [ -80.934776, 35.16093 ], [ -80.933698, 35.161329 ], [ -80.934379, 35.163663 ], [ -80.937141, 35.164773 ], [ -80.939051, 35.166238 ], [ -80.935575, 35.169045 ], [ -80.939932, 35.167644 ], [ -80.940429, 35.169125 ], [ -80.939461, 35.170665 ], [ -80.940412, 35.171536 ], [ -80.940581, 35.173253 ], [ -80.941919, 35.172773 ], [ -80.940008, 35.175191 ], [ -80.938269, 35.178649 ], [ -80.936732, 35.178178 ], [ -80.937153, 35.179458 ], [ -80.931519, 35.180787 ], [ -80.930596, 35.181755 ], [ -80.932577, 35.186437 ], [ -80.939271, 35.183594 ], [ -80.937597, 35.180181 ], [ -80.939531, 35.18042 ], [ -80.94674, 35.177537 ], [ -80.948792, 35.176732 ], [ -80.953171, 35.176396 ], [ -80.955279, 35.175447 ], [ -80.95563, 35.173511 ], [ -80.957161, 35.17243 ], [ -80.959213, 35.173124 ], [ -80.956968, 35.179207 ], [ -80.956613, 35.180937 ], [ -80.95662, 35.182981 ], [ -80.95921, 35.186345 ], [ -80.957967, 35.189614 ], [ -80.95781, 35.189955 ], [ -80.960278, 35.190204 ], [ -80.960386, 35.187925 ], [ -80.964341, 35.187532 ], [ -80.969774, 35.183573 ], [ -80.970142, 35.182151 ], [ -80.969988, 35.175383 ], [ -80.972078, 35.175348 ], [ -80.976638, 35.174517 ], [ -80.977698, 35.172775 ], [ -80.977145, 35.172613 ], [ -80.976496, 35.170099 ], [ -80.980487, 35.167129 ], [ -80.984606, 35.168181 ], [ -80.985241, 35.17011 ], [ -80.986905, 35.170107 ], [ -80.987305, 35.169971 ], [ -80.985735, 35.172632 ], [ -80.983552, 35.172677 ], [ -80.984176, 35.174561 ], [ -80.97859, 35.177996 ], [ -80.978471, 35.180248 ], [ -80.97703, 35.180811 ], [ -80.97674, 35.182742 ], [ -80.975607, 35.183423 ], [ -80.971122, 35.181256 ], [ -80.970084, 35.184065 ], [ -80.971011, 35.186717 ], [ -80.970498, 35.187789 ], [ -80.968393, 35.187825 ], [ -80.967061, 35.190648 ], [ -80.96815, 35.195382 ], [ -80.967705, 35.19975 ], [ -80.967693, 35.203281 ], [ -80.971532, 35.203357 ], [ -80.971326, 35.20421 ], [ -80.972976, 35.20479 ], [ -80.975515, 35.20749 ], [ -80.973794, 35.207015 ], [ -80.972824, 35.208955 ], [ -80.969863, 35.207056 ], [ -80.96845, 35.206869 ], [ -80.96745, 35.206745 ], [ -80.967347, 35.208098 ], [ -80.967691, 35.212042 ], [ -80.968739, 35.212023 ], [ -80.969205, 35.212015 ], [ -80.970886, 35.213013 ], [ -80.97185, 35.212983 ], [ -80.973001, 35.213723 ], [ -80.973598, 35.213417 ], [ -80.974284, 35.214312 ], [ -80.97241, 35.215073 ], [ -80.969965, 35.215644 ], [ -80.969003, 35.215509 ], [ -80.96803, 35.215467 ], [ -80.968237, 35.218135 ], [ -80.968601, 35.219603 ], [ -80.969693, 35.219317 ], [ -80.969735, 35.219478 ], [ -80.970253, 35.219353 ], [ -80.971375, 35.220086 ], [ -80.970384, 35.221777 ], [ -80.970755, 35.223404 ], [ -80.969734, 35.223584 ], [ -80.970057, 35.229748 ], [ -80.969662, 35.232996 ], [ -80.967472, 35.236675 ], [ -80.967177, 35.239128 ], [ -80.968929, 35.239602 ], [ -80.968365, 35.245899 ], [ -80.96619, 35.247275 ], [ -80.960883, 35.245996 ], [ -80.960376, 35.245802 ], [ -80.958085, 35.246233 ], [ -80.957338, 35.2485 ], [ -80.960089, 35.248657 ], [ -80.963187, 35.250107 ], [ -80.965802, 35.249391 ], [ -80.96669, 35.25493 ], [ -80.9667, 35.254918 ], [ -80.967634, 35.259007 ], [ -80.969076, 35.259438 ], [ -80.96996, 35.261279 ], [ -80.972315, 35.260927 ], [ -80.973864, 35.262989 ], [ -80.975604, 35.263396 ], [ -80.975964, 35.268882 ], [ -80.974611, 35.270049 ], [ -80.976251, 35.271943 ], [ -80.97629, 35.27292 ], [ -80.973564, 35.273618 ], [ -80.972317, 35.274821 ], [ -80.97594, 35.276136 ], [ -80.977364, 35.279017 ], [ -80.97552, 35.279753 ], [ -80.971227, 35.279977 ], [ -80.96992, 35.281098 ], [ -80.971335, 35.281882 ], [ -80.968278, 35.283221 ], [ -80.965529, 35.280158 ], [ -80.963402, 35.27899 ], [ -80.965238, 35.281719 ], [ -80.964773, 35.285912 ], [ -80.964235, 35.287743 ], [ -80.964702, 35.28801 ], [ -80.968506, 35.290144 ], [ -80.968076, 35.290388 ], [ -80.97162, 35.292229 ], [ -80.976446, 35.295561 ], [ -80.979141, 35.298239 ], [ -80.980076, 35.298822 ], [ -80.985724, 35.300593 ], [ -80.987503, 35.300366 ], [ -80.986946, 35.301042 ], [ -80.986038, 35.302073 ], [ -80.98318, 35.303566 ], [ -80.984852, 35.305397 ], [ -80.98665, 35.306064 ], [ -80.989511, 35.304787 ], [ -80.989842, 35.305443 ], [ -80.989628, 35.308194 ], [ -80.987513, 35.309813 ], [ -80.988387, 35.31137 ], [ -80.990574, 35.311835 ], [ -80.989949, 35.313704 ], [ -80.993365, 35.313244 ], [ -80.992147, 35.316354 ], [ -80.989183, 35.320706 ], [ -80.987563, 35.319562 ], [ -80.98879, 35.317133 ], [ -80.990132, 35.316324 ], [ -80.986899, 35.315266 ], [ -80.983312, 35.317941 ], [ -80.981071, 35.317589 ], [ -80.978914, 35.318492 ], [ -80.975769, 35.316495 ], [ -80.976024, 35.314602 ], [ -80.97404, 35.313946 ], [ -80.975029, 35.315461 ], [ -80.971285, 35.316359 ], [ -80.970765, 35.317813 ], [ -80.970452, 35.317737 ], [ -80.969533, 35.319768 ], [ -80.967216, 35.320289 ], [ -80.967061, 35.321885 ], [ -80.968044, 35.323351 ], [ -80.967759, 35.324482 ], [ -80.96516, 35.326356 ], [ -80.966197, 35.326897 ], [ -80.96965, 35.326934 ], [ -80.970506, 35.325517 ], [ -80.969174, 35.324274 ], [ -80.974462, 35.320273 ], [ -80.975911, 35.320334 ], [ -80.976177, 35.320493 ], [ -80.977432, 35.323999 ], [ -80.974637, 35.323503 ], [ -80.973019, 35.324138 ], [ -80.974207, 35.326966 ], [ -80.973606, 35.32862 ], [ -80.972467, 35.326664 ], [ -80.972956, 35.325745 ], [ -80.972303, 35.324554 ], [ -80.971005, 35.324218 ], [ -80.972052, 35.325951 ], [ -80.970881, 35.327268 ], [ -80.97318, 35.329366 ], [ -80.972101, 35.331429 ], [ -80.971207, 35.331792 ], [ -80.97594, 35.334381 ], [ -80.980405, 35.332845 ], [ -80.981253, 35.333792 ], [ -80.980869, 35.33208 ], [ -80.981805, 35.333168 ], [ -80.982994, 35.335078 ], [ -80.984667, 35.33634 ], [ -80.983788, 35.337113 ], [ -80.984484, 35.338144 ], [ -80.981952, 35.341584 ], [ -80.978605, 35.342644 ], [ -80.977095, 35.342487 ], [ -80.975788, 35.341477 ], [ -80.976196, 35.339293 ], [ -80.974817, 35.337539 ], [ -80.975333, 35.340204 ], [ -80.973371, 35.341005 ], [ -80.974603, 35.34183 ], [ -80.973016, 35.344444 ], [ -80.971707, 35.345361 ], [ -80.97102, 35.347113 ], [ -80.969918, 35.347528 ], [ -80.969394, 35.347701 ], [ -80.968693, 35.347096 ], [ -80.968006, 35.345792 ], [ -80.967513, 35.345062 ], [ -80.96749, 35.3449 ], [ -80.968098, 35.344522 ], [ -80.96662, 35.341555 ], [ -80.963071, 35.338137 ], [ -80.962974, 35.336729 ], [ -80.95751, 35.328074 ], [ -80.95251, 35.320802 ], [ -80.949351, 35.323302 ], [ -80.946242, 35.324598 ], [ -80.939704, 35.331075 ], [ -80.942495, 35.333617 ], [ -80.9447, 35.334743 ], [ -80.948895, 35.333447 ], [ -80.950706, 35.334533 ], [ -80.950213, 35.335712 ], [ -80.951174, 35.336727 ], [ -80.950806, 35.339774 ], [ -80.952152, 35.34064 ], [ -80.952178, 35.342872 ], [ -80.950605, 35.343392 ], [ -80.955045, 35.346112 ], [ -80.957035, 35.348378 ], [ -80.955361, 35.349225 ], [ -80.952948, 35.349087 ], [ -80.951202, 35.350184 ], [ -80.948266, 35.34941 ], [ -80.94725, 35.349761 ], [ -80.945767, 35.347602 ], [ -80.945759, 35.345746 ], [ -80.944483, 35.344032 ], [ -80.945029, 35.346528 ], [ -80.944656, 35.34799 ], [ -80.942987, 35.348705 ], [ -80.942263, 35.349863 ], [ -80.940697, 35.349492 ], [ -80.939681, 35.350681 ], [ -80.940303, 35.349747 ], [ -80.942096, 35.34798 ], [ -80.939952, 35.347648 ], [ -80.938175, 35.35046 ], [ -80.937065, 35.347875 ], [ -80.93582, 35.344885 ], [ -80.936505, 35.344854 ], [ -80.936782, 35.340742 ], [ -80.935744, 35.337534 ], [ -80.934596, 35.334853 ], [ -80.933529, 35.335156 ], [ -80.931944, 35.335152 ], [ -80.930839, 35.33119 ], [ -80.932353, 35.330028 ], [ -80.932044, 35.32628 ], [ -80.931625, 35.322744 ], [ -80.934572, 35.321226 ], [ -80.936494, 35.319004 ], [ -80.938346, 35.319857 ], [ -80.926107, 35.309842 ], [ -80.922356, 35.306442 ], [ -80.921213, 35.304078 ], [ -80.919542, 35.304503 ], [ -80.921333, 35.308933 ], [ -80.917495, 35.30847 ], [ -80.916037, 35.31026 ], [ -80.911663, 35.308394 ], [ -80.91231, 35.306027 ], [ -80.90905, 35.304798 ], [ -80.909182, 35.302223 ], [ -80.911318, 35.302114 ], [ -80.912097, 35.296637 ], [ -80.911678, 35.295745 ], [ -80.910955, 35.295128 ], [ -80.908348, 35.295027 ], [ -80.907329, 35.295799 ], [ -80.906424, 35.294966 ], [ -80.903852, 35.294777 ], [ -80.90367, 35.297751 ], [ -80.90659, 35.297758 ], [ -80.907521, 35.299293 ], [ -80.907788, 35.301294 ], [ -80.905388, 35.30555 ], [ -80.902256, 35.303928 ], [ -80.900927, 35.306397 ], [ -80.901843, 35.30643 ], [ -80.900211, 35.308116 ], [ -80.900557, 35.308597 ], [ -80.898171, 35.305445 ], [ -80.898209, 35.308771 ], [ -80.897536, 35.308137 ], [ -80.893543, 35.309774 ], [ -80.891076, 35.309614 ], [ -80.891155, 35.308097 ], [ -80.893503, 35.307326 ], [ -80.890297, 35.302564 ], [ -80.887603, 35.304324 ], [ -80.885514, 35.302787 ], [ -80.885177, 35.301265 ], [ -80.887202, 35.29855 ], [ -80.884963, 35.298255 ], [ -80.884689, 35.299595 ], [ -80.88183, 35.298809 ], [ -80.8807, 35.299623 ], [ -80.878121, 35.298581 ], [ -80.876716, 35.295776 ], [ -80.877994, 35.29494 ], [ -80.877472, 35.292375 ], [ -80.876796, 35.292738 ], [ -80.876928, 35.289608 ], [ -80.878538, 35.290593 ], [ -80.878871, 35.29181 ], [ -80.881182, 35.292339 ], [ -80.883545, 35.294436 ], [ -80.884021, 35.296596 ], [ -80.884802, 35.296762 ], [ -80.885267, 35.296438 ], [ -80.886279, 35.293567 ], [ -80.886505, 35.289867 ], [ -80.883853, 35.28844 ], [ -80.882876, 35.29006 ], [ -80.879615, 35.289788 ], [ -80.881413, 35.28812 ], [ -80.880997, 35.288182 ], [ -80.880155, 35.286908 ], [ -80.877805, 35.288002 ], [ -80.877039, 35.288343 ], [ -80.876224, 35.288657 ], [ -80.873578, 35.291047 ], [ -80.874132, 35.292959 ], [ -80.871952, 35.292615 ], [ -80.866806, 35.289299 ], [ -80.864544, 35.287739 ], [ -80.86206, 35.288914 ], [ -80.86187, 35.28654 ], [ -80.85812, 35.284843 ], [ -80.858501, 35.286675 ], [ -80.856856, 35.292966 ], [ -80.855461, 35.300635 ], [ -80.85826, 35.304964 ], [ -80.866193, 35.305424 ], [ -80.871028, 35.307163 ], [ -80.87118, 35.307018 ], [ -80.876182, 35.309353 ], [ -80.882643, 35.31443 ], [ -80.887057, 35.317696 ], [ -80.892466, 35.320111 ], [ -80.896486, 35.314519 ], [ -80.896763, 35.311972 ], [ -80.898172, 35.312949 ], [ -80.900661, 35.312904 ], [ -80.900729, 35.313321 ], [ -80.898163, 35.314005 ], [ -80.898052, 35.318374 ], [ -80.895879, 35.31818 ], [ -80.894842, 35.321073 ], [ -80.899802, 35.322338 ], [ -80.901982, 35.322707 ], [ -80.901794, 35.323781 ], [ -80.89997, 35.323534 ], [ -80.898306, 35.323516 ], [ -80.898181, 35.326373 ], [ -80.897144, 35.326607 ], [ -80.897382, 35.327736 ], [ -80.896911, 35.327976 ], [ -80.894517, 35.326023 ], [ -80.89068, 35.326597 ], [ -80.889911, 35.3255 ], [ -80.888905, 35.326318 ], [ -80.886944, 35.3282 ], [ -80.888626, 35.328931 ], [ -80.888521, 35.332509 ], [ -80.885925, 35.333445 ], [ -80.886123, 35.327927 ], [ -80.885258, 35.328256 ], [ -80.885648, 35.327705 ], [ -80.884564, 35.326626 ], [ -80.883672, 35.327097 ], [ -80.882316, 35.328431 ], [ -80.881635, 35.329616 ], [ -80.879425, 35.330587 ], [ -80.881569, 35.333763 ], [ -80.883193, 35.33691 ], [ -80.87745, 35.33898 ], [ -80.879664, 35.342341 ], [ -80.883762, 35.345039 ], [ -80.883893, 35.342847 ], [ -80.885639, 35.341577 ], [ -80.888076, 35.340717 ], [ -80.891449, 35.340307 ], [ -80.899328, 35.340524 ], [ -80.9013, 35.340365 ], [ -80.904842, 35.339327 ], [ -80.905945, 35.339556 ], [ -80.907261, 35.34221 ], [ -80.906838, 35.343372 ], [ -80.904909, 35.344757 ], [ -80.900898, 35.345512 ], [ -80.897566, 35.346707 ], [ -80.895506, 35.34675 ], [ -80.890183, 35.345878 ], [ -80.885437, 35.346558 ], [ -80.882812, 35.347631 ], [ -80.878729, 35.350696 ], [ -80.875732, 35.353046 ], [ -80.871134, 35.356085 ], [ -80.869568, 35.357262 ], [ -80.863974, 35.361526 ], [ -80.862648, 35.36059 ], [ -80.857692, 35.359888 ], [ -80.857172, 35.359022 ], [ -80.85738, 35.357909 ], [ -80.854636, 35.360536 ], [ -80.853281, 35.361201 ], [ -80.853589, 35.361687 ], [ -80.854125, 35.362478 ], [ -80.8546, 35.364876 ], [ -80.85599, 35.366487 ], [ -80.855429, 35.366723 ], [ -80.853726, 35.364677 ], [ -80.853772, 35.362622 ], [ -80.853292, 35.361826 ], [ -80.852302, 35.359717 ], [ -80.851453, 35.360413 ], [ -80.849177, 35.360573 ], [ -80.849073, 35.359686 ], [ -80.850629, 35.357924 ], [ -80.852977, 35.358662 ], [ -80.854081, 35.356766 ], [ -80.853301, 35.355859 ], [ -80.854878, 35.354776 ], [ -80.851005, 35.356138 ], [ -80.848347, 35.355575 ], [ -80.846421, 35.353984 ], [ -80.847421, 35.351368 ], [ -80.849307, 35.348995 ], [ -80.846115, 35.348462 ], [ -80.845329, 35.352309 ], [ -80.841109, 35.351679 ], [ -80.840669, 35.353943 ], [ -80.83619, 35.354284 ], [ -80.837648, 35.356877 ], [ -80.838528, 35.357397 ], [ -80.838128, 35.361852 ], [ -80.836436, 35.361826 ], [ -80.836394, 35.363215 ], [ -80.83333, 35.363338 ], [ -80.82692, 35.365031 ], [ -80.825735, 35.363707 ], [ -80.827504, 35.362512 ], [ -80.826403, 35.360304 ], [ -80.827827, 35.359798 ], [ -80.832638, 35.359349 ], [ -80.833688, 35.35752 ], [ -80.830636, 35.357989 ], [ -80.827903, 35.357766 ], [ -80.827617, 35.358793 ], [ -80.827838, 35.351816 ], [ -80.825637, 35.349503 ], [ -80.823304, 35.349299 ], [ -80.82268, 35.353662 ], [ -80.822089, 35.353583 ], [ -80.819373, 35.36123 ], [ -80.819722, 35.363869 ], [ -80.8163, 35.365909 ], [ -80.815861, 35.366576 ], [ -80.81074, 35.366999 ], [ -80.810152, 35.366386 ], [ -80.805645, 35.367049 ], [ -80.806294, 35.36763 ], [ -80.811059, 35.367359 ], [ -80.811707, 35.369666 ], [ -80.809632, 35.37082 ], [ -80.807723, 35.372357 ], [ -80.805142, 35.373448 ], [ -80.794179, 35.380795 ], [ -80.791301, 35.381784 ], [ -80.790398, 35.382093 ], [ -80.789256, 35.382595 ], [ -80.78728, 35.384134 ], [ -80.784823, 35.386406 ], [ -80.77922, 35.3907 ], [ -80.775593, 35.392678 ], [ -80.775126, 35.392358 ], [ -80.774385, 35.392752 ], [ -80.77206, 35.394877 ], [ -80.769528, 35.397257 ], [ -80.764295, 35.400203 ], [ -80.759747, 35.397471 ], [ -80.755309, 35.394823 ], [ -80.754708, 35.393919 ], [ -80.754195, 35.39315 ], [ -80.755153, 35.393464 ], [ -80.754118, 35.392237 ], [ -80.754192, 35.391071 ], [ -80.753119, 35.389665 ], [ -80.753345, 35.388943 ], [ -80.752387, 35.388855 ], [ -80.751882, 35.389687 ], [ -80.751421, 35.388997 ], [ -80.751022, 35.38852 ], [ -80.748131, 35.385094 ], [ -80.744834, 35.381172 ], [ -80.74441, 35.380667 ], [ -80.742589, 35.379303 ], [ -80.74046, 35.377708 ], [ -80.738754, 35.373969 ], [ -80.737316, 35.374048 ], [ -80.73893, 35.370958 ], [ -80.735628, 35.368478 ], [ -80.735751, 35.367952 ], [ -80.736986, 35.367093 ], [ -80.739294, 35.366271 ], [ -80.739636, 35.367821 ], [ -80.737989, 35.368854 ], [ -80.738335, 35.370403 ], [ -80.741469, 35.368846 ], [ -80.745595, 35.369852 ], [ -80.745881, 35.363897 ], [ -80.747021, 35.363403 ], [ -80.745958, 35.36221 ], [ -80.745319, 35.360515 ], [ -80.7452, 35.360199 ], [ -80.745062, 35.359843 ], [ -80.743933, 35.359784 ], [ -80.743937, 35.358691 ], [ -80.742458, 35.357867 ], [ -80.742688, 35.35594 ], [ -80.743694, 35.356124 ], [ -80.745018, 35.354052 ], [ -80.742348, 35.352308 ], [ -80.738726, 35.35235 ], [ -80.738642, 35.353555 ], [ -80.73674, 35.350973 ], [ -80.736642, 35.349665 ], [ -80.737565, 35.347143 ], [ -80.737458, 35.345644 ], [ -80.737026, 35.345384 ], [ -80.739094, 35.343363 ], [ -80.738508, 35.343253 ], [ -80.736917, 35.343622 ], [ -80.737839, 35.339855 ], [ -80.736458, 35.336576 ], [ -80.730291, 35.337391 ], [ -80.727198, 35.334138 ], [ -80.72563, 35.3316 ], [ -80.722967, 35.331997 ], [ -80.719294, 35.327453 ], [ -80.719158, 35.328896 ], [ -80.718936, 35.330735 ], [ -80.719479, 35.332969 ], [ -80.719815, 35.333636 ], [ -80.720295, 35.333888 ], [ -80.719708, 35.334144 ], [ -80.722443, 35.336653 ], [ -80.722148, 35.337995 ], [ -80.719742, 35.338969 ], [ -80.720658, 35.342514 ], [ -80.716065, 35.343878 ], [ -80.718286, 35.347723 ], [ -80.71465, 35.347914 ], [ -80.715719, 35.350971 ], [ -80.713109, 35.353134 ], [ -80.711663, 35.351219 ], [ -80.710617, 35.351635 ], [ -80.708342, 35.35035 ], [ -80.707, 35.351954 ], [ -80.703502, 35.349854 ], [ -80.697144, 35.344399 ], [ -80.698206, 35.343674 ], [ -80.701119, 35.345467 ], [ -80.702276, 35.342854 ], [ -80.705781, 35.344083 ], [ -80.703881, 35.340028 ], [ -80.704186, 35.339583 ], [ -80.703731, 35.339889 ], [ -80.702014, 35.341075 ], [ -80.698037, 35.343553 ], [ -80.698034, 35.341591 ], [ -80.69723, 35.34068 ], [ -80.697449, 35.339045 ], [ -80.696553, 35.337692 ], [ -80.694931, 35.338547 ], [ -80.694898, 35.337177 ], [ -80.692882, 35.334861 ], [ -80.68954, 35.335595 ], [ -80.687215, 35.32848 ], [ -80.68644, 35.32611 ], [ -80.685372, 35.322838 ], [ -80.686613, 35.32261 ], [ -80.685481, 35.317495 ], [ -80.684543, 35.315554 ], [ -80.689175, 35.315319 ], [ -80.689472, 35.321183 ], [ -80.68729, 35.322386 ], [ -80.690022, 35.324914 ], [ -80.691209, 35.323358 ], [ -80.691117, 35.322521 ], [ -80.694519, 35.320382 ], [ -80.694195, 35.318819 ], [ -80.692264, 35.318713 ], [ -80.693411, 35.315154 ], [ -80.693761, 35.315117 ], [ -80.697738, 35.314772 ], [ -80.707637, 35.312393 ], [ -80.712137, 35.311338 ], [ -80.709736, 35.308297 ], [ -80.705142, 35.309646 ], [ -80.701531, 35.309033 ], [ -80.68982, 35.305459 ], [ -80.688076, 35.30468 ], [ -80.6849, 35.308577 ], [ -80.683588, 35.308003 ], [ -80.683066, 35.309142 ], [ -80.680953, 35.309977 ], [ -80.679144, 35.302077 ], [ -80.678158, 35.301161 ], [ -80.679132, 35.30035 ], [ -80.68261, 35.296477 ], [ -80.683099, 35.295911 ], [ -80.678132, 35.287222 ], [ -80.677526, 35.284538 ], [ -80.677893, 35.283548 ], [ -80.678537, 35.282649 ], [ -80.676902, 35.279605 ], [ -80.675621, 35.273916 ], [ -80.672127, 35.273306 ], [ -80.670353, 35.27351 ], [ -80.670581, 35.271885 ], [ -80.673763, 35.270791 ], [ -80.676166, 35.270885 ], [ -80.678546, 35.271957 ], [ -80.678874, 35.268976 ], [ -80.685136, 35.264945 ], [ -80.684196, 35.264127 ], [ -80.684764, 35.262169 ], [ -80.679952, 35.258417 ], [ -80.679052, 35.258076 ], [ -80.677091, 35.258649 ], [ -80.674715, 35.259656 ], [ -80.677111, 35.26212 ], [ -80.678205, 35.261509 ], [ -80.676079, 35.265778 ], [ -80.672349, 35.264948 ], [ -80.671407, 35.263747 ], [ -80.672145, 35.263345 ], [ -80.670845, 35.261737 ], [ -80.668915, 35.263037 ], [ -80.664133, 35.258157 ], [ -80.658056, 35.254369 ], [ -80.655192, 35.251689 ], [ -80.656713, 35.248067 ], [ -80.663212, 35.242497 ], [ -80.655212, 35.239412 ], [ -80.651516, 35.239883 ], [ -80.654773, 35.232799 ], [ -80.653958, 35.232862 ], [ -80.652992, 35.235092 ], [ -80.652097, 35.235008 ], [ -80.649951, 35.240115 ], [ -80.648143, 35.240416 ], [ -80.648035, 35.239337 ], [ -80.646104, 35.2386 ], [ -80.644027, 35.238574 ], [ -80.64231, 35.238178 ], [ -80.640588, 35.237296 ], [ -80.638263, 35.236156 ], [ -80.636279, 35.236141 ], [ -80.636016, 35.236016 ], [ -80.637602, 35.232824 ], [ -80.634768, 35.232162 ], [ -80.635779, 35.229648 ], [ -80.635086, 35.225709 ], [ -80.635684, 35.225618 ], [ -80.640548, 35.225402 ], [ -80.64045, 35.223122 ], [ -80.642132, 35.222839 ], [ -80.642929, 35.222597 ], [ -80.64295, 35.223829 ], [ -80.643388, 35.225028 ], [ -80.649015, 35.227317 ], [ -80.653797, 35.227223 ], [ -80.654596, 35.227215 ], [ -80.654152, 35.226161 ], [ -80.656192, 35.22372 ], [ -80.656142, 35.220338 ], [ -80.651892, 35.222581 ], [ -80.651067, 35.219033 ], [ -80.655486, 35.217041 ], [ -80.66149, 35.2127 ], [ -80.662376, 35.211103 ], [ -80.663747, 35.209295 ], [ -80.670104, 35.208392 ], [ -80.670115, 35.207994 ], [ -80.671778, 35.205324 ], [ -80.671468, 35.204907 ], [ -80.671417, 35.204836 ], [ -80.672597, 35.204321 ], [ -80.672747, 35.204235 ], [ -80.672868, 35.204306 ], [ -80.677073, 35.206498 ], [ -80.677557, 35.207494 ], [ -80.680088, 35.207084 ], [ -80.681397, 35.2067 ], [ -80.681981, 35.206632 ], [ -80.683033, 35.206145 ], [ -80.683202, 35.205609 ], [ -80.683599, 35.205281 ], [ -80.684003, 35.204849 ], [ -80.68587, 35.20361 ], [ -80.68647, 35.203151 ], [ -80.682966, 35.19988 ], [ -80.687874, 35.199084 ], [ -80.692285, 35.201405 ], [ -80.692393, 35.201898 ], [ -80.694795, 35.201122 ], [ -80.694602, 35.200615 ], [ -80.694588, 35.200578 ], [ -80.696027, 35.198761 ], [ -80.698777, 35.197673 ], [ -80.699373, 35.196172 ], [ -80.704926, 35.19324 ], [ -80.705177, 35.192641 ], [ -80.708733, 35.187172 ], [ -80.710719, 35.185691 ], [ -80.712106, 35.183617 ], [ -80.712328, 35.183794 ], [ -80.712716, 35.184102 ], [ -80.714698, 35.184165 ], [ -80.713976, 35.183466 ], [ -80.713677, 35.183194 ], [ -80.707095, 35.177195 ], [ -80.706975, 35.175245 ], [ -80.707455, 35.175008 ], [ -80.708115, 35.174551 ], [ -80.706841, 35.173344 ], [ -80.710183, 35.168616 ], [ -80.713462, 35.165356 ], [ -80.715936, 35.162911 ], [ -80.717593, 35.162017 ], [ -80.716035, 35.159704 ], [ -80.715869, 35.158186 ], [ -80.720286, 35.154757 ], [ -80.71911, 35.153849 ], [ -80.719409, 35.151083 ], [ -80.716117, 35.148035 ], [ -80.722372, 35.146024 ], [ -80.72252, 35.145089 ], [ -80.720322, 35.142582 ], [ -80.723319, 35.141671 ], [ -80.727866, 35.142004 ], [ -80.731051, 35.139034 ], [ -80.72934, 35.136657 ], [ -80.736499, 35.13399 ], [ -80.736672, 35.134327 ], [ -80.740259, 35.13282 ], [ -80.743662, 35.131548 ], [ -80.742073, 35.127266 ], [ -80.748072, 35.128482 ], [ -80.748163, 35.126107 ], [ -80.749389, 35.126035 ], [ -80.74875, 35.125586 ], [ -80.747308, 35.123139 ], [ -80.75149, 35.124003 ], [ -80.751141, 35.118017 ], [ -80.746644, 35.118932 ], [ -80.744199, 35.117131 ], [ -80.743839, 35.115519 ], [ -80.745957, 35.114823 ], [ -80.749241, 35.114684 ], [ -80.752614, 35.11456 ], [ -80.754018, 35.114208 ], [ -80.756542, 35.113267 ], [ -80.758246, 35.112436 ], [ -80.759149, 35.111916 ], [ -80.761227, 35.110455 ], [ -80.759128, 35.10826 ], [ -80.763541, 35.105716 ], [ -80.7605, 35.104041 ], [ -80.758971, 35.101435 ], [ -80.759142, 35.096268 ], [ -80.755582, 35.096212 ], [ -80.753074, 35.095974 ], [ -80.753614, 35.096839 ], [ -80.754661, 35.097789 ], [ -80.753691, 35.098435 ], [ -80.752071, 35.09909 ], [ -80.750058, 35.099075 ], [ -80.749198, 35.098918 ], [ -80.748189, 35.098098 ], [ -80.746163, 35.098853 ], [ -80.745577, 35.099983 ], [ -80.745741, 35.101261 ], [ -80.745255, 35.101217 ], [ -80.741849, 35.102763 ], [ -80.741316, 35.098791 ], [ -80.740139, 35.098938 ], [ -80.739174, 35.101024 ], [ -80.737706, 35.101321 ], [ -80.73621, 35.099783 ], [ -80.735959, 35.100074 ], [ -80.73593, 35.100089 ], [ -80.735825, 35.100203 ], [ -80.734148, 35.100913 ], [ -80.7327, 35.101512 ], [ -80.732552, 35.100381 ], [ -80.73358, 35.097636 ], [ -80.734085, 35.09684 ], [ -80.734631, 35.092629 ], [ -80.733002, 35.090217 ], [ -80.731969, 35.087873 ], [ -80.731261, 35.082997 ], [ -80.730261, 35.081194 ], [ -80.73013, 35.080975 ], [ -80.723477, 35.082317 ], [ -80.718867, 35.081749 ], [ -80.717422, 35.08207 ], [ -80.711633, 35.085724 ], [ -80.707996, 35.084591 ], [ -80.705512, 35.084163 ], [ -80.710014, 35.080655 ], [ -80.717636, 35.074663 ], [ -80.718027, 35.074359 ], [ -80.723992, 35.069768 ], [ -80.72548, 35.068627 ], [ -80.727633, 35.066959 ], [ -80.728414, 35.06635 ], [ -80.733809, 35.062199 ], [ -80.739269, 35.063342 ], [ -80.742656, 35.055853 ], [ -80.741806, 35.055916 ], [ -80.751695, 35.048377 ], [ -80.752817, 35.047519 ], [ -80.757616, 35.048151 ], [ -80.757352, 35.049376 ], [ -80.762153, 35.051496 ], [ -80.762714, 35.052552 ], [ -80.762979, 35.051479 ], [ -80.766045, 35.045404 ], [ -80.767097, 35.044905 ], [ -80.767508, 35.04844 ], [ -80.76948, 35.049473 ], [ -80.769353, 35.045942 ], [ -80.768277, 35.038347 ], [ -80.767555, 35.036286 ], [ -80.773162, 35.032949 ], [ -80.776664, 35.03307 ], [ -80.779795, 35.032738 ], [ -80.780961, 35.033281 ], [ -80.789952, 35.031162 ], [ -80.790224, 35.030726 ], [ -80.792806, 35.029914 ], [ -80.796894, 35.029831 ], [ -80.800369, 35.027946 ], [ -80.804506, 35.027749 ], [ -80.805909, 35.025506 ], [ -80.808696, 35.023233 ], [ -80.810867, 35.021999 ], [ -80.811156, 35.02148 ], [ -80.811173, 35.021453 ], [ -80.814603, 35.020438 ], [ -80.815686, 35.019465 ], [ -80.82101, 35.017326 ], [ -80.82232, 35.016139 ], [ -80.822206, 35.01465 ], [ -80.825059, 35.011972 ], [ -80.827919, 35.010464 ], [ -80.829179, 35.011817 ], [ -80.829391, 35.01289 ], [ -80.829516, 35.013606 ], [ -80.832225, 35.019024 ], [ -80.835409, 35.017917 ], [ -80.841818, 35.024533 ], [ -80.846463, 35.022078 ], [ -80.845508, 35.019992 ], [ -80.846453, 35.019684 ], [ -80.848769, 35.021147 ], [ -80.849452, 35.019269 ], [ -80.848247, 35.019341 ], [ -80.847581, 35.01806 ], [ -80.848477, 35.017037 ], [ -80.849918, 35.018014 ], [ -80.850465, 35.016697 ], [ -80.851218, 35.014659 ], [ -80.851412780259693, 35.014491895082202 ], [ -80.851439547178501, 35.014523095046101 ], [ -80.851506742328596, 35.014601418825897 ], [ -80.8530249405039, 35.016371055763003 ], [ -80.864377803826102, 35.029604141273502 ], [ -80.8705476598941, 35.036795827689303 ], [ -80.868605, 35.038235 ], [ -80.867563, 35.038783 ], [ -80.863533, 35.040518 ], [ -80.861757, 35.040543 ], [ -80.865442, 35.044585 ], [ -80.866799, 35.047718 ], [ -80.867686, 35.049471 ], [ -80.873379, 35.055547 ], [ -80.876063, 35.058986 ], [ -80.876531, 35.059977 ], [ -80.874528, 35.060476 ], [ -80.875929, 35.062307 ], [ -80.876949, 35.062879 ], [ -80.877862, 35.069211 ], [ -80.878975, 35.072172 ], [ -80.877348, 35.07284 ], [ -80.874591, 35.0761 ], [ -80.872503, 35.080697 ], [ -80.871852, 35.080521 ], [ -80.869673, 35.084399 ], [ -80.868592, 35.084944 ], [ -80.870721, 35.087309 ], [ -80.870608, 35.089328 ], [ -80.863051, 35.08759 ], [ -80.857537, 35.087597 ], [ -80.85395, 35.089824 ], [ -80.857903, 35.093566 ], [ -80.859539, 35.096543 ], [ -80.859687, 35.097319 ], [ -80.864997, 35.0973 ], [ -80.866896, 35.096721 ], [ -80.868527, 35.095492 ], [ -80.869976, 35.096296 ], [ -80.87339, 35.096636 ], [ -80.87637, 35.096242 ], [ -80.876682, 35.096212 ], [ -80.876764, 35.096344 ], [ -80.876875, 35.097152 ], [ -80.876894, 35.097381 ], [ -80.876934, 35.097856 ], [ -80.877182, 35.097871 ], [ -80.877453, 35.097889 ], [ -80.877652, 35.098543 ], [ -80.878155, 35.098358 ], [ -80.880977, 35.101296 ], [ -80.88295, 35.102165 ], [ -80.883095, 35.100945 ], [ -80.884442, 35.102445 ], [ -80.892345, 35.105645 ], [ -80.895692, 35.108229 ], [ -80.897431, 35.106422 ], [ -80.897881, 35.104469 ], [ -80.899699, 35.102991 ], [ -80.901375, 35.103098 ], [ -80.903163, 35.105213 ], [ -80.902539, 35.106436 ], [ -80.904649, 35.107697 ], [ -80.91176, 35.109506 ], [ -80.91588, 35.109007 ], [ -80.915382, 35.106509 ], [ -80.9154, 35.105661 ], [ -80.920123328603793, 35.091408078367103 ], [ -80.931064327286407, 35.103215587809302 ], [ -80.93495, 35.107409 ], [ -80.947099925080593, 35.099579401682298 ], [ -80.957631073233401, 35.092792968077802 ], [ -80.95787, 35.092639 ], [ -80.972181502834502, 35.084434790824702 ], [ -80.978361039768103, 35.080892310751402 ], [ -80.98416, 35.077568 ], [ -80.989035753456406, 35.074772876461402 ], [ -80.989013, 35.075875 ], [ -80.990101, 35.079621 ], [ -80.995538, 35.078833 ], [ -80.99572, 35.08131 ], [ -80.990776, 35.081669 ], [ -80.992355, 35.086437 ], [ -80.996374, 35.085356 ], [ -80.998708, 35.085967 ], [ -81.004297, 35.089417 ], [ -81.006565, 35.087259 ], [ -81.007554, 35.088819 ], [ -81.006275, 35.092227 ], [ -81.005516, 35.094315 ], [ -81.00516, 35.094576 ], [ -81.007573, 35.099675 ], [ -81.008337, 35.10581 ], [ -81.007648, 35.10505 ], [ -81.005412, 35.106879 ], [ -80.996666, 35.110191 ], [ -80.995852, 35.109527 ], [ -80.994292, 35.108254 ], [ -80.990508, 35.11058 ], [ -80.987779, 35.109906 ], [ -80.987531, 35.111278 ], [ -80.991163, 35.113227 ], [ -80.992945, 35.110805 ], [ -80.998857, 35.114793 ], [ -81.004518, 35.113675 ], [ -81.004742, 35.115092 ], [ -80.999837, 35.116278 ], [ -81.001077, 35.117606 ], [ -81.005666, 35.116711 ], [ -81.006247, 35.117222 ], [ -81.007858, 35.121993 ], [ -81.00497, 35.122304 ], [ -80.9987, 35.121686 ], [ -80.997104, 35.121061 ], [ -80.998987, 35.119198 ], [ -80.997211, 35.118238 ], [ -80.995311, 35.120099 ], [ -80.995024, 35.119946 ], [ -80.996362, 35.122531 ], [ -80.997275, 35.126173 ], [ -80.999829, 35.128451 ], [ -80.999738, 35.127154 ], [ -81.001897, 35.123095 ], [ -81.004859, 35.126181 ], [ -81.007218, 35.130022 ], [ -81.007473, 35.13312 ], [ -81.009191, 35.134731 ], [ -81.007658, 35.13581 ], [ -81.006674, 35.135307 ], [ -81.00491, 35.139517 ], [ -81.002492, 35.141508 ], [ -81.001626, 35.141526 ], [ -80.998615, 35.138279 ], [ -80.997414, 35.140175 ], [ -80.995096, 35.13948 ], [ -80.998683, 35.141212 ], [ -81.002127, 35.144925 ], [ -81.002073, 35.145849 ], [ -81.001923, 35.146007 ], [ -81.001313, 35.146645 ], [ -81.003301, 35.149511 ], [ -81.00497, 35.150047 ], [ -81.00253, 35.151962 ], [ -81.002702, 35.154413 ], [ -81.000716, 35.15457 ], [ -80.997938, 35.155823 ], [ -81.002569, 35.155133 ], [ -81.003848, 35.154217 ], [ -81.004543, 35.15201 ], [ -81.007455, 35.150702 ], [ -81.009491, 35.151334 ], [ -81.00871, 35.153143 ] ], [ [ -80.961597, 35.277664 ], [ -80.958858, 35.275656 ], [ -80.957124, 35.27645 ], [ -80.957831, 35.278961 ], [ -80.958918, 35.27814 ], [ -80.960988, 35.278259 ], [ -80.961597, 35.277664 ] ], [ [ -80.882247, 35.326613 ], [ -80.879293, 35.32362 ], [ -80.8799, 35.323074 ], [ -80.880001, 35.322981 ], [ -80.87987, 35.321388 ], [ -80.878762, 35.320265 ], [ -80.878137, 35.320652 ], [ -80.877816, 35.322324 ], [ -80.874581, 35.323596 ], [ -80.872339, 35.320661 ], [ -80.869652, 35.320761 ], [ -80.869066, 35.321989 ], [ -80.865662, 35.321824 ], [ -80.866774, 35.325229 ], [ -80.866842, 35.325366 ], [ -80.867049, 35.325664 ], [ -80.867551, 35.325134 ], [ -80.867431, 35.323855 ], [ -80.867015, 35.323291 ], [ -80.868569, 35.323445 ], [ -80.870372, 35.323883 ], [ -80.870776, 35.325174 ], [ -80.868175, 35.326804 ], [ -80.86494, 35.330159 ], [ -80.866967, 35.333969 ], [ -80.866124, 35.334528 ], [ -80.861017, 35.334109 ], [ -80.861428, 35.336999 ], [ -80.858618, 35.336505 ], [ -80.857516, 35.335051 ], [ -80.857853, 35.33776 ], [ -80.856555, 35.338619 ], [ -80.859195, 35.340603 ], [ -80.860628, 35.337327 ], [ -80.867083, 35.336187 ], [ -80.867736, 35.336058 ], [ -80.871025, 35.340445 ], [ -80.876685, 35.338034 ], [ -80.880321, 35.336809 ], [ -80.879698, 35.335392 ], [ -80.877448, 35.336191 ], [ -80.875739, 35.334899 ], [ -80.875062, 35.333406 ], [ -80.876584, 35.333517 ], [ -80.875515, 35.329769 ], [ -80.877696, 35.32837 ], [ -80.879746, 35.328575 ], [ -80.882247, 35.326613 ] ], [ [ -80.880455, 35.333801 ], [ -80.878723, 35.33368 ], [ -80.878591, 35.335032 ], [ -80.879159, 35.335429 ], [ -80.880232, 35.335047 ], [ -80.88121, 35.333776 ], [ -80.880455, 35.333801 ] ], [ [ -80.810363, 35.352991 ], [ -80.805661, 35.353077 ], [ -80.806778, 35.349908 ], [ -80.806107, 35.348676 ], [ -80.802531, 35.346325 ], [ -80.802062, 35.3464 ], [ -80.80031, 35.34742 ], [ -80.799519, 35.349252 ], [ -80.797816, 35.350095 ], [ -80.798269, 35.352955 ], [ -80.795366, 35.351753 ], [ -80.79514, 35.352201 ], [ -80.793225, 35.352162 ], [ -80.792882, 35.353071 ], [ -80.792496, 35.353776 ], [ -80.794565, 35.355424 ], [ -80.794676, 35.355331 ], [ -80.798095, 35.356976 ], [ -80.799601, 35.359489 ], [ -80.801947, 35.359352 ], [ -80.807854, 35.357824 ], [ -80.810308, 35.358754 ], [ -80.810363, 35.352991 ] ], [ [ -80.767882, 35.055579 ], [ -80.765854, 35.053242 ], [ -80.764112, 35.054957 ], [ -80.75918, 35.055605 ], [ -80.761945, 35.05858 ], [ -80.76052, 35.06024 ], [ -80.7623, 35.060495 ], [ -80.767958, 35.05908 ], [ -80.767882, 35.055579 ] ], [ [ -80.756091, 35.053254 ], [ -80.750327, 35.058088 ], [ -80.751509, 35.0593 ], [ -80.751704, 35.059342 ], [ -80.757495, 35.054481 ], [ -80.756091, 35.053254 ] ], [ [ -80.715051, 35.275305 ], [ -80.713094, 35.270685 ], [ -80.712316, 35.27089 ], [ -80.707882, 35.268829 ], [ -80.702973, 35.268207 ], [ -80.70087, 35.267015 ], [ -80.700646, 35.270347 ], [ -80.699906, 35.271346 ], [ -80.698302, 35.271192 ], [ -80.699217, 35.266078 ], [ -80.696744, 35.264675 ], [ -80.699978, 35.261218 ], [ -80.698336, 35.261146 ], [ -80.70064, 35.258599 ], [ -80.699702, 35.257813 ], [ -80.700636, 35.256288 ], [ -80.702243, 35.253084 ], [ -80.703781, 35.252723 ], [ -80.708107, 35.254168 ], [ -80.7082, 35.250251 ], [ -80.710459, 35.249082 ], [ -80.709204, 35.2461 ], [ -80.707336, 35.245701 ], [ -80.706547, 35.244026 ], [ -80.705598, 35.244397 ], [ -80.705928, 35.24584 ], [ -80.706579, 35.246473 ], [ -80.706702, 35.24699 ], [ -80.705613, 35.247721 ], [ -80.704631, 35.247327 ], [ -80.70286, 35.249131 ], [ -80.702342, 35.245616 ], [ -80.701747, 35.24471 ], [ -80.698116, 35.247346 ], [ -80.697715, 35.24819 ], [ -80.699014, 35.251033 ], [ -80.696622, 35.249459 ], [ -80.694391, 35.251687 ], [ -80.694544, 35.251713 ], [ -80.696179, 35.252559 ], [ -80.697471, 35.253525 ], [ -80.693391, 35.257906 ], [ -80.690998, 35.256291 ], [ -80.689991, 35.256608 ], [ -80.690206, 35.258606 ], [ -80.693997, 35.260272 ], [ -80.693623, 35.261475 ], [ -80.691814, 35.263225 ], [ -80.693676, 35.26451 ], [ -80.69623, 35.268993 ], [ -80.697423, 35.274687 ], [ -80.699198, 35.274902 ], [ -80.699074, 35.276922 ], [ -80.69951, 35.281094 ], [ -80.700698, 35.284054 ], [ -80.700634, 35.285795 ], [ -80.700541, 35.287359 ], [ -80.702909, 35.290964 ], [ -80.70755, 35.29149 ], [ -80.711958, 35.28514 ], [ -80.712384, 35.284073 ], [ -80.711387, 35.281373 ], [ -80.713597, 35.278061 ], [ -80.716527, 35.27681 ], [ -80.715051, 35.275305 ] ], [ [ -80.693775, 35.247218 ], [ -80.690335, 35.247436 ], [ -80.689356, 35.249225 ], [ -80.689305, 35.250707 ], [ -80.689489, 35.250699 ], [ -80.692728, 35.251389 ], [ -80.693775, 35.247218 ] ], [ [ -80.689187, 35.257212 ], [ -80.689089, 35.256901 ], [ -80.686713, 35.258469 ], [ -80.686646, 35.258674 ], [ -80.688627, 35.258454 ], [ -80.68921, 35.258423 ], [ -80.689187, 35.257212 ] ], [ [ -80.681727, 35.284867 ], [ -80.679883, 35.285651 ], [ -80.678644, 35.286178 ], [ -80.679313, 35.288044 ], [ -80.681777, 35.286742 ], [ -80.681727, 35.284867 ] ], [ [ -80.952631, 35.162662 ], [ -80.952484, 35.162282 ], [ -80.948987, 35.157404 ], [ -80.948801, 35.153975 ], [ -80.946359, 35.154885 ], [ -80.948397, 35.157128 ], [ -80.950211, 35.160986 ], [ -80.951878, 35.162264 ], [ -80.952631, 35.162662 ] ] ] ] } },
{ "type": "Feature", "properties": { "county_subdivision": "Ironton", "geoid": "3710991596" }, "geometry": { "type": "MultiPolygon", "coordinates": [ [ [ [ -81.21733, 35.411624 ], [ -81.216229, 35.416566 ], [ -81.214949, 35.418896 ], [ -81.213981, 35.421806 ], [ -81.213271, 35.425794 ], [ -81.213216, 35.451777 ], [ -81.21361, 35.455952 ], [ -81.213385, 35.459933 ], [ -81.213656, 35.460022 ], [ -81.213876, 35.476024 ], [ -81.213841, 35.481003 ], [ -81.212174, 35.487482 ], [ -81.212122, 35.489383 ], [ -81.212117, 35.490881 ], [ -81.212112, 35.492361 ], [ -81.211925, 35.501929 ], [ -81.21159, 35.504559 ], [ -81.211311, 35.506539 ], [ -81.201864, 35.535605 ], [ -81.202472, 35.535982 ], [ -81.200687, 35.537634 ], [ -81.199898, 35.541504 ], [ -81.195342, 35.555101 ], [ -81.195262, 35.555335 ], [ -81.190124, 35.55521 ], [ -81.189903, 35.555205 ], [ -81.184381, 35.555071 ], [ -81.164568, 35.554372 ], [ -81.11149, 35.552383 ], [ -81.087194, 35.551524 ], [ -81.082918, 35.551415 ], [ -81.081331, 35.5514 ], [ -81.081331, 35.549204 ], [ -81.081193, 35.526718 ], [ -81.082264, 35.462786 ], [ -81.082603, 35.452816 ], [ -81.082781, 35.447476 ], [ -81.083317, 35.431808 ], [ -81.083369, 35.430436 ], [ -81.084037, 35.406424 ], [ -81.083826, 35.406272 ], [ -81.094164, 35.406632 ], [ -81.10403, 35.406976 ], [ -81.111389, 35.407235 ], [ -81.122555, 35.407631 ], [ -81.122804, 35.407639 ], [ -81.12966, 35.407881 ], [ -81.162383, 35.40903 ], [ -81.184647, 35.409806 ], [ -81.199076, 35.410309 ], [ -81.20297, 35.410454 ], [ -81.2039, 35.410489 ], [ -81.214383, 35.410842 ], [ -81.217976, 35.410963 ], [ -81.21733, 35.411624 ] ] ] ] } },
{ "type": "Feature", "properties": { "county_subdivision": "2, Berryhill", "geoid": "3711993320" }, "geometry": { "type": "MultiPolygon", "coordinates": [ [ [ [ -80.94674, 35.177537 ], [ -80.939531, 35.18042 ], [ -80.937597, 35.180181 ], [ -80.939271, 35.183594 ], [ -80.932577, 35.186437 ], [ -80.930596, 35.181755 ], [ -80.931519, 35.180787 ], [ -80.937153, 35.179458 ], [ -80.936732, 35.178178 ], [ -80.938269, 35.178649 ], [ -80.940008, 35.175191 ], [ -80.94674, 35.177537 ] ] ], [ [ [ -80.969774, 35.183573 ], [ -80.964341, 35.187532 ], [ -80.960386, 35.187925 ], [ -80.960278, 35.190204 ], [ -80.95781, 35.189955 ], [ -80.957967, 35.189614 ], [ -80.95921, 35.186345 ], [ -80.95662, 35.182981 ], [ -80.956613, 35.180937 ], [ -80.970142, 35.182151 ], [ -80.969774, 35.183573 ] ] ], [ [ [ -81.014266, 35.22434 ], [ -81.013943, 35.225777 ], [ -81.012459, 35.231474 ], [ -81.010815, 35.235964 ], [ -81.010207, 35.243198 ], [ -81.009142, 35.245772 ], [ -81.008268, 35.248056 ], [ -81.008301, 35.248748 ], [ -80.993668, 35.253691 ], [ -80.984586, 35.248667 ], [ -80.97315, 35.244045 ], [ -80.97248, 35.247505 ], [ -80.970482, 35.249674 ], [ -80.96996, 35.250567 ], [ -80.968373, 35.251738 ], [ -80.967287, 35.252524 ], [ -80.9667, 35.254918 ], [ -80.96669, 35.25493 ], [ -80.965802, 35.249391 ], [ -80.963187, 35.250107 ], [ -80.960089, 35.248657 ], [ -80.957338, 35.2485 ], [ -80.958085, 35.246233 ], [ -80.960376, 35.245802 ], [ -80.960883, 35.245996 ], [ -80.96619, 35.247275 ], [ -80.968365, 35.245899 ], [ -80.968929, 35.239602 ], [ -80.967177, 35.239128 ], [ -80.967472, 35.236675 ], [ -80.969662, 35.232996 ], [ -80.970057, 35.229748 ], [ -80.969734, 35.223584 ], [ -80.970755, 35.223404 ], [ -80.970384, 35.221777 ], [ -80.971375, 35.220086 ], [ -80.970253, 35.219353 ], [ -80.969735, 35.219478 ], [ -80.969693, 35.219317 ], [ -80.968601, 35.219603 ], [ -80.968237, 35.218135 ], [ -80.96803, 35.215467 ], [ -80.969003, 35.215509 ], [ -80.969965, 35.215644 ], [ -80.97241, 35.215073 ], [ -80.974284, 35.214312 ], [ -80.973598, 35.213417 ], [ -80.973001, 35.213723 ], [ -80.97185, 35.212983 ], [ -80.970886, 35.213013 ], [ -80.969205, 35.212015 ], [ -80.968739, 35.212023 ], [ -80.967691, 35.212042 ], [ -80.967347, 35.208098 ], [ -80.96745, 35.206745 ], [ -80.96845, 35.206869 ], [ -80.969863, 35.207056 ], [ -80.972824, 35.208955 ], [ -80.973794, 35.207015 ], [ -80.975515, 35.20749 ], [ -80.972976, 35.20479 ], [ -80.971326, 35.20421 ], [ -80.971532, 35.203357 ], [ -80.967693, 35.203281 ], [ -80.967705, 35.19975 ], [ -80.96815, 35.195382 ], [ -80.967061, 35.190648 ], [ -80.968393, 35.187825 ], [ -80.970498, 35.187789 ], [ -80.971011, 35.186717 ], [ -80.970084, 35.184065 ], [ -80.971122, 35.181256 ], [ -80.975607, 35.183423 ], [ -80.97674, 35.182742 ], [ -80.990896, 35.184012 ], [ -81.000297, 35.184848 ], [ -81.002967, 35.184764 ], [ -81.0039, 35.187033 ], [ -81.00614, 35.195082 ], [ -81.006273, 35.198349 ], [ -81.005268, 35.207686 ], [ -81.006295, 35.210285 ], [ -81.007275, 35.211732 ], [ -81.010099, 35.214554 ], [ -81.014127, 35.22196 ], [ -81.014266, 35.22434 ] ], [ [ -80.991988, 35.192792 ], [ -80.98894, 35.191571 ], [ -80.989031, 35.189943 ], [ -80.985194, 35.190475 ], [ -80.984559, 35.188103 ], [ -80.979876, 35.189956 ], [ -80.976955, 35.189978 ], [ -80.975907, 35.188081 ], [ -80.974582, 35.18834 ], [ -80.974419, 35.190296 ], [ -80.972164, 35.189806 ], [ -80.970166, 35.192788 ], [ -80.973524, 35.192782 ], [ -80.97311, 35.191826 ], [ -80.97729, 35.191587 ], [ -80.977061, 35.190498 ], [ -80.979912, 35.19035 ], [ -80.980398, 35.194494 ], [ -80.983151, 35.194333 ], [ -80.98877, 35.194914 ], [ -80.992437, 35.193452 ], [ -80.991988, 35.192792 ] ] ] ] } },
{ "type": "Feature", "properties": { "county_subdivision": "Cleveland", "geoid": "3704590686" }, "geometry": { "type": "MultiPolygon", "coordinates": [ [ [ [ -81.768108596181193, 35.180388327917797 ], [ -81.759849, 35.22118 ], [ -81.759541, 35.222646 ], [ -81.758536, 35.224864 ], [ -81.757165, 35.227903 ], [ -81.74929, 35.245864 ], [ -81.743242, 35.259999 ], [ -81.740895, 35.265679 ], [ -81.735212, 35.27945 ], [ -81.728506, 35.295556 ], [ -81.709606, 35.341095 ], [ -81.707302, 35.346602 ], [ -81.702853, 35.357304 ], [ -81.701537, 35.386744 ], [ -81.700971, 35.400656 ], [ -81.700647, 35.403285 ], [ -81.69573, 35.485909 ], [ -81.694537, 35.501867 ], [ -81.69382, 35.51552 ], [ -81.691989, 35.580041 ], [ -81.692673, 35.582981 ], [ -81.691055, 35.584576 ], [ -81.690139, 35.583215 ], [ -81.688327, 35.582523 ], [ -81.688467, 35.581309 ], [ -81.686216, 35.57878 ], [ -81.685084, 35.57888 ], [ -81.6844, 35.577153 ], [ -81.680467, 35.576586 ], [ -81.679735, 35.576009 ], [ -81.677228, 35.572239 ], [ -81.6759, 35.571998 ], [ -81.67448, 35.570041 ], [ -81.674224, 35.568804 ], [ -81.672858, 35.568633 ], [ -81.670969, 35.56677 ], [ -81.668724, 35.566755 ], [ -81.667814, 35.566178 ], [ -81.662862, 35.56752 ], [ -81.660465, 35.566472 ], [ -81.660376, 35.565373 ], [ -81.65709, 35.565391 ], [ -81.653315, 35.562994 ], [ -81.648967, 35.56161 ], [ -81.645354, 35.562132 ], [ -81.638699, 35.563809 ], [ -81.634743, 35.565402 ], [ -81.633429, 35.567293 ], [ -81.633407, 35.565647 ], [ -81.632576, 35.565391 ], [ -81.625497, 35.566365 ], [ -81.620915, 35.566289 ], [ -81.619189, 35.567156 ], [ -81.617912, 35.566792 ], [ -81.61742, 35.565456 ], [ -81.611449, 35.567071 ], [ -81.607193, 35.566831 ], [ -81.60489, 35.567963 ], [ -81.601501, 35.56892 ], [ -81.597911, 35.570965 ], [ -81.596232, 35.57126 ], [ -81.594977, 35.570004 ], [ -81.595592, 35.568265 ], [ -81.594145, 35.566654 ], [ -81.592289, 35.566405 ], [ -81.591379, 35.565073 ], [ -81.590284, 35.565048 ], [ -81.582725, 35.566512 ], [ -81.580543, 35.567518 ], [ -81.577234, 35.566399 ], [ -81.577589, 35.564303 ], [ -81.579063, 35.562246 ], [ -81.577507, 35.561293 ], [ -81.576751, 35.559925 ], [ -81.574188, 35.559724 ], [ -81.573187, 35.558679 ], [ -81.569799, 35.558311 ], [ -81.56678, 35.558448 ], [ -81.566574, 35.559813 ], [ -81.564572, 35.561195 ], [ -81.561061, 35.562932 ], [ -81.555574, 35.562244 ], [ -81.551564, 35.563879 ], [ -81.5492, 35.563894 ], [ -81.547403, 35.564601 ], [ -81.545299, 35.564721 ], [ -81.537599, 35.564228 ], [ -81.515421, 35.558297 ], [ -81.509218, 35.550352 ], [ -81.509111, 35.540023 ], [ -81.509455, 35.536266 ], [ -81.510619, 35.529643 ], [ -81.513004, 35.523317 ], [ -81.506029, 35.511379 ], [ -81.500691, 35.502381 ], [ -81.495244, 35.494098 ], [ -81.49167, 35.486823 ], [ -81.48666, 35.479339 ], [ -81.481383, 35.471503 ], [ -81.475464, 35.460167 ], [ -81.466917, 35.442208 ], [ -81.466612, 35.4398 ], [ -81.465148, 35.438215 ], [ -81.458803, 35.423681 ], [ -81.4556, 35.419811 ], [ -81.455323, 35.418897 ], [ -81.411094, 35.367357 ], [ -81.398924, 35.353138 ], [ -81.388134, 35.348401 ], [ -81.382832, 35.346075 ], [ -81.372054, 35.339698 ], [ -81.366023, 35.336129 ], [ -81.356682, 35.330604 ], [ -81.363631, 35.323695 ], [ -81.365131, 35.320182 ], [ -81.3666, 35.314857 ], [ -81.364925, 35.311225 ], [ -81.359857, 35.301968 ], [ -81.356095, 35.297701 ], [ -81.355128, 35.294384 ], [ -81.356203, 35.288089 ], [ -81.355773, 35.280829 ], [ -81.353507, 35.277351 ], [ -81.348996, 35.274937 ], [ -81.336263, 35.268127 ], [ -81.331534, 35.265599 ], [ -81.326554, 35.262939 ], [ -81.326212, 35.262829 ], [ -81.324483, 35.262338 ], [ -81.321729, 35.260449 ], [ -81.322256, 35.256802 ], [ -81.322778, 35.252749 ], [ -81.323158, 35.249639 ], [ -81.323419, 35.247663 ], [ -81.323624, 35.246109 ], [ -81.323966, 35.24352 ], [ -81.324261, 35.241118 ], [ -81.324147, 35.231275 ], [ -81.324146, 35.231112 ], [ -81.324144, 35.230836 ], [ -81.324013, 35.219558 ], [ -81.324021, 35.218939 ], [ -81.3239, 35.209784 ], [ -81.323883, 35.208351 ], [ -81.323668, 35.189605 ], [ -81.327561, 35.167611 ], [ -81.328039375457294, 35.163405284383998 ], [ -81.366599750283498, 35.164889487764 ], [ -81.366691, 35.164893 ], [ -81.438476719455196, 35.167740383799703 ], [ -81.438940973611693, 35.167758798461797 ], [ -81.442742730023198, 35.167909595301303 ], [ -81.445627, 35.168024 ], [ -81.4503311872068, 35.168210889138798 ], [ -81.452398, 35.168293 ], [ -81.461408, 35.168657 ], [ -81.466866935019198, 35.168877793983498 ], [ -81.470014763943894, 35.169005112166502 ], [ -81.493401, 35.169951 ], [ -81.494265, 35.169882 ], [ -81.516870505989601, 35.170709187818701 ], [ -81.54515, 35.171744 ], [ -81.563885396378694, 35.1724291848994 ], [ -81.572804773189603, 35.172755381483697 ], [ -81.581681, 35.17308 ], [ -81.609005198779499, 35.174252118901698 ], [ -81.609549097521494, 35.1742754503817 ], [ -81.614877, 35.174504 ], [ -81.624783582978594, 35.1749288346141 ], [ -81.646707, 35.175869 ], [ -81.675509923204899, 35.177104110979201 ], [ -81.680801, 35.177331 ], [ -81.716259, 35.178852 ], [ -81.738492, 35.179511 ], [ -81.763413164043001, 35.180249235846702 ], [ -81.768108596181193, 35.180388327917797 ] ] ] ] } },
{ "type": "Feature", "properties": { "county_subdivision": "Howards Creek", "geoid": "3710991552" }, "geometry": { "type": "MultiPolygon", "coordinates": [ [ [ [ -81.438558, 35.56483 ], [ -81.429071, 35.564534 ], [ -81.395607, 35.563423 ], [ -81.342526, 35.561458 ], [ -81.333745, 35.561109 ], [ -81.292534, 35.559276 ], [ -81.291457, 35.558343 ], [ -81.291893, 35.556831 ], [ -81.29031, 35.557285 ], [ -81.284785, 35.555357 ], [ -81.284078, 35.554599 ], [ -81.284716, 35.552104 ], [ -81.28611, 35.550636 ], [ -81.289656, 35.552055 ], [ -81.293807, 35.551555 ], [ -81.295111, 35.55081 ], [ -81.297499, 35.552023 ], [ -81.299516, 35.551054 ], [ -81.299763, 35.549608 ], [ -81.299007, 35.546012 ], [ -81.294387, 35.546259 ], [ -81.296505, 35.542802 ], [ -81.289954, 35.543135 ], [ -81.288374, 35.541556 ], [ -81.290638, 35.541471 ], [ -81.292077, 35.539939 ], [ -81.293488, 35.53586 ], [ -81.292756, 35.53537 ], [ -81.290415, 35.529877 ], [ -81.290485, 35.526893 ], [ -81.289458, 35.526035 ], [ -81.286643, 35.525683 ], [ -81.28688, 35.523722 ], [ -81.291293, 35.523573 ], [ -81.292466, 35.522775 ], [ -81.291507, 35.519563 ], [ -81.289243, 35.518107 ], [ -81.284962, 35.517962 ], [ -81.284137, 35.517079 ], [ -81.285528, 35.515749 ], [ -81.28581, 35.513839 ], [ -81.284401, 35.51214 ], [ -81.285271, 35.511741 ], [ -81.287615, 35.513372 ], [ -81.288482, 35.512393 ], [ -81.287852, 35.509995 ], [ -81.283692, 35.506732 ], [ -81.279709, 35.507559 ], [ -81.278665, 35.50707 ], [ -81.27752, 35.503941 ], [ -81.276219, 35.501854 ], [ -81.274763, 35.501392 ], [ -81.273507, 35.502572 ], [ -81.272932, 35.500467 ], [ -81.274381, 35.499279 ], [ -81.274709, 35.497968 ], [ -81.274025, 35.494046 ], [ -81.274626, 35.49196 ], [ -81.277755, 35.490414 ], [ -81.278363, 35.488632 ], [ -81.281508, 35.487933 ], [ -81.28227, 35.486099 ], [ -81.280508, 35.4843 ], [ -81.28088, 35.482732 ], [ -81.283339, 35.481512 ], [ -81.283909, 35.48079 ], [ -81.283942, 35.479382 ], [ -81.28311, 35.478725 ], [ -81.284097, 35.471192 ], [ -81.283632, 35.469277 ], [ -81.284413, 35.464497 ], [ -81.285637, 35.453274 ], [ -81.286461, 35.445242 ], [ -81.287618, 35.43358 ], [ -81.288278, 35.427135 ], [ -81.288802, 35.422061 ], [ -81.289708, 35.413877 ], [ -81.300004, 35.414263 ], [ -81.31861, 35.414961 ], [ -81.319498, 35.414994 ], [ -81.343502, 35.415888 ], [ -81.36112, 35.416542 ], [ -81.365051, 35.418301 ], [ -81.369344, 35.421834 ], [ -81.371227, 35.423645 ], [ -81.371843, 35.427383 ], [ -81.373158, 35.42908 ], [ -81.376351, 35.430938 ], [ -81.374991, 35.432115 ], [ -81.376333, 35.434875 ], [ -81.376893, 35.440456 ], [ -81.37861, 35.441577 ], [ -81.380998, 35.441122 ], [ -81.380721, 35.443861 ], [ -81.384338, 35.444877 ], [ -81.384595, 35.447158 ], [ -81.389259, 35.443619 ], [ -81.390978, 35.445162 ], [ -81.392741, 35.44912 ], [ -81.3931, 35.452174 ], [ -81.39148, 35.453185 ], [ -81.390896, 35.45571 ], [ -81.391578, 35.457201 ], [ -81.392819, 35.457003 ], [ -81.393396, 35.45934 ], [ -81.392954, 35.462277 ], [ -81.39452, 35.462263 ], [ -81.396794, 35.460959 ], [ -81.398149, 35.46447 ], [ -81.398963, 35.467907 ], [ -81.397214, 35.471386 ], [ -81.395437, 35.472348 ], [ -81.395569, 35.476271 ], [ -81.396982, 35.480078 ], [ -81.398401, 35.487383 ], [ -81.3992, 35.488882 ], [ -81.400977, 35.490385 ], [ -81.402595, 35.492676 ], [ -81.404044, 35.498099 ], [ -81.408294, 35.501261 ], [ -81.409575, 35.508316 ], [ -81.409565, 35.508595 ], [ -81.409704, 35.508897 ], [ -81.408871, 35.509374 ], [ -81.40907, 35.513456 ], [ -81.410635, 35.517837 ], [ -81.412685, 35.521029 ], [ -81.412803, 35.524227 ], [ -81.413427, 35.524648 ], [ -81.416803, 35.524352 ], [ -81.417231, 35.524739 ], [ -81.416279, 35.52782 ], [ -81.412945, 35.531663 ], [ -81.414002, 35.533588 ], [ -81.414149, 35.535352 ], [ -81.415482, 35.539411 ], [ -81.420604, 35.544908 ], [ -81.423438, 35.548409 ], [ -81.425839, 35.5479 ], [ -81.427438, 35.548337 ], [ -81.429368, 35.549784 ], [ -81.42989, 35.551295 ], [ -81.432847, 35.553999 ], [ -81.433234, 35.557752 ], [ -81.434988, 35.559366 ], [ -81.436799, 35.562656 ], [ -81.438558, 35.56483 ] ] ] ] } },
{ "type": "Feature", "properties": { "county_subdivision": "Lincolnton", "geoid": "3710991824" }, "geometry": { "type": "MultiPolygon", "coordinates": [ [ [ [ -81.299516, 35.551054 ], [ -81.297499, 35.552023 ], [ -81.295111, 35.55081 ], [ -81.293807, 35.551555 ], [ -81.289656, 35.552055 ], [ -81.28611, 35.550636 ], [ -81.284716, 35.552104 ], [ -81.284078, 35.554599 ], [ -81.284785, 35.555357 ], [ -81.29031, 35.557285 ], [ -81.291893, 35.556831 ], [ -81.291457, 35.558343 ], [ -81.292534, 35.559276 ], [ -81.245276, 35.557242 ], [ -81.22391, 35.556531 ], [ -81.219741, 35.556367 ], [ -81.200068, 35.555452 ], [ -81.196628, 35.555368 ], [ -81.195262, 35.555335 ], [ -81.195342, 35.555101 ], [ -81.199898, 35.541504 ], [ -81.200687, 35.537634 ], [ -81.202472, 35.535982 ], [ -81.201864, 35.535605 ], [ -81.211311, 35.506539 ], [ -81.21159, 35.504559 ], [ -81.211925, 35.501929 ], [ -81.212112, 35.492361 ], [ -81.212117, 35.490881 ], [ -81.212122, 35.489383 ], [ -81.212174, 35.487482 ], [ -81.213841, 35.481003 ], [ -81.213876, 35.476024 ], [ -81.213656, 35.460022 ], [ -81.213385, 35.459933 ], [ -81.21361, 35.455952 ], [ -81.213216, 35.451777 ], [ -81.213271, 35.425794 ], [ -81.213981, 35.421806 ], [ -81.214949, 35.418896 ], [ -81.216229, 35.416566 ], [ -81.21733, 35.411624 ], [ -81.217976, 35.410963 ], [ -81.233543, 35.410905 ], [ -81.240916, 35.411909 ], [ -81.241251, 35.411925 ], [ -81.289708, 35.413877 ], [ -81.288802, 35.422061 ], [ -81.288278, 35.427135 ], [ -81.287618, 35.43358 ], [ -81.286461, 35.445242 ], [ -81.285637, 35.453274 ], [ -81.284413, 35.464497 ], [ -81.283632, 35.469277 ], [ -81.284097, 35.471192 ], [ -81.28311, 35.478725 ], [ -81.283942, 35.479382 ], [ -81.283909, 35.48079 ], [ -81.283339, 35.481512 ], [ -81.28088, 35.482732 ], [ -81.280508, 35.4843 ], [ -81.28227, 35.486099 ], [ -81.281508, 35.487933 ], [ -81.278363, 35.488632 ], [ -81.277755, 35.490414 ], [ -81.274626, 35.49196 ], [ -81.274025, 35.494046 ], [ -81.274709, 35.497968 ], [ -81.274381, 35.499279 ], [ -81.272932, 35.500467 ], [ -81.273507, 35.502572 ], [ -81.274763, 35.501392 ], [ -81.276219, 35.501854 ], [ -81.27752, 35.503941 ], [ -81.278665, 35.50707 ], [ -81.279709, 35.507559 ], [ -81.283692, 35.506732 ], [ -81.287852, 35.509995 ], [ -81.288482, 35.512393 ], [ -81.287615, 35.513372 ], [ -81.285271, 35.511741 ], [ -81.284401, 35.51214 ], [ -81.28581, 35.513839 ], [ -81.285528, 35.515749 ], [ -81.284137, 35.517079 ], [ -81.284962, 35.517962 ], [ -81.289243, 35.518107 ], [ -81.291507, 35.519563 ], [ -81.292466, 35.522775 ], [ -81.291293, 35.523573 ], [ -81.28688, 35.523722 ], [ -81.286643, 35.525683 ], [ -81.289458, 35.526035 ], [ -81.290485, 35.526893 ], [ -81.290415, 35.529877 ], [ -81.292756, 35.53537 ], [ -81.293488, 35.53586 ], [ -81.292077, 35.539939 ], [ -81.290638, 35.541471 ], [ -81.288374, 35.541556 ], [ -81.289954, 35.543135 ], [ -81.296505, 35.542802 ], [ -81.294387, 35.546259 ], [ -81.299007, 35.546012 ], [ -81.299763, 35.549608 ], [ -81.299516, 35.551054 ] ] ] ] } },
{ "type": "Feature", "properties": { "county_subdivision": "Crowders Mountain", "geoid": "3707190844" }, "geometry": { "type": "MultiPolygon", "coordinates": [ [ [ [ -81.364925, 35.311225 ], [ -81.359262, 35.311857 ], [ -81.356499, 35.310441 ], [ -81.352873, 35.309079 ], [ -81.35019, 35.309198 ], [ -81.347207, 35.307923 ], [ -81.345531, 35.30794 ], [ -81.342319, 35.306809 ], [ -81.337967, 35.307981 ], [ -81.333266, 35.307592 ], [ -81.33226, 35.306514 ], [ -81.328974, 35.306125 ], [ -81.327814, 35.306917 ], [ -81.326547, 35.306147 ], [ -81.325521, 35.304361 ], [ -81.320324, 35.302976 ], [ -81.317078, 35.301086 ], [ -81.314155, 35.30113 ], [ -81.309062, 35.303121 ], [ -81.308382, 35.303274 ], [ -81.307027, 35.303482 ], [ -81.306156, 35.303752 ], [ -81.305709, 35.304103 ], [ -81.303091, 35.306352 ], [ -81.302548, 35.307996 ], [ -81.301857, 35.309694 ], [ -81.300261, 35.311375 ], [ -81.295721, 35.31204 ], [ -81.294802, 35.312881 ], [ -81.294586, 35.317246 ], [ -81.293935, 35.317586 ], [ -81.291085, 35.317229 ], [ -81.287966, 35.319476 ], [ -81.287603, 35.320862 ], [ -81.285088, 35.321911 ], [ -81.283579, 35.323191 ], [ -81.282117, 35.323455 ], [ -81.278066, 35.323009 ], [ -81.27635, 35.321409 ], [ -81.277411, 35.31738 ], [ -81.273816, 35.317208 ], [ -81.271616, 35.316298 ], [ -81.269686, 35.315756 ], [ -81.264387, 35.311523 ], [ -81.25821, 35.307649 ], [ -81.25648, 35.307533 ], [ -81.252084, 35.311643 ], [ -81.250853, 35.310776 ], [ -81.247803, 35.310084 ], [ -81.249442, 35.308263 ], [ -81.248828, 35.306405 ], [ -81.247597, 35.305041 ], [ -81.242528, 35.306998 ], [ -81.238676, 35.305919 ], [ -81.236415, 35.307524 ], [ -81.232634, 35.305356 ], [ -81.236201, 35.301847 ], [ -81.236969, 35.300032 ], [ -81.238035, 35.29433 ], [ -81.24368, 35.288428 ], [ -81.243727, 35.288036 ], [ -81.244068, 35.287862 ], [ -81.240688, 35.286328 ], [ -81.239465, 35.284065 ], [ -81.239175, 35.282921 ], [ -81.238282, 35.281881 ], [ -81.238549, 35.280679 ], [ -81.239145, 35.277791 ], [ -81.239931, 35.273735 ], [ -81.240267, 35.27276 ], [ -81.240276, 35.272503 ], [ -81.241392, 35.256922 ], [ -81.241672, 35.253517 ], [ -81.243052, 35.234981 ], [ -81.243274, 35.234089 ], [ -81.244121, 35.230786 ], [ -81.247858, 35.220365 ], [ -81.255126, 35.200558 ], [ -81.260041, 35.187252 ], [ -81.264907, 35.17373 ], [ -81.269446089341201, 35.161149785540701 ], [ -81.290672, 35.161967 ], [ -81.328039375457294, 35.163405284383998 ], [ -81.327561, 35.167611 ], [ -81.323668, 35.189605 ], [ -81.323883, 35.208351 ], [ -81.3239, 35.209784 ], [ -81.324021, 35.218939 ], [ -81.324013, 35.219558 ], [ -81.324144, 35.230836 ], [ -81.324146, 35.231112 ], [ -81.324147, 35.231275 ], [ -81.324261, 35.241118 ], [ -81.323966, 35.24352 ], [ -81.323624, 35.246109 ], [ -81.323419, 35.247663 ], [ -81.323158, 35.249639 ], [ -81.322778, 35.252749 ], [ -81.322256, 35.256802 ], [ -81.321729, 35.260449 ], [ -81.324483, 35.262338 ], [ -81.326212, 35.262829 ], [ -81.326554, 35.262939 ], [ -81.331534, 35.265599 ], [ -81.336263, 35.268127 ], [ -81.348996, 35.274937 ], [ -81.353507, 35.277351 ], [ -81.355773, 35.280829 ], [ -81.356203, 35.288089 ], [ -81.355128, 35.294384 ], [ -81.356095, 35.297701 ], [ -81.359857, 35.301968 ], [ -81.364925, 35.311225 ] ] ] ] } },
{ "type": "Feature", "properties": { "county_subdivision": "Dallas", "geoid": "3707190872" }, "geometry": { "type": "MultiPolygon", "coordinates": [ [ [ [ -81.271616, 35.316298 ], [ -81.26731, 35.323987 ], [ -81.260443, 35.334656 ], [ -81.256185, 35.34144 ], [ -81.248893, 35.353263 ], [ -81.240331, 35.367511 ], [ -81.228434, 35.387151 ], [ -81.22785, 35.388108 ], [ -81.223561, 35.395297 ], [ -81.217741, 35.40518 ], [ -81.214383, 35.410842 ], [ -81.2039, 35.410489 ], [ -81.20297, 35.410454 ], [ -81.199076, 35.410309 ], [ -81.184647, 35.409806 ], [ -81.162383, 35.40903 ], [ -81.12966, 35.407881 ], [ -81.122804, 35.407639 ], [ -81.122555, 35.407631 ], [ -81.111389, 35.407235 ], [ -81.10403, 35.406976 ], [ -81.094164, 35.406632 ], [ -81.098023, 35.392698 ], [ -81.098453, 35.391125 ], [ -81.101902, 35.378361 ], [ -81.103691, 35.37168 ], [ -81.104467, 35.368677 ], [ -81.104798, 35.367715 ], [ -81.106604, 35.360853 ], [ -81.10685, 35.359994 ], [ -81.107216, 35.358736 ], [ -81.112847, 35.33787 ], [ -81.118346, 35.317381 ], [ -81.117894, 35.31702 ], [ -81.117965, 35.316806 ], [ -81.118448, 35.315177 ], [ -81.120442, 35.308064 ], [ -81.120598, 35.308074 ], [ -81.121881, 35.306608 ], [ -81.127478, 35.308089 ], [ -81.129849, 35.306288 ], [ -81.13496, 35.307171 ], [ -81.139401, 35.307913 ], [ -81.140668, 35.307664 ], [ -81.142832, 35.307944 ], [ -81.146951, 35.304697 ], [ -81.14754, 35.304502 ], [ -81.147921, 35.302487 ], [ -81.149086, 35.301795 ], [ -81.1503, 35.302416 ], [ -81.152711, 35.303098 ], [ -81.154928, 35.302136 ], [ -81.156768, 35.299478 ], [ -81.159507, 35.299397 ], [ -81.162534, 35.298625 ], [ -81.164868, 35.297841 ], [ -81.165277, 35.297665 ], [ -81.168862, 35.294587 ], [ -81.1704, 35.293634 ], [ -81.171842, 35.292874 ], [ -81.173403, 35.290785 ], [ -81.177142, 35.287883 ], [ -81.178825, 35.287722 ], [ -81.180855, 35.290254 ], [ -81.181139, 35.292013 ], [ -81.181854, 35.292111 ], [ -81.184654, 35.292944 ], [ -81.185083, 35.293795 ], [ -81.18566, 35.29544 ], [ -81.187842, 35.295706 ], [ -81.188949, 35.29569 ], [ -81.189836, 35.296328 ], [ -81.191774, 35.296817 ], [ -81.194103, 35.295009 ], [ -81.197756, 35.295751 ], [ -81.201537, 35.296844 ], [ -81.202915, 35.297897 ], [ -81.204683, 35.298241 ], [ -81.208629, 35.295756 ], [ -81.209862, 35.295451 ], [ -81.212381, 35.295995 ], [ -81.214474, 35.299246 ], [ -81.217369, 35.301015 ], [ -81.220311, 35.30134 ], [ -81.221743, 35.30237 ], [ -81.222217, 35.302733 ], [ -81.222845, 35.303153 ], [ -81.227788, 35.304893 ], [ -81.231355, 35.303955 ], [ -81.232446, 35.304545 ], [ -81.232634, 35.305356 ], [ -81.236415, 35.307524 ], [ -81.238676, 35.305919 ], [ -81.242528, 35.306998 ], [ -81.247597, 35.305041 ], [ -81.248828, 35.306405 ], [ -81.249442, 35.308263 ], [ -81.247803, 35.310084 ], [ -81.250853, 35.310776 ], [ -81.252084, 35.311643 ], [ -81.25648, 35.307533 ], [ -81.25821, 35.307649 ], [ -81.264387, 35.311523 ], [ -81.269686, 35.315756 ], [ -81.271616, 35.316298 ] ] ] ] } },
{ "type": "Feature", "properties": { "county_subdivision": "Riverbend", "geoid": "3707192692" }, "geometry": { "type": "MultiPolygon", "coordinates": [ [ [ [ -81.118448, 35.315177 ], [ -81.117965, 35.316806 ], [ -81.117894, 35.31702 ], [ -81.118346, 35.317381 ], [ -81.112847, 35.33787 ], [ -81.107216, 35.358736 ], [ -81.10685, 35.359994 ], [ -81.106604, 35.360853 ], [ -81.104798, 35.367715 ], [ -81.104467, 35.368677 ], [ -81.103691, 35.37168 ], [ -81.101902, 35.378361 ], [ -81.098453, 35.391125 ], [ -81.098023, 35.392698 ], [ -81.094164, 35.406632 ], [ -81.083826, 35.406272 ], [ -81.070224, 35.405795 ], [ -81.054614, 35.405248 ], [ -81.030675, 35.404402 ], [ -81.011385, 35.403599 ], [ -80.998269, 35.402812 ], [ -80.974195, 35.40134 ], [ -80.95486, 35.400078 ], [ -80.954362, 35.396185 ], [ -80.955245, 35.393177 ], [ -80.957546, 35.391024 ], [ -80.961445, 35.38974 ], [ -80.965359, 35.388589 ], [ -80.97039, 35.386263 ], [ -80.976629, 35.382452 ], [ -80.979053, 35.381686 ], [ -80.983753, 35.381846 ], [ -80.985586, 35.381098 ], [ -80.986835, 35.379014 ], [ -80.986784, 35.37569 ], [ -80.985366, 35.371387 ], [ -80.9837, 35.368351 ], [ -80.9811, 35.365909 ], [ -80.976447, 35.36416 ], [ -80.97423, 35.363899 ], [ -80.97327, 35.36419 ], [ -80.968093, 35.367674 ], [ -80.96733, 35.368553 ], [ -80.964773, 35.373523 ], [ -80.962896, 35.375107 ], [ -80.961267, 35.375455 ], [ -80.958278, 35.374984 ], [ -80.956783, 35.373657 ], [ -80.955391, 35.370438 ], [ -80.951611, 35.367287 ], [ -80.949187, 35.366378 ], [ -80.941672, 35.364919 ], [ -80.9384, 35.362948 ], [ -80.935877, 35.36211 ], [ -80.932409, 35.363032 ], [ -80.929423, 35.362993 ], [ -80.92475, 35.361832 ], [ -80.923062, 35.360648 ], [ -80.923042, 35.359917 ], [ -80.924747, 35.358461 ], [ -80.92824, 35.357518 ], [ -80.930907, 35.357811 ], [ -80.934954, 35.356562 ], [ -80.939086, 35.353673 ], [ -80.942509, 35.350899 ], [ -80.943632, 35.350582 ], [ -80.952042, 35.350971 ], [ -80.956403, 35.350258 ], [ -80.958355, 35.349526 ], [ -80.962141, 35.347046 ], [ -80.963912, 35.347706 ], [ -80.967088, 35.350794 ], [ -80.969368, 35.351446 ], [ -80.97267, 35.350257 ], [ -80.974434, 35.34539 ], [ -80.976254, 35.344114 ], [ -80.981471, 35.342653 ], [ -80.983481, 35.341602 ], [ -80.984894, 35.340059 ], [ -80.985302, 35.337217 ], [ -80.984667, 35.33634 ], [ -80.982994, 35.335078 ], [ -80.981805, 35.333168 ], [ -80.980804, 35.32979 ], [ -80.981687, 35.327216 ], [ -80.982655, 35.325824 ], [ -80.983622, 35.324811 ], [ -80.985748, 35.322923 ], [ -80.989183, 35.320706 ], [ -80.992147, 35.316354 ], [ -80.993365, 35.313244 ], [ -80.995387, 35.309472 ], [ -81.000873, 35.305379 ], [ -81.001828, 35.301235 ], [ -81.003854, 35.297929 ], [ -81.00407, 35.297291 ], [ -81.004204, 35.296714 ], [ -81.007059, 35.289573 ], [ -81.007941, 35.284164 ], [ -81.009332, 35.280367 ], [ -81.01103, 35.278244 ], [ -81.012618, 35.278717 ], [ -81.014852, 35.279083 ], [ -81.01663, 35.280657 ], [ -81.018816, 35.283178 ], [ -81.020781, 35.282793 ], [ -81.023353, 35.284886 ], [ -81.027459, 35.287175 ], [ -81.031189, 35.285786 ], [ -81.033536, 35.28716 ], [ -81.034997, 35.287755 ], [ -81.036926, 35.288472 ], [ -81.040474, 35.287057 ], [ -81.044038, 35.289745 ], [ -81.046461, 35.288858 ], [ -81.051563, 35.291301 ], [ -81.055318, 35.290796 ], [ -81.060492, 35.291428 ], [ -81.065027, 35.289603 ], [ -81.06843, 35.289614 ], [ -81.097753, 35.29555 ], [ -81.098013, 35.297943 ], [ -81.095156, 35.301455 ], [ -81.100486, 35.308519 ], [ -81.10044, 35.30855 ], [ -81.101347, 35.308781 ], [ -81.10479, 35.308697 ], [ -81.107223, 35.308521 ], [ -81.109993, 35.309241 ], [ -81.112155, 35.309224 ], [ -81.113515, 35.30964 ], [ -81.114653, 35.310648 ], [ -81.114749, 35.311192 ], [ -81.115373, 35.310806 ], [ -81.117535, 35.308083 ], [ -81.118292, 35.307154 ], [ -81.120442, 35.308064 ], [ -81.118448, 35.315177 ] ] ] ] } },
{ "type": "Feature", "properties": { "county_subdivision": "South Point", "geoid": "3707193048" }, "geometry": { "type": "MultiPolygon", "coordinates": [ [ [ [ -81.180189, 35.158397 ], [ -81.176114, 35.165999 ], [ -81.165447, 35.185907 ], [ -81.160243, 35.195709 ], [ -81.157587, 35.199305 ], [ -81.156901, 35.198999 ], [ -81.156507, 35.198815 ], [ -81.152805, 35.197121 ], [ -81.151087, 35.194611 ], [ -81.150964, 35.194124 ], [ -81.151895, 35.191067 ], [ -81.149542, 35.187307 ], [ -81.149346, 35.187173 ], [ -81.145881, 35.185721 ], [ -81.144501, 35.185117 ], [ -81.143454, 35.184328 ], [ -81.143056, 35.18416 ], [ -81.14227, 35.183969 ], [ -81.140252, 35.183574 ], [ -81.139289, 35.183382 ], [ -81.137246, 35.18687 ], [ -81.13365, 35.190171 ], [ -81.131116, 35.191549 ], [ -81.126408, 35.196099 ], [ -81.124669, 35.19703 ], [ -81.123333, 35.199298 ], [ -81.121527, 35.200725 ], [ -81.120804, 35.201098 ], [ -81.114863, 35.204004 ], [ -81.1121, 35.205338 ], [ -81.11102, 35.205504 ], [ -81.110791, 35.205594 ], [ -81.109532, 35.206305 ], [ -81.10785, 35.207664 ], [ -81.107534, 35.208785 ], [ -81.107109, 35.210865 ], [ -81.104, 35.215299 ], [ -81.10218, 35.216495 ], [ -81.100567, 35.220065 ], [ -81.101116, 35.222821 ], [ -81.101096, 35.222962 ], [ -81.099887, 35.226689 ], [ -81.097667, 35.229791 ], [ -81.097885, 35.23175 ], [ -81.098734, 35.233149 ], [ -81.100105, 35.236354 ], [ -81.100259, 35.237237 ], [ -81.098856, 35.241796 ], [ -81.098329, 35.242804 ], [ -81.097246, 35.245013 ], [ -81.097862, 35.247675 ], [ -81.099231, 35.246215 ], [ -81.099425, 35.246199 ], [ -81.100008, 35.246347 ], [ -81.10033, 35.246347 ], [ -81.100591, 35.246439 ], [ -81.101047, 35.2465 ], [ -81.101335, 35.246714 ], [ -81.101557, 35.246698 ], [ -81.101898, 35.246693 ], [ -81.102004, 35.247083 ], [ -81.102287, 35.247324 ], [ -81.104806, 35.247729 ], [ -81.10974, 35.251991 ], [ -81.10865, 35.252661 ], [ -81.108853, 35.253165 ], [ -81.108182, 35.256729 ], [ -81.108194, 35.257207 ], [ -81.11147, 35.258806 ], [ -81.114875, 35.261763 ], [ -81.11935, 35.264843 ], [ -81.111929, 35.27184 ], [ -81.12184, 35.276372 ], [ -81.121387, 35.277436 ], [ -81.11943, 35.276911 ], [ -81.116023, 35.275996 ], [ -81.114517, 35.275591 ], [ -81.113423, 35.275297 ], [ -81.109801, 35.274325 ], [ -81.107196, 35.277216 ], [ -81.105651, 35.278852 ], [ -81.107849, 35.281283 ], [ -81.106282, 35.282704 ], [ -81.104874, 35.283961 ], [ -81.102586, 35.282476 ], [ -81.101774, 35.285611 ], [ -81.105508, 35.288364 ], [ -81.105225, 35.289307 ], [ -81.097656, 35.292612 ], [ -81.097753, 35.29555 ], [ -81.06843, 35.289614 ], [ -81.065027, 35.289603 ], [ -81.060492, 35.291428 ], [ -81.055318, 35.290796 ], [ -81.051563, 35.291301 ], [ -81.046461, 35.288858 ], [ -81.044038, 35.289745 ], [ -81.040474, 35.287057 ], [ -81.036926, 35.288472 ], [ -81.034997, 35.287755 ], [ -81.033536, 35.28716 ], [ -81.031189, 35.285786 ], [ -81.027459, 35.287175 ], [ -81.023353, 35.284886 ], [ -81.020781, 35.282793 ], [ -81.018816, 35.283178 ], [ -81.01663, 35.280657 ], [ -81.014852, 35.279083 ], [ -81.012618, 35.278717 ], [ -81.01103, 35.278244 ], [ -81.013002, 35.274657 ], [ -81.014896, 35.26979 ], [ -81.01505, 35.268655 ], [ -81.014111, 35.258513 ], [ -81.013825, 35.257685 ], [ -81.011206, 35.2523 ], [ -81.008868, 35.250706 ], [ -81.008301, 35.248748 ], [ -81.008268, 35.248056 ], [ -81.009142, 35.245772 ], [ -81.010207, 35.243198 ], [ -81.010815, 35.235964 ], [ -81.012459, 35.231474 ], [ -81.013943, 35.225777 ], [ -81.014266, 35.22434 ], [ -81.014127, 35.22196 ], [ -81.010099, 35.214554 ], [ -81.007275, 35.211732 ], [ -81.006295, 35.210285 ], [ -81.005268, 35.207686 ], [ -81.006273, 35.198349 ], [ -81.00614, 35.195082 ], [ -81.0039, 35.187033 ], [ -81.002967, 35.184764 ], [ -81.002387, 35.180817 ], [ -81.003185, 35.173182 ], [ -81.003915, 35.170407 ], [ -81.007306, 35.165175 ], [ -81.007188, 35.164653 ], [ -81.005836, 35.160877 ], [ -81.005806, 35.157023 ], [ -81.007467, 35.154506 ], [ -81.00951, 35.153126 ], [ -81.011598, 35.152738 ], [ -81.016227, 35.154338 ], [ -81.017112, 35.154318 ], [ -81.021558, 35.150378 ], [ -81.024721, 35.148877 ], [ -81.031371, 35.148443 ], [ -81.033195, 35.148685 ], [ -81.04287, 35.149248 ], [ -81.043625, 35.149877 ], [ -81.046345615509594, 35.150052560118198 ], [ -81.056207991632405, 35.1506889748972 ], [ -81.056761720449302, 35.150724706773403 ], [ -81.058693875469601, 35.1508493878842 ], [ -81.077253, 35.152047 ], [ -81.092784381535395, 35.153049399881901 ], [ -81.093027850863194, 35.1530651134631 ], [ -81.109295, 35.154115 ], [ -81.11084, 35.154185 ], [ -81.114515999901499, 35.154350485141897 ], [ -81.129808180834999, 35.1550389042931 ], [ -81.138207, 35.155417 ], [ -81.163922328868907, 35.156575513051301 ], [ -81.180558604049097, 35.157325001499203 ], [ -81.180189, 35.158397 ] ] ] ] } },
{ "type": "Feature", "properties": { "county_subdivision": "3, Steele Creek", "geoid": "3711993392" }, "geometry": { "type": "MultiPolygon", "coordinates": [ [ [ [ -80.952631, 35.162662 ], [ -80.951878, 35.162264 ], [ -80.950211, 35.160986 ], [ -80.948397, 35.157128 ], [ -80.946359, 35.154885 ], [ -80.948801, 35.153975 ], [ -80.948987, 35.157404 ], [ -80.952484, 35.162282 ], [ -80.952631, 35.162662 ] ] ], [ [ [ -81.058029, 35.07319 ], [ -81.057681738575496, 35.078856097819802 ], [ -81.057236, 35.086129 ], [ -81.056712681901004, 35.087158489870298 ], [ -81.052078, 35.096276 ], [ -81.050079, 35.098817 ], [ -81.046524, 35.100617 ], [ -81.040184404379403, 35.101949319166998 ], [ -81.040170245980505, 35.101952294673197 ], [ -81.037369, 35.102541 ], [ -81.034958, 35.104105 ], [ -81.032806, 35.108049 ], [ -81.032471, 35.110033 ], [ -81.033005, 35.113747 ], [ -81.036759, 35.122552 ], [ -81.038968, 35.126299 ], [ -81.05042, 35.131048 ], [ -81.051037, 35.131654 ], [ -81.051204, 35.133237 ], [ -81.047826, 35.143743 ], [ -81.047091, 35.145157 ], [ -81.044391, 35.147918 ], [ -81.043407, 35.14839 ], [ -81.04287, 35.149248 ], [ -81.033195, 35.148685 ], [ -81.031371, 35.148443 ], [ -81.024721, 35.148877 ], [ -81.021558, 35.150378 ], [ -81.017112, 35.154318 ], [ -81.016227, 35.154338 ], [ -81.011598, 35.152738 ], [ -81.00951, 35.153126 ], [ -81.007467, 35.154506 ], [ -81.005806, 35.157023 ], [ -81.005836, 35.160877 ], [ -81.007188, 35.164653 ], [ -81.007306, 35.165175 ], [ -81.003915, 35.170407 ], [ -81.003185, 35.173182 ], [ -81.002387, 35.180817 ], [ -81.002967, 35.184764 ], [ -81.000297, 35.184848 ], [ -80.990896, 35.184012 ], [ -80.97674, 35.182742 ], [ -80.97703, 35.180811 ], [ -80.978471, 35.180248 ], [ -80.97859, 35.177996 ], [ -80.984176, 35.174561 ], [ -80.983552, 35.172677 ], [ -80.985735, 35.172632 ], [ -80.987305, 35.169971 ], [ -80.986905, 35.170107 ], [ -80.985241, 35.17011 ], [ -80.984606, 35.168181 ], [ -80.980487, 35.167129 ], [ -80.976496, 35.170099 ], [ -80.977145, 35.172613 ], [ -80.977698, 35.172775 ], [ -80.976638, 35.174517 ], [ -80.972078, 35.175348 ], [ -80.969988, 35.175383 ], [ -80.970142, 35.182151 ], [ -80.956613, 35.180937 ], [ -80.956968, 35.179207 ], [ -80.959213, 35.173124 ], [ -80.957161, 35.17243 ], [ -80.95563, 35.173511 ], [ -80.955279, 35.175447 ], [ -80.953171, 35.176396 ], [ -80.948792, 35.176732 ], [ -80.94674, 35.177537 ], [ -80.940008, 35.175191 ], [ -80.941919, 35.172773 ], [ -80.940581, 35.173253 ], [ -80.940412, 35.171536 ], [ -80.939461, 35.170665 ], [ -80.940429, 35.169125 ], [ -80.939932, 35.167644 ], [ -80.935575, 35.169045 ], [ -80.939051, 35.166238 ], [ -80.937141, 35.164773 ], [ -80.934379, 35.163663 ], [ -80.933698, 35.161329 ], [ -80.934776, 35.16093 ], [ -80.943685, 35.161403 ], [ -80.945016, 35.162813 ], [ -80.953621, 35.165449 ], [ -80.952631, 35.162662 ], [ -80.960393, 35.164686 ], [ -80.9617, 35.165427 ], [ -80.963539, 35.167661 ], [ -80.964332, 35.168113 ], [ -80.96563, 35.166761 ], [ -80.966979, 35.165399 ], [ -80.96792, 35.165891 ], [ -80.969655, 35.172005 ], [ -80.973189, 35.171729 ], [ -80.974511, 35.171341 ], [ -80.973639, 35.169292 ], [ -80.973713, 35.166255 ], [ -80.972304, 35.16392 ], [ -80.974025, 35.164818 ], [ -80.974983, 35.164282 ], [ -80.974461, 35.16491 ], [ -80.976454, 35.16635 ], [ -80.978457, 35.165615 ], [ -80.981096, 35.16567 ], [ -80.982275, 35.164908 ], [ -80.985702, 35.165836 ], [ -80.987248, 35.165065 ], [ -80.988749, 35.168087 ], [ -80.988971, 35.168459 ], [ -80.990389, 35.168647 ], [ -80.991258, 35.168498 ], [ -80.991542, 35.168125 ], [ -80.992536, 35.167751 ], [ -80.993304, 35.167841 ], [ -80.993506, 35.168232 ], [ -80.99453, 35.167989 ], [ -80.996481, 35.169436 ], [ -80.999847, 35.162744 ], [ -81.004292, 35.164117 ], [ -81.005746, 35.163395 ], [ -81.004954, 35.160805 ], [ -81.004889, 35.1578 ], [ -81.003283, 35.157486 ], [ -81.005304, 35.156984 ], [ -81.006465, 35.155042 ], [ -81.00871, 35.153143 ], [ -81.009491, 35.151334 ], [ -81.007455, 35.150702 ], [ -81.004543, 35.15201 ], [ -81.003848, 35.154217 ], [ -81.002569, 35.155133 ], [ -80.997938, 35.155823 ], [ -81.000716, 35.15457 ], [ -81.002702, 35.154413 ], [ -81.00253, 35.151962 ], [ -81.00497, 35.150047 ], [ -81.003301, 35.149511 ], [ -81.001313, 35.146645 ], [ -81.001923, 35.146007 ], [ -81.002073, 35.145849 ], [ -81.002127, 35.144925 ], [ -80.998683, 35.141212 ], [ -80.995096, 35.13948 ], [ -80.997414, 35.140175 ], [ -80.998615, 35.138279 ], [ -81.001626, 35.141526 ], [ -81.002492, 35.141508 ], [ -81.00491, 35.139517 ], [ -81.006674, 35.135307 ], [ -81.007658, 35.13581 ], [ -81.009191, 35.134731 ], [ -81.007473, 35.13312 ], [ -81.007218, 35.130022 ], [ -81.004859, 35.126181 ], [ -81.001897, 35.123095 ], [ -80.999738, 35.127154 ], [ -80.999829, 35.128451 ], [ -80.997275, 35.126173 ], [ -80.996362, 35.122531 ], [ -80.995024, 35.119946 ], [ -80.995311, 35.120099 ], [ -80.997211, 35.118238 ], [ -80.998987, 35.119198 ], [ -80.997104, 35.121061 ], [ -80.9987, 35.121686 ], [ -81.00497, 35.122304 ], [ -81.007858, 35.121993 ], [ -81.006247, 35.117222 ], [ -81.005666, 35.116711 ], [ -81.001077, 35.117606 ], [ -80.999837, 35.116278 ], [ -81.004742, 35.115092 ], [ -81.004518, 35.113675 ], [ -80.998857, 35.114793 ], [ -80.992945, 35.110805 ], [ -80.991163, 35.113227 ], [ -80.987531, 35.111278 ], [ -80.987779, 35.109906 ], [ -80.990508, 35.11058 ], [ -80.994292, 35.108254 ], [ -80.995852, 35.109527 ], [ -80.996666, 35.110191 ], [ -81.005412, 35.106879 ], [ -81.007648, 35.10505 ], [ -81.008337, 35.10581 ], [ -81.007573, 35.099675 ], [ -81.00516, 35.094576 ], [ -81.005516, 35.094315 ], [ -81.006275, 35.092227 ], [ -81.007554, 35.088819 ], [ -81.006565, 35.087259 ], [ -81.004297, 35.089417 ], [ -80.998708, 35.085967 ], [ -80.996374, 35.085356 ], [ -80.992355, 35.086437 ], [ -80.990776, 35.081669 ], [ -80.99572, 35.08131 ], [ -80.995538, 35.078833 ], [ -80.990101, 35.079621 ], [ -80.989013, 35.075875 ], [ -80.989035753456406, 35.074772876461402 ], [ -80.989172083118703, 35.074694722746003 ], [ -81.013072749191593, 35.060993186167899 ], [ -81.016242825699507, 35.059175876177598 ], [ -81.018960084042703, 35.057618153289603 ], [ -81.041489, 35.044703 ], [ -81.041496788973006, 35.0447126282263 ], [ -81.050018, 35.055246 ], [ -81.055695, 35.060121 ], [ -81.057420222818195, 35.0621633528703 ], [ -81.057648, 35.062433 ], [ -81.057811732149602, 35.067055747332098 ], [ -81.058029, 35.07319 ] ] ] ] } },
{ "type": "Feature", "properties": { "county_subdivision": "Catawba Springs", "geoid": "3710990560" }, "geometry": { "type": "MultiPolygon", "coordinates": [ [ [ [ -81.084037, 35.406424 ], [ -81.083369, 35.430436 ], [ -81.083317, 35.431808 ], [ -81.082781, 35.447476 ], [ -81.082603, 35.452816 ], [ -81.082264, 35.462786 ], [ -81.081193, 35.526718 ], [ -81.081331, 35.549204 ], [ -81.081331, 35.5514 ], [ -81.074968, 35.551277 ], [ -81.058488, 35.550507 ], [ -81.050489, 35.550085 ], [ -81.022051, 35.548899 ], [ -81.015562, 35.548639 ], [ -80.971734, 35.547298 ], [ -80.960025, 35.54702 ], [ -80.958802, 35.544612 ], [ -80.952409, 35.540834 ], [ -80.940838, 35.531499 ], [ -80.939734, 35.528631 ], [ -80.94221, 35.526263 ], [ -80.944779, 35.526006 ], [ -80.949404, 35.528448 ], [ -80.953335, 35.531929 ], [ -80.955508, 35.532502 ], [ -80.95775, 35.523658 ], [ -80.956267, 35.518255 ], [ -80.95598, 35.515072 ], [ -80.956545, 35.513896 ], [ -80.962814, 35.507802 ], [ -80.963521, 35.505961 ], [ -80.962142, 35.498656 ], [ -80.961292, 35.497049 ], [ -80.957888, 35.494645 ], [ -80.948723, 35.491669 ], [ -80.948278, 35.491298 ], [ -80.947878, 35.49045 ], [ -80.947344, 35.488473 ], [ -80.947026, 35.487513 ], [ -80.94628, 35.485986 ], [ -80.945325, 35.483617 ], [ -80.945485, 35.483227 ], [ -80.947861, 35.480698 ], [ -80.949219, 35.475493 ], [ -80.950452, 35.473088 ], [ -80.951772, 35.468912 ], [ -80.951515, 35.467143 ], [ -80.950618, 35.465289 ], [ -80.944009, 35.460138 ], [ -80.943007, 35.458984 ], [ -80.942489, 35.457728 ], [ -80.943086, 35.452916 ], [ -80.946226, 35.449624 ], [ -80.949015, 35.448475 ], [ -80.95038, 35.447302 ], [ -80.95211, 35.444744 ], [ -80.953358, 35.440714 ], [ -80.95603, 35.438075 ], [ -80.956988, 35.436613 ], [ -80.958691, 35.432634 ], [ -80.958636, 35.431697 ], [ -80.956518, 35.427503 ], [ -80.955741, 35.425236 ], [ -80.955142, 35.42116 ], [ -80.95559, 35.418923 ], [ -80.957987, 35.414834 ], [ -80.958717, 35.411501 ], [ -80.95698, 35.403886 ], [ -80.956414, 35.402668 ], [ -80.955708, 35.401623 ], [ -80.95486, 35.400078 ], [ -80.974195, 35.40134 ], [ -80.998269, 35.402812 ], [ -81.011385, 35.403599 ], [ -81.030675, 35.404402 ], [ -81.054614, 35.405248 ], [ -81.070224, 35.405795 ], [ -81.083826, 35.406272 ], [ -81.084037, 35.406424 ] ] ] ] } },
{ "type": "Feature", "properties": { "county_subdivision": "North Brook", "geoid": "3710992300" }, "geometry": { "type": "MultiPolygon", "coordinates": [ [ [ [ -81.535403, 35.568137 ], [ -81.472231, 35.566132 ], [ -81.438558, 35.56483 ], [ -81.436799, 35.562656 ], [ -81.434988, 35.559366 ], [ -81.433234, 35.557752 ], [ -81.432847, 35.553999 ], [ -81.42989, 35.551295 ], [ -81.429368, 35.549784 ], [ -81.427438, 35.548337 ], [ -81.425839, 35.5479 ], [ -81.423438, 35.548409 ], [ -81.420604, 35.544908 ], [ -81.415482, 35.539411 ], [ -81.414149, 35.535352 ], [ -81.414002, 35.533588 ], [ -81.412945, 35.531663 ], [ -81.416279, 35.52782 ], [ -81.417231, 35.524739 ], [ -81.416803, 35.524352 ], [ -81.413427, 35.524648 ], [ -81.412803, 35.524227 ], [ -81.412685, 35.521029 ], [ -81.410635, 35.517837 ], [ -81.40907, 35.513456 ], [ -81.408871, 35.509374 ], [ -81.409704, 35.508897 ], [ -81.409565, 35.508595 ], [ -81.409575, 35.508316 ], [ -81.408294, 35.501261 ], [ -81.404044, 35.498099 ], [ -81.402595, 35.492676 ], [ -81.400977, 35.490385 ], [ -81.3992, 35.488882 ], [ -81.398401, 35.487383 ], [ -81.396982, 35.480078 ], [ -81.395569, 35.476271 ], [ -81.395437, 35.472348 ], [ -81.397214, 35.471386 ], [ -81.398963, 35.467907 ], [ -81.398149, 35.46447 ], [ -81.396794, 35.460959 ], [ -81.39452, 35.462263 ], [ -81.392954, 35.462277 ], [ -81.393396, 35.45934 ], [ -81.392819, 35.457003 ], [ -81.391578, 35.457201 ], [ -81.390896, 35.45571 ], [ -81.39148, 35.453185 ], [ -81.3931, 35.452174 ], [ -81.392741, 35.44912 ], [ -81.390978, 35.445162 ], [ -81.389259, 35.443619 ], [ -81.384595, 35.447158 ], [ -81.384338, 35.444877 ], [ -81.380721, 35.443861 ], [ -81.380998, 35.441122 ], [ -81.37861, 35.441577 ], [ -81.376893, 35.440456 ], [ -81.376333, 35.434875 ], [ -81.374991, 35.432115 ], [ -81.376351, 35.430938 ], [ -81.373158, 35.42908 ], [ -81.371843, 35.427383 ], [ -81.371227, 35.423645 ], [ -81.369344, 35.421834 ], [ -81.365051, 35.418301 ], [ -81.36112, 35.416542 ], [ -81.364072, 35.416651 ], [ -81.409853, 35.41822 ], [ -81.4556, 35.419811 ], [ -81.458803, 35.423681 ], [ -81.465148, 35.438215 ], [ -81.466612, 35.4398 ], [ -81.466917, 35.442208 ], [ -81.475464, 35.460167 ], [ -81.481383, 35.471503 ], [ -81.48666, 35.479339 ], [ -81.49167, 35.486823 ], [ -81.495244, 35.494098 ], [ -81.500691, 35.502381 ], [ -81.506029, 35.511379 ], [ -81.513004, 35.523317 ], [ -81.510619, 35.529643 ], [ -81.509455, 35.536266 ], [ -81.509111, 35.540023 ], [ -81.509218, 35.550352 ], [ -81.515421, 35.558297 ], [ -81.537599, 35.564228 ], [ -81.535403, 35.568137 ] ] ] ] } },
{ "type": "Feature", "properties": { "county_subdivision": "Cherryville", "geoid": "3707190644" }, "geometry": { "type": "MultiPolygon", "coordinates": [ [ [ [ -81.4556, 35.419811 ], [ -81.409853, 35.41822 ], [ -81.364072, 35.416651 ], [ -81.36112, 35.416542 ], [ -81.343502, 35.415888 ], [ -81.319498, 35.414994 ], [ -81.31861, 35.414961 ], [ -81.300004, 35.414263 ], [ -81.289708, 35.413877 ], [ -81.241251, 35.411925 ], [ -81.240916, 35.411909 ], [ -81.233543, 35.410905 ], [ -81.217976, 35.410963 ], [ -81.214383, 35.410842 ], [ -81.217741, 35.40518 ], [ -81.223561, 35.395297 ], [ -81.22785, 35.388108 ], [ -81.228434, 35.387151 ], [ -81.240331, 35.367511 ], [ -81.248893, 35.353263 ], [ -81.256185, 35.34144 ], [ -81.260443, 35.334656 ], [ -81.26731, 35.323987 ], [ -81.271616, 35.316298 ], [ -81.273816, 35.317208 ], [ -81.277411, 35.31738 ], [ -81.27635, 35.321409 ], [ -81.278066, 35.323009 ], [ -81.282117, 35.323455 ], [ -81.283579, 35.323191 ], [ -81.285088, 35.321911 ], [ -81.287603, 35.320862 ], [ -81.287966, 35.319476 ], [ -81.291085, 35.317229 ], [ -81.293935, 35.317586 ], [ -81.294586, 35.317246 ], [ -81.294802, 35.312881 ], [ -81.295721, 35.31204 ], [ -81.300261, 35.311375 ], [ -81.301857, 35.309694 ], [ -81.302548, 35.307996 ], [ -81.303091, 35.306352 ], [ -81.305709, 35.304103 ], [ -81.306156, 35.303752 ], [ -81.307027, 35.303482 ], [ -81.308382, 35.303274 ], [ -81.309062, 35.303121 ], [ -81.314155, 35.30113 ], [ -81.317078, 35.301086 ], [ -81.320324, 35.302976 ], [ -81.325521, 35.304361 ], [ -81.326547, 35.306147 ], [ -81.327814, 35.306917 ], [ -81.328974, 35.306125 ], [ -81.33226, 35.306514 ], [ -81.333266, 35.307592 ], [ -81.337967, 35.307981 ], [ -81.342319, 35.306809 ], [ -81.345531, 35.30794 ], [ -81.347207, 35.307923 ], [ -81.35019, 35.309198 ], [ -81.352873, 35.309079 ], [ -81.356499, 35.310441 ], [ -81.359262, 35.311857 ], [ -81.364925, 35.311225 ], [ -81.3666, 35.314857 ], [ -81.365131, 35.320182 ], [ -81.363631, 35.323695 ], [ -81.356682, 35.330604 ], [ -81.366023, 35.336129 ], [ -81.372054, 35.339698 ], [ -81.382832, 35.346075 ], [ -81.388134, 35.348401 ], [ -81.398924, 35.353138 ], [ -81.411094, 35.367357 ], [ -81.455323, 35.418897 ], [ -81.4556, 35.419811 ] ] ] ] } },
{ "type": "Feature", "properties": { "county_subdivision": "Gastonia", "geoid": "3707191216" }, "geometry": { "type": "MultiPolygon", "coordinates": [ [ [ [ -81.269446089341201, 35.161149785540701 ], [ -81.264907, 35.17373 ], [ -81.260041, 35.187252 ], [ -81.255126, 35.200558 ], [ -81.247858, 35.220365 ], [ -81.244121, 35.230786 ], [ -81.243274, 35.234089 ], [ -81.243052, 35.234981 ], [ -81.241672, 35.253517 ], [ -81.241392, 35.256922 ], [ -81.240276, 35.272503 ], [ -81.240267, 35.27276 ], [ -81.239931, 35.273735 ], [ -81.239145, 35.277791 ], [ -81.238549, 35.280679 ], [ -81.238282, 35.281881 ], [ -81.239175, 35.282921 ], [ -81.239465, 35.284065 ], [ -81.240688, 35.286328 ], [ -81.244068, 35.287862 ], [ -81.243727, 35.288036 ], [ -81.24368, 35.288428 ], [ -81.238035, 35.29433 ], [ -81.236969, 35.300032 ], [ -81.236201, 35.301847 ], [ -81.232634, 35.305356 ], [ -81.232446, 35.304545 ], [ -81.231355, 35.303955 ], [ -81.227788, 35.304893 ], [ -81.222845, 35.303153 ], [ -81.222217, 35.302733 ], [ -81.221743, 35.30237 ], [ -81.220311, 35.30134 ], [ -81.217369, 35.301015 ], [ -81.214474, 35.299246 ], [ -81.212381, 35.295995 ], [ -81.209862, 35.295451 ], [ -81.208629, 35.295756 ], [ -81.204683, 35.298241 ], [ -81.202915, 35.297897 ], [ -81.201537, 35.296844 ], [ -81.197756, 35.295751 ], [ -81.194103, 35.295009 ], [ -81.191774, 35.296817 ], [ -81.189836, 35.296328 ], [ -81.188949, 35.29569 ], [ -81.187842, 35.295706 ], [ -81.18566, 35.29544 ], [ -81.185083, 35.293795 ], [ -81.184654, 35.292944 ], [ -81.181854, 35.292111 ], [ -81.181139, 35.292013 ], [ -81.180855, 35.290254 ], [ -81.178825, 35.287722 ], [ -81.177142, 35.287883 ], [ -81.173403, 35.290785 ], [ -81.171842, 35.292874 ], [ -81.1704, 35.293634 ], [ -81.168862, 35.294587 ], [ -81.165277, 35.297665 ], [ -81.164868, 35.297841 ], [ -81.162534, 35.298625 ], [ -81.159507, 35.299397 ], [ -81.156768, 35.299478 ], [ -81.154928, 35.302136 ], [ -81.152711, 35.303098 ], [ -81.1503, 35.302416 ], [ -81.149086, 35.301795 ], [ -81.147921, 35.302487 ], [ -81.14754, 35.304502 ], [ -81.146951, 35.304697 ], [ -81.142832, 35.307944 ], [ -81.140668, 35.307664 ], [ -81.139401, 35.307913 ], [ -81.13496, 35.307171 ], [ -81.129849, 35.306288 ], [ -81.127478, 35.308089 ], [ -81.121881, 35.306608 ], [ -81.120598, 35.308074 ], [ -81.120442, 35.308064 ], [ -81.118292, 35.307154 ], [ -81.117535, 35.308083 ], [ -81.115373, 35.310806 ], [ -81.114749, 35.311192 ], [ -81.114653, 35.310648 ], [ -81.113515, 35.30964 ], [ -81.112155, 35.309224 ], [ -81.109993, 35.309241 ], [ -81.107223, 35.308521 ], [ -81.10479, 35.308697 ], [ -81.101347, 35.308781 ], [ -81.10044, 35.30855 ], [ -81.100486, 35.308519 ], [ -81.095156, 35.301455 ], [ -81.098013, 35.297943 ], [ -81.097753, 35.29555 ], [ -81.097656, 35.292612 ], [ -81.105225, 35.289307 ], [ -81.105508, 35.288364 ], [ -81.101774, 35.285611 ], [ -81.102586, 35.282476 ], [ -81.104874, 35.283961 ], [ -81.106282, 35.282704 ], [ -81.107849, 35.281283 ], [ -81.105651, 35.278852 ], [ -81.107196, 35.277216 ], [ -81.109801, 35.274325 ], [ -81.113423, 35.275297 ], [ -81.114517, 35.275591 ], [ -81.116023, 35.275996 ], [ -81.11943, 35.276911 ], [ -81.121387, 35.277436 ], [ -81.12184, 35.276372 ], [ -81.111929, 35.27184 ], [ -81.11935, 35.264843 ], [ -81.114875, 35.261763 ], [ -81.11147, 35.258806 ], [ -81.108194, 35.257207 ], [ -81.108182, 35.256729 ], [ -81.108853, 35.253165 ], [ -81.10865, 35.252661 ], [ -81.10974, 35.251991 ], [ -81.104806, 35.247729 ], [ -81.102287, 35.247324 ], [ -81.102004, 35.247083 ], [ -81.101898, 35.246693 ], [ -81.101557, 35.246698 ], [ -81.101335, 35.246714 ], [ -81.101047, 35.2465 ], [ -81.100591, 35.246439 ], [ -81.10033, 35.246347 ], [ -81.100008, 35.246347 ], [ -81.099425, 35.246199 ], [ -81.099231, 35.246215 ], [ -81.097862, 35.247675 ], [ -81.097246, 35.245013 ], [ -81.098329, 35.242804 ], [ -81.098856, 35.241796 ], [ -81.100259, 35.237237 ], [ -81.100105, 35.236354 ], [ -81.098734, 35.233149 ], [ -81.097885, 35.23175 ], [ -81.097667, 35.229791 ], [ -81.099887, 35.226689 ], [ -81.101096, 35.222962 ], [ -81.101116, 35.222821 ], [ -81.100567, 35.220065 ], [ -81.10218, 35.216495 ], [ -81.104, 35.215299 ], [ -81.107109, 35.210865 ], [ -81.107534, 35.208785 ], [ -81.10785, 35.207664 ], [ -81.109532, 35.206305 ], [ -81.110791, 35.205594 ], [ -81.11102, 35.205504 ], [ -81.1121, 35.205338 ], [ -81.114863, 35.204004 ], [ -81.120804, 35.201098 ], [ -81.121527, 35.200725 ], [ -81.123333, 35.199298 ], [ -81.124669, 35.19703 ], [ -81.126408, 35.196099 ], [ -81.131116, 35.191549 ], [ -81.13365, 35.190171 ], [ -81.137246, 35.18687 ], [ -81.139289, 35.183382 ], [ -81.140252, 35.183574 ], [ -81.14227, 35.183969 ], [ -81.143056, 35.18416 ], [ -81.143454, 35.184328 ], [ -81.144501, 35.185117 ], [ -81.145881, 35.185721 ], [ -81.149346, 35.187173 ], [ -81.149542, 35.187307 ], [ -81.151895, 35.191067 ], [ -81.150964, 35.194124 ], [ -81.151087, 35.194611 ], [ -81.152805, 35.197121 ], [ -81.156507, 35.198815 ], [ -81.156901, 35.198999 ], [ -81.157587, 35.199305 ], [ -81.160243, 35.195709 ], [ -81.165447, 35.185907 ], [ -81.176114, 35.165999 ], [ -81.180189, 35.158397 ], [ -81.180558604049097, 35.157325001499203 ], [ -81.180722586584693, 35.157332389151499 ], [ -81.199031874435804, 35.158157249259098 ], [ -81.209815295007999, 35.1586430580751 ], [ -81.214945903757496, 35.158874199478298 ], [ -81.239358, 35.159974 ], [ -81.241686, 35.160081 ], [ -81.266531305627197, 35.161037564047099 ], [ -81.267519173572893, 35.161075597749502 ], [ -81.269028416786796, 35.161133704814901 ], [ -81.269199108935894, 35.161140276598502 ], [ -81.269446089341201, 35.161149785540701 ] ] ] ] } },
{ "type": "Feature", "properties": { "county_subdivision": "10, Lemley", "geoid": "3711993668" }, "geometry": { "type": "MultiPolygon", "coordinates": [ [ [ [ -80.957987, 35.414834 ], [ -80.95559, 35.418923 ], [ -80.955142, 35.42116 ], [ -80.955741, 35.425236 ], [ -80.956518, 35.427503 ], [ -80.958636, 35.431697 ], [ -80.958691, 35.432634 ], [ -80.956988, 35.436613 ], [ -80.95603, 35.438075 ], [ -80.953358, 35.440714 ], [ -80.95211, 35.444744 ], [ -80.95038, 35.447302 ], [ -80.949015, 35.448475 ], [ -80.946226, 35.449624 ], [ -80.943086, 35.452916 ], [ -80.942489, 35.457728 ], [ -80.943007, 35.458984 ], [ -80.944009, 35.460138 ], [ -80.950618, 35.465289 ], [ -80.951515, 35.467143 ], [ -80.951772, 35.468912 ], [ -80.950452, 35.473088 ], [ -80.949219, 35.475493 ], [ -80.947861, 35.480698 ], [ -80.945485, 35.483227 ], [ -80.945325, 35.483617 ], [ -80.94628, 35.485986 ], [ -80.947026, 35.487513 ], [ -80.947344, 35.488473 ], [ -80.945425, 35.48971 ], [ -80.918199, 35.507351 ], [ -80.917007, 35.508122 ], [ -80.908723, 35.513489 ], [ -80.906723, 35.514785 ], [ -80.874373, 35.512524 ], [ -80.874058, 35.499846 ], [ -80.873983, 35.496776 ], [ -80.873962, 35.495937 ], [ -80.873685, 35.488418 ], [ -80.873509, 35.483651 ], [ -80.873401, 35.479817 ], [ -80.873073, 35.476577 ], [ -80.872462, 35.473927 ], [ -80.872933, 35.470763 ], [ -80.873373, 35.470258 ], [ -80.873597, 35.469733 ], [ -80.874918, 35.467728 ], [ -80.875779, 35.467 ], [ -80.876389, 35.465839 ], [ -80.876387, 35.465812 ], [ -80.876441, 35.464423 ], [ -80.876374, 35.46363 ], [ -80.876842, 35.463512 ], [ -80.876325, 35.462632 ], [ -80.876331, 35.462125 ], [ -80.877163, 35.458788 ], [ -80.877216, 35.458568 ], [ -80.877586, 35.456717 ], [ -80.877969, 35.455838 ], [ -80.877566, 35.454508 ], [ -80.878134, 35.450174 ], [ -80.877734, 35.448547 ], [ -80.876034, 35.445071 ], [ -80.87769, 35.443101 ], [ -80.878374, 35.441922 ], [ -80.879426, 35.4407 ], [ -80.879892, 35.440283 ], [ -80.885228, 35.434281 ], [ -80.886028, 35.429507 ], [ -80.888769, 35.426312 ], [ -80.889031, 35.423576 ], [ -80.886262, 35.41983 ], [ -80.886186, 35.41787 ], [ -80.888153, 35.409321 ], [ -80.890868, 35.407014 ], [ -80.89349, 35.405492 ], [ -80.89565, 35.404949 ], [ -80.900536, 35.405361 ], [ -80.901859, 35.405048 ], [ -80.91296, 35.393669 ], [ -80.914094, 35.393023 ], [ -80.918381, 35.393166 ], [ -80.919485, 35.392778 ], [ -80.920093, 35.389971 ], [ -80.920941, 35.389583 ], [ -80.955245, 35.393177 ], [ -80.954362, 35.396185 ], [ -80.95486, 35.400078 ], [ -80.955708, 35.401623 ], [ -80.956414, 35.402668 ], [ -80.95698, 35.403886 ], [ -80.958717, 35.411501 ], [ -80.957987, 35.414834 ] ] ] ] } }
]
}
